<?xml version="1.0"?>
<VTKFile type="UnstructuredGrid"  version="0.1"  >
<UnstructuredGrid>
<Piece  NumberOfPoints="4225" NumberOfCells="8192">
<Points>
<DataArray  type="Float64"  NumberOfComponents="3"  format="ascii">0 0 0  0.015625 0 0  0.03125 0 0  0.046875 0 0  0.0625 0 0  0.078125 0 0  0.09375 0 0  0.109375 0 0  0.125 0 0  0.140625 0 0  0.15625 0 0  0.171875 0 0  0.1875 0 0  0.203125 0 0  0.21875 0 0  0.234375 0 0  0.25 0 0  0.265625 0 0  0.28125 0 0  0.296875 0 0  0.3125 0 0  0.328125 0 0  0.34375 0 0  0.359375 0 0  0.375 0 0  0.390625 0 0  0.40625 0 0  0.421875 0 0  0.4375 0 0  0.453125 0 0  0.46875 0 0  0.484375 0 0  0.5 0 0  0.515625 0 0  0.53125 0 0  0.546875 0 0  0.5625 0 0  0.578125 0 0  0.59375 0 0  0.609375 0 0  0.625 0 0  0.640625 0 0  0.65625 0 0  0.671875 0 0  0.6875 0 0  0.703125 0 0  0.71875 0 0  0.734375 0 0  0.75 0 0  0.765625 0 0  0.78125 0 0  0.796875 0 0  0.8125 0 0  0.828125 0 0  0.84375 0 0  0.859375 0 0  0.875 0 0  0.890625 0 0  0.90625 0 0  0.921875 0 0  0.9375 0 0  0.953125 0 0  0.96875 0 0  0.984375 0 0  1 0 0  0 0.015625 0  0.015625 0.015625 0  0.03125 0.015625 0  0.046875 0.015625 0  0.0625 0.015625 0  0.078125 0.015625 0  0.09375 0.015625 0  0.109375 0.015625 0  0.125 0.015625 0  0.140625 0.015625 0  0.15625 0.015625 0  0.171875 0.015625 0  0.1875 0.015625 0  0.203125 0.015625 0  0.21875 0.015625 0  0.234375 0.015625 0  0.25 0.015625 0  0.265625 0.015625 0  0.28125 0.015625 0  0.296875 0.015625 0  0.3125 0.015625 0  0.328125 0.015625 0  0.34375 0.015625 0  0.359375 0.015625 0  0.375 0.015625 0  0.390625 0.015625 0  0.40625 0.015625 0  0.421875 0.015625 0  0.4375 0.015625 0  0.453125 0.015625 0  0.46875 0.015625 0  0.484375 0.015625 0  0.5 0.015625 0  0.515625 0.015625 0  0.53125 0.015625 0  0.546875 0.015625 0  0.5625 0.015625 0  0.578125 0.015625 0  0.59375 0.015625 0  0.609375 0.015625 0  0.625 0.015625 0  0.640625 0.015625 0  0.65625 0.015625 0  0.671875 0.015625 0  0.6875 0.015625 0  0.703125 0.015625 0  0.71875 0.015625 0  0.734375 0.015625 0  0.75 0.015625 0  0.765625 0.015625 0  0.78125 0.015625 0  0.796875 0.015625 0  0.8125 0.015625 0  0.828125 0.015625 0  0.84375 0.015625 0  0.859375 0.015625 0  0.875 0.015625 0  0.890625 0.015625 0  0.90625 0.015625 0  0.921875 0.015625 0  0.9375 0.015625 0  0.953125 0.015625 0  0.96875 0.015625 0  0.984375 0.015625 0  1 0.015625 0  0 0.03125 0  0.015625 0.03125 0  0.03125 0.03125 0  0.046875 0.03125 0  0.0625 0.03125 0  0.078125 0.03125 0  0.09375 0.03125 0  0.109375 0.03125 0  0.125 0.03125 0  0.140625 0.03125 0  0.15625 0.03125 0  0.171875 0.03125 0  0.1875 0.03125 0  0.203125 0.03125 0  0.21875 0.03125 0  0.234375 0.03125 0  0.25 0.03125 0  0.265625 0.03125 0  0.28125 0.03125 0  0.296875 0.03125 0  0.3125 0.03125 0  0.328125 0.03125 0  0.34375 0.03125 0  0.359375 0.03125 0  0.375 0.03125 0  0.390625 0.03125 0  0.40625 0.03125 0  0.421875 0.03125 0  0.4375 0.03125 0  0.453125 0.03125 0  0.46875 0.03125 0  0.484375 0.03125 0  0.5 0.03125 0  0.515625 0.03125 0  0.53125 0.03125 0  0.546875 0.03125 0  0.5625 0.03125 0  0.578125 0.03125 0  0.59375 0.03125 0  0.609375 0.03125 0  0.625 0.03125 0  0.640625 0.03125 0  0.65625 0.03125 0  0.671875 0.03125 0  0.6875 0.03125 0  0.703125 0.03125 0  0.71875 0.03125 0  0.734375 0.03125 0  0.75 0.03125 0  0.765625 0.03125 0  0.78125 0.03125 0  0.796875 0.03125 0  0.8125 0.03125 0  0.828125 0.03125 0  0.84375 0.03125 0  0.859375 0.03125 0  0.875 0.03125 0  0.890625 0.03125 0  0.90625 0.03125 0  0.921875 0.03125 0  0.9375 0.03125 0  0.953125 0.03125 0  0.96875 0.03125 0  0.984375 0.03125 0  1 0.03125 0  0 0.046875 0  0.015625 0.046875 0  0.03125 0.046875 0  0.046875 0.046875 0  0.0625 0.046875 0  0.078125 0.046875 0  0.09375 0.046875 0  0.109375 0.046875 0  0.125 0.046875 0  0.140625 0.046875 0  0.15625 0.046875 0  0.171875 0.046875 0  0.1875 0.046875 0  0.203125 0.046875 0  0.21875 0.046875 0  0.234375 0.046875 0  0.25 0.046875 0  0.265625 0.046875 0  0.28125 0.046875 0  0.296875 0.046875 0  0.3125 0.046875 0  0.328125 0.046875 0  0.34375 0.046875 0  0.359375 0.046875 0  0.375 0.046875 0  0.390625 0.046875 0  0.40625 0.046875 0  0.421875 0.046875 0  0.4375 0.046875 0  0.453125 0.046875 0  0.46875 0.046875 0  0.484375 0.046875 0  0.5 0.046875 0  0.515625 0.046875 0  0.53125 0.046875 0  0.546875 0.046875 0  0.5625 0.046875 0  0.578125 0.046875 0  0.59375 0.046875 0  0.609375 0.046875 0  0.625 0.046875 0  0.640625 0.046875 0  0.65625 0.046875 0  0.671875 0.046875 0  0.6875 0.046875 0  0.703125 0.046875 0  0.71875 0.046875 0  0.734375 0.046875 0  0.75 0.046875 0  0.765625 0.046875 0  0.78125 0.046875 0  0.796875 0.046875 0  0.8125 0.046875 0  0.828125 0.046875 0  0.84375 0.046875 0  0.859375 0.046875 0  0.875 0.046875 0  0.890625 0.046875 0  0.90625 0.046875 0  0.921875 0.046875 0  0.9375 0.046875 0  0.953125 0.046875 0  0.96875 0.046875 0  0.984375 0.046875 0  1 0.046875 0  0 0.0625 0  0.015625 0.0625 0  0.03125 0.0625 0  0.046875 0.0625 0  0.0625 0.0625 0  0.078125 0.0625 0  0.09375 0.0625 0  0.109375 0.0625 0  0.125 0.0625 0  0.140625 0.0625 0  0.15625 0.0625 0  0.171875 0.0625 0  0.1875 0.0625 0  0.203125 0.0625 0  0.21875 0.0625 0  0.234375 0.0625 0  0.25 0.0625 0  0.265625 0.0625 0  0.28125 0.0625 0  0.296875 0.0625 0  0.3125 0.0625 0  0.328125 0.0625 0  0.34375 0.0625 0  0.359375 0.0625 0  0.375 0.0625 0  0.390625 0.0625 0  0.40625 0.0625 0  0.421875 0.0625 0  0.4375 0.0625 0  0.453125 0.0625 0  0.46875 0.0625 0  0.484375 0.0625 0  0.5 0.0625 0  0.515625 0.0625 0  0.53125 0.0625 0  0.546875 0.0625 0  0.5625 0.0625 0  0.578125 0.0625 0  0.59375 0.0625 0  0.609375 0.0625 0  0.625 0.0625 0  0.640625 0.0625 0  0.65625 0.0625 0  0.671875 0.0625 0  0.6875 0.0625 0  0.703125 0.0625 0  0.71875 0.0625 0  0.734375 0.0625 0  0.75 0.0625 0  0.765625 0.0625 0  0.78125 0.0625 0  0.796875 0.0625 0  0.8125 0.0625 0  0.828125 0.0625 0  0.84375 0.0625 0  0.859375 0.0625 0  0.875 0.0625 0  0.890625 0.0625 0  0.90625 0.0625 0  0.921875 0.0625 0  0.9375 0.0625 0  0.953125 0.0625 0  0.96875 0.0625 0  0.984375 0.0625 0  1 0.0625 0  0 0.078125 0  0.015625 0.078125 0  0.03125 0.078125 0  0.046875 0.078125 0  0.0625 0.078125 0  0.078125 0.078125 0  0.09375 0.078125 0  0.109375 0.078125 0  0.125 0.078125 0  0.140625 0.078125 0  0.15625 0.078125 0  0.171875 0.078125 0  0.1875 0.078125 0  0.203125 0.078125 0  0.21875 0.078125 0  0.234375 0.078125 0  0.25 0.078125 0  0.265625 0.078125 0  0.28125 0.078125 0  0.296875 0.078125 0  0.3125 0.078125 0  0.328125 0.078125 0  0.34375 0.078125 0  0.359375 0.078125 0  0.375 0.078125 0  0.390625 0.078125 0  0.40625 0.078125 0  0.421875 0.078125 0  0.4375 0.078125 0  0.453125 0.078125 0  0.46875 0.078125 0  0.484375 0.078125 0  0.5 0.078125 0  0.515625 0.078125 0  0.53125 0.078125 0  0.546875 0.078125 0  0.5625 0.078125 0  0.578125 0.078125 0  0.59375 0.078125 0  0.609375 0.078125 0  0.625 0.078125 0  0.640625 0.078125 0  0.65625 0.078125 0  0.671875 0.078125 0  0.6875 0.078125 0  0.703125 0.078125 0  0.71875 0.078125 0  0.734375 0.078125 0  0.75 0.078125 0  0.765625 0.078125 0  0.78125 0.078125 0  0.796875 0.078125 0  0.8125 0.078125 0  0.828125 0.078125 0  0.84375 0.078125 0  0.859375 0.078125 0  0.875 0.078125 0  0.890625 0.078125 0  0.90625 0.078125 0  0.921875 0.078125 0  0.9375 0.078125 0  0.953125 0.078125 0  0.96875 0.078125 0  0.984375 0.078125 0  1 0.078125 0  0 0.09375 0  0.015625 0.09375 0  0.03125 0.09375 0  0.046875 0.09375 0  0.0625 0.09375 0  0.078125 0.09375 0  0.09375 0.09375 0  0.109375 0.09375 0  0.125 0.09375 0  0.140625 0.09375 0  0.15625 0.09375 0  0.171875 0.09375 0  0.1875 0.09375 0  0.203125 0.09375 0  0.21875 0.09375 0  0.234375 0.09375 0  0.25 0.09375 0  0.265625 0.09375 0  0.28125 0.09375 0  0.296875 0.09375 0  0.3125 0.09375 0  0.328125 0.09375 0  0.34375 0.09375 0  0.359375 0.09375 0  0.375 0.09375 0  0.390625 0.09375 0  0.40625 0.09375 0  0.421875 0.09375 0  0.4375 0.09375 0  0.453125 0.09375 0  0.46875 0.09375 0  0.484375 0.09375 0  0.5 0.09375 0  0.515625 0.09375 0  0.53125 0.09375 0  0.546875 0.09375 0  0.5625 0.09375 0  0.578125 0.09375 0  0.59375 0.09375 0  0.609375 0.09375 0  0.625 0.09375 0  0.640625 0.09375 0  0.65625 0.09375 0  0.671875 0.09375 0  0.6875 0.09375 0  0.703125 0.09375 0  0.71875 0.09375 0  0.734375 0.09375 0  0.75 0.09375 0  0.765625 0.09375 0  0.78125 0.09375 0  0.796875 0.09375 0  0.8125 0.09375 0  0.828125 0.09375 0  0.84375 0.09375 0  0.859375 0.09375 0  0.875 0.09375 0  0.890625 0.09375 0  0.90625 0.09375 0  0.921875 0.09375 0  0.9375 0.09375 0  0.953125 0.09375 0  0.96875 0.09375 0  0.984375 0.09375 0  1 0.09375 0  0 0.109375 0  0.015625 0.109375 0  0.03125 0.109375 0  0.046875 0.109375 0  0.0625 0.109375 0  0.078125 0.109375 0  0.09375 0.109375 0  0.109375 0.109375 0  0.125 0.109375 0  0.140625 0.109375 0  0.15625 0.109375 0  0.171875 0.109375 0  0.1875 0.109375 0  0.203125 0.109375 0  0.21875 0.109375 0  0.234375 0.109375 0  0.25 0.109375 0  0.265625 0.109375 0  0.28125 0.109375 0  0.296875 0.109375 0  0.3125 0.109375 0  0.328125 0.109375 0  0.34375 0.109375 0  0.359375 0.109375 0  0.375 0.109375 0  0.390625 0.109375 0  0.40625 0.109375 0  0.421875 0.109375 0  0.4375 0.109375 0  0.453125 0.109375 0  0.46875 0.109375 0  0.484375 0.109375 0  0.5 0.109375 0  0.515625 0.109375 0  0.53125 0.109375 0  0.546875 0.109375 0  0.5625 0.109375 0  0.578125 0.109375 0  0.59375 0.109375 0  0.609375 0.109375 0  0.625 0.109375 0  0.640625 0.109375 0  0.65625 0.109375 0  0.671875 0.109375 0  0.6875 0.109375 0  0.703125 0.109375 0  0.71875 0.109375 0  0.734375 0.109375 0  0.75 0.109375 0  0.765625 0.109375 0  0.78125 0.109375 0  0.796875 0.109375 0  0.8125 0.109375 0  0.828125 0.109375 0  0.84375 0.109375 0  0.859375 0.109375 0  0.875 0.109375 0  0.890625 0.109375 0  0.90625 0.109375 0  0.921875 0.109375 0  0.9375 0.109375 0  0.953125 0.109375 0  0.96875 0.109375 0  0.984375 0.109375 0  1 0.109375 0  0 0.125 0  0.015625 0.125 0  0.03125 0.125 0  0.046875 0.125 0  0.0625 0.125 0  0.078125 0.125 0  0.09375 0.125 0  0.109375 0.125 0  0.125 0.125 0  0.140625 0.125 0  0.15625 0.125 0  0.171875 0.125 0  0.1875 0.125 0  0.203125 0.125 0  0.21875 0.125 0  0.234375 0.125 0  0.25 0.125 0  0.265625 0.125 0  0.28125 0.125 0  0.296875 0.125 0  0.3125 0.125 0  0.328125 0.125 0  0.34375 0.125 0  0.359375 0.125 0  0.375 0.125 0  0.390625 0.125 0  0.40625 0.125 0  0.421875 0.125 0  0.4375 0.125 0  0.453125 0.125 0  0.46875 0.125 0  0.484375 0.125 0  0.5 0.125 0  0.515625 0.125 0  0.53125 0.125 0  0.546875 0.125 0  0.5625 0.125 0  0.578125 0.125 0  0.59375 0.125 0  0.609375 0.125 0  0.625 0.125 0  0.640625 0.125 0  0.65625 0.125 0  0.671875 0.125 0  0.6875 0.125 0  0.703125 0.125 0  0.71875 0.125 0  0.734375 0.125 0  0.75 0.125 0  0.765625 0.125 0  0.78125 0.125 0  0.796875 0.125 0  0.8125 0.125 0  0.828125 0.125 0  0.84375 0.125 0  0.859375 0.125 0  0.875 0.125 0  0.890625 0.125 0  0.90625 0.125 0  0.921875 0.125 0  0.9375 0.125 0  0.953125 0.125 0  0.96875 0.125 0  0.984375 0.125 0  1 0.125 0  0 0.140625 0  0.015625 0.140625 0  0.03125 0.140625 0  0.046875 0.140625 0  0.0625 0.140625 0  0.078125 0.140625 0  0.09375 0.140625 0  0.109375 0.140625 0  0.125 0.140625 0  0.140625 0.140625 0  0.15625 0.140625 0  0.171875 0.140625 0  0.1875 0.140625 0  0.203125 0.140625 0  0.21875 0.140625 0  0.234375 0.140625 0  0.25 0.140625 0  0.265625 0.140625 0  0.28125 0.140625 0  0.296875 0.140625 0  0.3125 0.140625 0  0.328125 0.140625 0  0.34375 0.140625 0  0.359375 0.140625 0  0.375 0.140625 0  0.390625 0.140625 0  0.40625 0.140625 0  0.421875 0.140625 0  0.4375 0.140625 0  0.453125 0.140625 0  0.46875 0.140625 0  0.484375 0.140625 0  0.5 0.140625 0  0.515625 0.140625 0  0.53125 0.140625 0  0.546875 0.140625 0  0.5625 0.140625 0  0.578125 0.140625 0  0.59375 0.140625 0  0.609375 0.140625 0  0.625 0.140625 0  0.640625 0.140625 0  0.65625 0.140625 0  0.671875 0.140625 0  0.6875 0.140625 0  0.703125 0.140625 0  0.71875 0.140625 0  0.734375 0.140625 0  0.75 0.140625 0  0.765625 0.140625 0  0.78125 0.140625 0  0.796875 0.140625 0  0.8125 0.140625 0  0.828125 0.140625 0  0.84375 0.140625 0  0.859375 0.140625 0  0.875 0.140625 0  0.890625 0.140625 0  0.90625 0.140625 0  0.921875 0.140625 0  0.9375 0.140625 0  0.953125 0.140625 0  0.96875 0.140625 0  0.984375 0.140625 0  1 0.140625 0  0 0.15625 0  0.015625 0.15625 0  0.03125 0.15625 0  0.046875 0.15625 0  0.0625 0.15625 0  0.078125 0.15625 0  0.09375 0.15625 0  0.109375 0.15625 0  0.125 0.15625 0  0.140625 0.15625 0  0.15625 0.15625 0  0.171875 0.15625 0  0.1875 0.15625 0  0.203125 0.15625 0  0.21875 0.15625 0  0.234375 0.15625 0  0.25 0.15625 0  0.265625 0.15625 0  0.28125 0.15625 0  0.296875 0.15625 0  0.3125 0.15625 0  0.328125 0.15625 0  0.34375 0.15625 0  0.359375 0.15625 0  0.375 0.15625 0  0.390625 0.15625 0  0.40625 0.15625 0  0.421875 0.15625 0  0.4375 0.15625 0  0.453125 0.15625 0  0.46875 0.15625 0  0.484375 0.15625 0  0.5 0.15625 0  0.515625 0.15625 0  0.53125 0.15625 0  0.546875 0.15625 0  0.5625 0.15625 0  0.578125 0.15625 0  0.59375 0.15625 0  0.609375 0.15625 0  0.625 0.15625 0  0.640625 0.15625 0  0.65625 0.15625 0  0.671875 0.15625 0  0.6875 0.15625 0  0.703125 0.15625 0  0.71875 0.15625 0  0.734375 0.15625 0  0.75 0.15625 0  0.765625 0.15625 0  0.78125 0.15625 0  0.796875 0.15625 0  0.8125 0.15625 0  0.828125 0.15625 0  0.84375 0.15625 0  0.859375 0.15625 0  0.875 0.15625 0  0.890625 0.15625 0  0.90625 0.15625 0  0.921875 0.15625 0  0.9375 0.15625 0  0.953125 0.15625 0  0.96875 0.15625 0  0.984375 0.15625 0  1 0.15625 0  0 0.171875 0  0.015625 0.171875 0  0.03125 0.171875 0  0.046875 0.171875 0  0.0625 0.171875 0  0.078125 0.171875 0  0.09375 0.171875 0  0.109375 0.171875 0  0.125 0.171875 0  0.140625 0.171875 0  0.15625 0.171875 0  0.171875 0.171875 0  0.1875 0.171875 0  0.203125 0.171875 0  0.21875 0.171875 0  0.234375 0.171875 0  0.25 0.171875 0  0.265625 0.171875 0  0.28125 0.171875 0  0.296875 0.171875 0  0.3125 0.171875 0  0.328125 0.171875 0  0.34375 0.171875 0  0.359375 0.171875 0  0.375 0.171875 0  0.390625 0.171875 0  0.40625 0.171875 0  0.421875 0.171875 0  0.4375 0.171875 0  0.453125 0.171875 0  0.46875 0.171875 0  0.484375 0.171875 0  0.5 0.171875 0  0.515625 0.171875 0  0.53125 0.171875 0  0.546875 0.171875 0  0.5625 0.171875 0  0.578125 0.171875 0  0.59375 0.171875 0  0.609375 0.171875 0  0.625 0.171875 0  0.640625 0.171875 0  0.65625 0.171875 0  0.671875 0.171875 0  0.6875 0.171875 0  0.703125 0.171875 0  0.71875 0.171875 0  0.734375 0.171875 0  0.75 0.171875 0  0.765625 0.171875 0  0.78125 0.171875 0  0.796875 0.171875 0  0.8125 0.171875 0  0.828125 0.171875 0  0.84375 0.171875 0  0.859375 0.171875 0  0.875 0.171875 0  0.890625 0.171875 0  0.90625 0.171875 0  0.921875 0.171875 0  0.9375 0.171875 0  0.953125 0.171875 0  0.96875 0.171875 0  0.984375 0.171875 0  1 0.171875 0  0 0.1875 0  0.015625 0.1875 0  0.03125 0.1875 0  0.046875 0.1875 0  0.0625 0.1875 0  0.078125 0.1875 0  0.09375 0.1875 0  0.109375 0.1875 0  0.125 0.1875 0  0.140625 0.1875 0  0.15625 0.1875 0  0.171875 0.1875 0  0.1875 0.1875 0  0.203125 0.1875 0  0.21875 0.1875 0  0.234375 0.1875 0  0.25 0.1875 0  0.265625 0.1875 0  0.28125 0.1875 0  0.296875 0.1875 0  0.3125 0.1875 0  0.328125 0.1875 0  0.34375 0.1875 0  0.359375 0.1875 0  0.375 0.1875 0  0.390625 0.1875 0  0.40625 0.1875 0  0.421875 0.1875 0  0.4375 0.1875 0  0.453125 0.1875 0  0.46875 0.1875 0  0.484375 0.1875 0  0.5 0.1875 0  0.515625 0.1875 0  0.53125 0.1875 0  0.546875 0.1875 0  0.5625 0.1875 0  0.578125 0.1875 0  0.59375 0.1875 0  0.609375 0.1875 0  0.625 0.1875 0  0.640625 0.1875 0  0.65625 0.1875 0  0.671875 0.1875 0  0.6875 0.1875 0  0.703125 0.1875 0  0.71875 0.1875 0  0.734375 0.1875 0  0.75 0.1875 0  0.765625 0.1875 0  0.78125 0.1875 0  0.796875 0.1875 0  0.8125 0.1875 0  0.828125 0.1875 0  0.84375 0.1875 0  0.859375 0.1875 0  0.875 0.1875 0  0.890625 0.1875 0  0.90625 0.1875 0  0.921875 0.1875 0  0.9375 0.1875 0  0.953125 0.1875 0  0.96875 0.1875 0  0.984375 0.1875 0  1 0.1875 0  0 0.203125 0  0.015625 0.203125 0  0.03125 0.203125 0  0.046875 0.203125 0  0.0625 0.203125 0  0.078125 0.203125 0  0.09375 0.203125 0  0.109375 0.203125 0  0.125 0.203125 0  0.140625 0.203125 0  0.15625 0.203125 0  0.171875 0.203125 0  0.1875 0.203125 0  0.203125 0.203125 0  0.21875 0.203125 0  0.234375 0.203125 0  0.25 0.203125 0  0.265625 0.203125 0  0.28125 0.203125 0  0.296875 0.203125 0  0.3125 0.203125 0  0.328125 0.203125 0  0.34375 0.203125 0  0.359375 0.203125 0  0.375 0.203125 0  0.390625 0.203125 0  0.40625 0.203125 0  0.421875 0.203125 0  0.4375 0.203125 0  0.453125 0.203125 0  0.46875 0.203125 0  0.484375 0.203125 0  0.5 0.203125 0  0.515625 0.203125 0  0.53125 0.203125 0  0.546875 0.203125 0  0.5625 0.203125 0  0.578125 0.203125 0  0.59375 0.203125 0  0.609375 0.203125 0  0.625 0.203125 0  0.640625 0.203125 0  0.65625 0.203125 0  0.671875 0.203125 0  0.6875 0.203125 0  0.703125 0.203125 0  0.71875 0.203125 0  0.734375 0.203125 0  0.75 0.203125 0  0.765625 0.203125 0  0.78125 0.203125 0  0.796875 0.203125 0  0.8125 0.203125 0  0.828125 0.203125 0  0.84375 0.203125 0  0.859375 0.203125 0  0.875 0.203125 0  0.890625 0.203125 0  0.90625 0.203125 0  0.921875 0.203125 0  0.9375 0.203125 0  0.953125 0.203125 0  0.96875 0.203125 0  0.984375 0.203125 0  1 0.203125 0  0 0.21875 0  0.015625 0.21875 0  0.03125 0.21875 0  0.046875 0.21875 0  0.0625 0.21875 0  0.078125 0.21875 0  0.09375 0.21875 0  0.109375 0.21875 0  0.125 0.21875 0  0.140625 0.21875 0  0.15625 0.21875 0  0.171875 0.21875 0  0.1875 0.21875 0  0.203125 0.21875 0  0.21875 0.21875 0  0.234375 0.21875 0  0.25 0.21875 0  0.265625 0.21875 0  0.28125 0.21875 0  0.296875 0.21875 0  0.3125 0.21875 0  0.328125 0.21875 0  0.34375 0.21875 0  0.359375 0.21875 0  0.375 0.21875 0  0.390625 0.21875 0  0.40625 0.21875 0  0.421875 0.21875 0  0.4375 0.21875 0  0.453125 0.21875 0  0.46875 0.21875 0  0.484375 0.21875 0  0.5 0.21875 0  0.515625 0.21875 0  0.53125 0.21875 0  0.546875 0.21875 0  0.5625 0.21875 0  0.578125 0.21875 0  0.59375 0.21875 0  0.609375 0.21875 0  0.625 0.21875 0  0.640625 0.21875 0  0.65625 0.21875 0  0.671875 0.21875 0  0.6875 0.21875 0  0.703125 0.21875 0  0.71875 0.21875 0  0.734375 0.21875 0  0.75 0.21875 0  0.765625 0.21875 0  0.78125 0.21875 0  0.796875 0.21875 0  0.8125 0.21875 0  0.828125 0.21875 0  0.84375 0.21875 0  0.859375 0.21875 0  0.875 0.21875 0  0.890625 0.21875 0  0.90625 0.21875 0  0.921875 0.21875 0  0.9375 0.21875 0  0.953125 0.21875 0  0.96875 0.21875 0  0.984375 0.21875 0  1 0.21875 0  0 0.234375 0  0.015625 0.234375 0  0.03125 0.234375 0  0.046875 0.234375 0  0.0625 0.234375 0  0.078125 0.234375 0  0.09375 0.234375 0  0.109375 0.234375 0  0.125 0.234375 0  0.140625 0.234375 0  0.15625 0.234375 0  0.171875 0.234375 0  0.1875 0.234375 0  0.203125 0.234375 0  0.21875 0.234375 0  0.234375 0.234375 0  0.25 0.234375 0  0.265625 0.234375 0  0.28125 0.234375 0  0.296875 0.234375 0  0.3125 0.234375 0  0.328125 0.234375 0  0.34375 0.234375 0  0.359375 0.234375 0  0.375 0.234375 0  0.390625 0.234375 0  0.40625 0.234375 0  0.421875 0.234375 0  0.4375 0.234375 0  0.453125 0.234375 0  0.46875 0.234375 0  0.484375 0.234375 0  0.5 0.234375 0  0.515625 0.234375 0  0.53125 0.234375 0  0.546875 0.234375 0  0.5625 0.234375 0  0.578125 0.234375 0  0.59375 0.234375 0  0.609375 0.234375 0  0.625 0.234375 0  0.640625 0.234375 0  0.65625 0.234375 0  0.671875 0.234375 0  0.6875 0.234375 0  0.703125 0.234375 0  0.71875 0.234375 0  0.734375 0.234375 0  0.75 0.234375 0  0.765625 0.234375 0  0.78125 0.234375 0  0.796875 0.234375 0  0.8125 0.234375 0  0.828125 0.234375 0  0.84375 0.234375 0  0.859375 0.234375 0  0.875 0.234375 0  0.890625 0.234375 0  0.90625 0.234375 0  0.921875 0.234375 0  0.9375 0.234375 0  0.953125 0.234375 0  0.96875 0.234375 0  0.984375 0.234375 0  1 0.234375 0  0 0.25 0  0.015625 0.25 0  0.03125 0.25 0  0.046875 0.25 0  0.0625 0.25 0  0.078125 0.25 0  0.09375 0.25 0  0.109375 0.25 0  0.125 0.25 0  0.140625 0.25 0  0.15625 0.25 0  0.171875 0.25 0  0.1875 0.25 0  0.203125 0.25 0  0.21875 0.25 0  0.234375 0.25 0  0.25 0.25 0  0.265625 0.25 0  0.28125 0.25 0  0.296875 0.25 0  0.3125 0.25 0  0.328125 0.25 0  0.34375 0.25 0  0.359375 0.25 0  0.375 0.25 0  0.390625 0.25 0  0.40625 0.25 0  0.421875 0.25 0  0.4375 0.25 0  0.453125 0.25 0  0.46875 0.25 0  0.484375 0.25 0  0.5 0.25 0  0.515625 0.25 0  0.53125 0.25 0  0.546875 0.25 0  0.5625 0.25 0  0.578125 0.25 0  0.59375 0.25 0  0.609375 0.25 0  0.625 0.25 0  0.640625 0.25 0  0.65625 0.25 0  0.671875 0.25 0  0.6875 0.25 0  0.703125 0.25 0  0.71875 0.25 0  0.734375 0.25 0  0.75 0.25 0  0.765625 0.25 0  0.78125 0.25 0  0.796875 0.25 0  0.8125 0.25 0  0.828125 0.25 0  0.84375 0.25 0  0.859375 0.25 0  0.875 0.25 0  0.890625 0.25 0  0.90625 0.25 0  0.921875 0.25 0  0.9375 0.25 0  0.953125 0.25 0  0.96875 0.25 0  0.984375 0.25 0  1 0.25 0  0 0.265625 0  0.015625 0.265625 0  0.03125 0.265625 0  0.046875 0.265625 0  0.0625 0.265625 0  0.078125 0.265625 0  0.09375 0.265625 0  0.109375 0.265625 0  0.125 0.265625 0  0.140625 0.265625 0  0.15625 0.265625 0  0.171875 0.265625 0  0.1875 0.265625 0  0.203125 0.265625 0  0.21875 0.265625 0  0.234375 0.265625 0  0.25 0.265625 0  0.265625 0.265625 0  0.28125 0.265625 0  0.296875 0.265625 0  0.3125 0.265625 0  0.328125 0.265625 0  0.34375 0.265625 0  0.359375 0.265625 0  0.375 0.265625 0  0.390625 0.265625 0  0.40625 0.265625 0  0.421875 0.265625 0  0.4375 0.265625 0  0.453125 0.265625 0  0.46875 0.265625 0  0.484375 0.265625 0  0.5 0.265625 0  0.515625 0.265625 0  0.53125 0.265625 0  0.546875 0.265625 0  0.5625 0.265625 0  0.578125 0.265625 0  0.59375 0.265625 0  0.609375 0.265625 0  0.625 0.265625 0  0.640625 0.265625 0  0.65625 0.265625 0  0.671875 0.265625 0  0.6875 0.265625 0  0.703125 0.265625 0  0.71875 0.265625 0  0.734375 0.265625 0  0.75 0.265625 0  0.765625 0.265625 0  0.78125 0.265625 0  0.796875 0.265625 0  0.8125 0.265625 0  0.828125 0.265625 0  0.84375 0.265625 0  0.859375 0.265625 0  0.875 0.265625 0  0.890625 0.265625 0  0.90625 0.265625 0  0.921875 0.265625 0  0.9375 0.265625 0  0.953125 0.265625 0  0.96875 0.265625 0  0.984375 0.265625 0  1 0.265625 0  0 0.28125 0  0.015625 0.28125 0  0.03125 0.28125 0  0.046875 0.28125 0  0.0625 0.28125 0  0.078125 0.28125 0  0.09375 0.28125 0  0.109375 0.28125 0  0.125 0.28125 0  0.140625 0.28125 0  0.15625 0.28125 0  0.171875 0.28125 0  0.1875 0.28125 0  0.203125 0.28125 0  0.21875 0.28125 0  0.234375 0.28125 0  0.25 0.28125 0  0.265625 0.28125 0  0.28125 0.28125 0  0.296875 0.28125 0  0.3125 0.28125 0  0.328125 0.28125 0  0.34375 0.28125 0  0.359375 0.28125 0  0.375 0.28125 0  0.390625 0.28125 0  0.40625 0.28125 0  0.421875 0.28125 0  0.4375 0.28125 0  0.453125 0.28125 0  0.46875 0.28125 0  0.484375 0.28125 0  0.5 0.28125 0  0.515625 0.28125 0  0.53125 0.28125 0  0.546875 0.28125 0  0.5625 0.28125 0  0.578125 0.28125 0  0.59375 0.28125 0  0.609375 0.28125 0  0.625 0.28125 0  0.640625 0.28125 0  0.65625 0.28125 0  0.671875 0.28125 0  0.6875 0.28125 0  0.703125 0.28125 0  0.71875 0.28125 0  0.734375 0.28125 0  0.75 0.28125 0  0.765625 0.28125 0  0.78125 0.28125 0  0.796875 0.28125 0  0.8125 0.28125 0  0.828125 0.28125 0  0.84375 0.28125 0  0.859375 0.28125 0  0.875 0.28125 0  0.890625 0.28125 0  0.90625 0.28125 0  0.921875 0.28125 0  0.9375 0.28125 0  0.953125 0.28125 0  0.96875 0.28125 0  0.984375 0.28125 0  1 0.28125 0  0 0.296875 0  0.015625 0.296875 0  0.03125 0.296875 0  0.046875 0.296875 0  0.0625 0.296875 0  0.078125 0.296875 0  0.09375 0.296875 0  0.109375 0.296875 0  0.125 0.296875 0  0.140625 0.296875 0  0.15625 0.296875 0  0.171875 0.296875 0  0.1875 0.296875 0  0.203125 0.296875 0  0.21875 0.296875 0  0.234375 0.296875 0  0.25 0.296875 0  0.265625 0.296875 0  0.28125 0.296875 0  0.296875 0.296875 0  0.3125 0.296875 0  0.328125 0.296875 0  0.34375 0.296875 0  0.359375 0.296875 0  0.375 0.296875 0  0.390625 0.296875 0  0.40625 0.296875 0  0.421875 0.296875 0  0.4375 0.296875 0  0.453125 0.296875 0  0.46875 0.296875 0  0.484375 0.296875 0  0.5 0.296875 0  0.515625 0.296875 0  0.53125 0.296875 0  0.546875 0.296875 0  0.5625 0.296875 0  0.578125 0.296875 0  0.59375 0.296875 0  0.609375 0.296875 0  0.625 0.296875 0  0.640625 0.296875 0  0.65625 0.296875 0  0.671875 0.296875 0  0.6875 0.296875 0  0.703125 0.296875 0  0.71875 0.296875 0  0.734375 0.296875 0  0.75 0.296875 0  0.765625 0.296875 0  0.78125 0.296875 0  0.796875 0.296875 0  0.8125 0.296875 0  0.828125 0.296875 0  0.84375 0.296875 0  0.859375 0.296875 0  0.875 0.296875 0  0.890625 0.296875 0  0.90625 0.296875 0  0.921875 0.296875 0  0.9375 0.296875 0  0.953125 0.296875 0  0.96875 0.296875 0  0.984375 0.296875 0  1 0.296875 0  0 0.3125 0  0.015625 0.3125 0  0.03125 0.3125 0  0.046875 0.3125 0  0.0625 0.3125 0  0.078125 0.3125 0  0.09375 0.3125 0  0.109375 0.3125 0  0.125 0.3125 0  0.140625 0.3125 0  0.15625 0.3125 0  0.171875 0.3125 0  0.1875 0.3125 0  0.203125 0.3125 0  0.21875 0.3125 0  0.234375 0.3125 0  0.25 0.3125 0  0.265625 0.3125 0  0.28125 0.3125 0  0.296875 0.3125 0  0.3125 0.3125 0  0.328125 0.3125 0  0.34375 0.3125 0  0.359375 0.3125 0  0.375 0.3125 0  0.390625 0.3125 0  0.40625 0.3125 0  0.421875 0.3125 0  0.4375 0.3125 0  0.453125 0.3125 0  0.46875 0.3125 0  0.484375 0.3125 0  0.5 0.3125 0  0.515625 0.3125 0  0.53125 0.3125 0  0.546875 0.3125 0  0.5625 0.3125 0  0.578125 0.3125 0  0.59375 0.3125 0  0.609375 0.3125 0  0.625 0.3125 0  0.640625 0.3125 0  0.65625 0.3125 0  0.671875 0.3125 0  0.6875 0.3125 0  0.703125 0.3125 0  0.71875 0.3125 0  0.734375 0.3125 0  0.75 0.3125 0  0.765625 0.3125 0  0.78125 0.3125 0  0.796875 0.3125 0  0.8125 0.3125 0  0.828125 0.3125 0  0.84375 0.3125 0  0.859375 0.3125 0  0.875 0.3125 0  0.890625 0.3125 0  0.90625 0.3125 0  0.921875 0.3125 0  0.9375 0.3125 0  0.953125 0.3125 0  0.96875 0.3125 0  0.984375 0.3125 0  1 0.3125 0  0 0.328125 0  0.015625 0.328125 0  0.03125 0.328125 0  0.046875 0.328125 0  0.0625 0.328125 0  0.078125 0.328125 0  0.09375 0.328125 0  0.109375 0.328125 0  0.125 0.328125 0  0.140625 0.328125 0  0.15625 0.328125 0  0.171875 0.328125 0  0.1875 0.328125 0  0.203125 0.328125 0  0.21875 0.328125 0  0.234375 0.328125 0  0.25 0.328125 0  0.265625 0.328125 0  0.28125 0.328125 0  0.296875 0.328125 0  0.3125 0.328125 0  0.328125 0.328125 0  0.34375 0.328125 0  0.359375 0.328125 0  0.375 0.328125 0  0.390625 0.328125 0  0.40625 0.328125 0  0.421875 0.328125 0  0.4375 0.328125 0  0.453125 0.328125 0  0.46875 0.328125 0  0.484375 0.328125 0  0.5 0.328125 0  0.515625 0.328125 0  0.53125 0.328125 0  0.546875 0.328125 0  0.5625 0.328125 0  0.578125 0.328125 0  0.59375 0.328125 0  0.609375 0.328125 0  0.625 0.328125 0  0.640625 0.328125 0  0.65625 0.328125 0  0.671875 0.328125 0  0.6875 0.328125 0  0.703125 0.328125 0  0.71875 0.328125 0  0.734375 0.328125 0  0.75 0.328125 0  0.765625 0.328125 0  0.78125 0.328125 0  0.796875 0.328125 0  0.8125 0.328125 0  0.828125 0.328125 0  0.84375 0.328125 0  0.859375 0.328125 0  0.875 0.328125 0  0.890625 0.328125 0  0.90625 0.328125 0  0.921875 0.328125 0  0.9375 0.328125 0  0.953125 0.328125 0  0.96875 0.328125 0  0.984375 0.328125 0  1 0.328125 0  0 0.34375 0  0.015625 0.34375 0  0.03125 0.34375 0  0.046875 0.34375 0  0.0625 0.34375 0  0.078125 0.34375 0  0.09375 0.34375 0  0.109375 0.34375 0  0.125 0.34375 0  0.140625 0.34375 0  0.15625 0.34375 0  0.171875 0.34375 0  0.1875 0.34375 0  0.203125 0.34375 0  0.21875 0.34375 0  0.234375 0.34375 0  0.25 0.34375 0  0.265625 0.34375 0  0.28125 0.34375 0  0.296875 0.34375 0  0.3125 0.34375 0  0.328125 0.34375 0  0.34375 0.34375 0  0.359375 0.34375 0  0.375 0.34375 0  0.390625 0.34375 0  0.40625 0.34375 0  0.421875 0.34375 0  0.4375 0.34375 0  0.453125 0.34375 0  0.46875 0.34375 0  0.484375 0.34375 0  0.5 0.34375 0  0.515625 0.34375 0  0.53125 0.34375 0  0.546875 0.34375 0  0.5625 0.34375 0  0.578125 0.34375 0  0.59375 0.34375 0  0.609375 0.34375 0  0.625 0.34375 0  0.640625 0.34375 0  0.65625 0.34375 0  0.671875 0.34375 0  0.6875 0.34375 0  0.703125 0.34375 0  0.71875 0.34375 0  0.734375 0.34375 0  0.75 0.34375 0  0.765625 0.34375 0  0.78125 0.34375 0  0.796875 0.34375 0  0.8125 0.34375 0  0.828125 0.34375 0  0.84375 0.34375 0  0.859375 0.34375 0  0.875 0.34375 0  0.890625 0.34375 0  0.90625 0.34375 0  0.921875 0.34375 0  0.9375 0.34375 0  0.953125 0.34375 0  0.96875 0.34375 0  0.984375 0.34375 0  1 0.34375 0  0 0.359375 0  0.015625 0.359375 0  0.03125 0.359375 0  0.046875 0.359375 0  0.0625 0.359375 0  0.078125 0.359375 0  0.09375 0.359375 0  0.109375 0.359375 0  0.125 0.359375 0  0.140625 0.359375 0  0.15625 0.359375 0  0.171875 0.359375 0  0.1875 0.359375 0  0.203125 0.359375 0  0.21875 0.359375 0  0.234375 0.359375 0  0.25 0.359375 0  0.265625 0.359375 0  0.28125 0.359375 0  0.296875 0.359375 0  0.3125 0.359375 0  0.328125 0.359375 0  0.34375 0.359375 0  0.359375 0.359375 0  0.375 0.359375 0  0.390625 0.359375 0  0.40625 0.359375 0  0.421875 0.359375 0  0.4375 0.359375 0  0.453125 0.359375 0  0.46875 0.359375 0  0.484375 0.359375 0  0.5 0.359375 0  0.515625 0.359375 0  0.53125 0.359375 0  0.546875 0.359375 0  0.5625 0.359375 0  0.578125 0.359375 0  0.59375 0.359375 0  0.609375 0.359375 0  0.625 0.359375 0  0.640625 0.359375 0  0.65625 0.359375 0  0.671875 0.359375 0  0.6875 0.359375 0  0.703125 0.359375 0  0.71875 0.359375 0  0.734375 0.359375 0  0.75 0.359375 0  0.765625 0.359375 0  0.78125 0.359375 0  0.796875 0.359375 0  0.8125 0.359375 0  0.828125 0.359375 0  0.84375 0.359375 0  0.859375 0.359375 0  0.875 0.359375 0  0.890625 0.359375 0  0.90625 0.359375 0  0.921875 0.359375 0  0.9375 0.359375 0  0.953125 0.359375 0  0.96875 0.359375 0  0.984375 0.359375 0  1 0.359375 0  0 0.375 0  0.015625 0.375 0  0.03125 0.375 0  0.046875 0.375 0  0.0625 0.375 0  0.078125 0.375 0  0.09375 0.375 0  0.109375 0.375 0  0.125 0.375 0  0.140625 0.375 0  0.15625 0.375 0  0.171875 0.375 0  0.1875 0.375 0  0.203125 0.375 0  0.21875 0.375 0  0.234375 0.375 0  0.25 0.375 0  0.265625 0.375 0  0.28125 0.375 0  0.296875 0.375 0  0.3125 0.375 0  0.328125 0.375 0  0.34375 0.375 0  0.359375 0.375 0  0.375 0.375 0  0.390625 0.375 0  0.40625 0.375 0  0.421875 0.375 0  0.4375 0.375 0  0.453125 0.375 0  0.46875 0.375 0  0.484375 0.375 0  0.5 0.375 0  0.515625 0.375 0  0.53125 0.375 0  0.546875 0.375 0  0.5625 0.375 0  0.578125 0.375 0  0.59375 0.375 0  0.609375 0.375 0  0.625 0.375 0  0.640625 0.375 0  0.65625 0.375 0  0.671875 0.375 0  0.6875 0.375 0  0.703125 0.375 0  0.71875 0.375 0  0.734375 0.375 0  0.75 0.375 0  0.765625 0.375 0  0.78125 0.375 0  0.796875 0.375 0  0.8125 0.375 0  0.828125 0.375 0  0.84375 0.375 0  0.859375 0.375 0  0.875 0.375 0  0.890625 0.375 0  0.90625 0.375 0  0.921875 0.375 0  0.9375 0.375 0  0.953125 0.375 0  0.96875 0.375 0  0.984375 0.375 0  1 0.375 0  0 0.390625 0  0.015625 0.390625 0  0.03125 0.390625 0  0.046875 0.390625 0  0.0625 0.390625 0  0.078125 0.390625 0  0.09375 0.390625 0  0.109375 0.390625 0  0.125 0.390625 0  0.140625 0.390625 0  0.15625 0.390625 0  0.171875 0.390625 0  0.1875 0.390625 0  0.203125 0.390625 0  0.21875 0.390625 0  0.234375 0.390625 0  0.25 0.390625 0  0.265625 0.390625 0  0.28125 0.390625 0  0.296875 0.390625 0  0.3125 0.390625 0  0.328125 0.390625 0  0.34375 0.390625 0  0.359375 0.390625 0  0.375 0.390625 0  0.390625 0.390625 0  0.40625 0.390625 0  0.421875 0.390625 0  0.4375 0.390625 0  0.453125 0.390625 0  0.46875 0.390625 0  0.484375 0.390625 0  0.5 0.390625 0  0.515625 0.390625 0  0.53125 0.390625 0  0.546875 0.390625 0  0.5625 0.390625 0  0.578125 0.390625 0  0.59375 0.390625 0  0.609375 0.390625 0  0.625 0.390625 0  0.640625 0.390625 0  0.65625 0.390625 0  0.671875 0.390625 0  0.6875 0.390625 0  0.703125 0.390625 0  0.71875 0.390625 0  0.734375 0.390625 0  0.75 0.390625 0  0.765625 0.390625 0  0.78125 0.390625 0  0.796875 0.390625 0  0.8125 0.390625 0  0.828125 0.390625 0  0.84375 0.390625 0  0.859375 0.390625 0  0.875 0.390625 0  0.890625 0.390625 0  0.90625 0.390625 0  0.921875 0.390625 0  0.9375 0.390625 0  0.953125 0.390625 0  0.96875 0.390625 0  0.984375 0.390625 0  1 0.390625 0  0 0.40625 0  0.015625 0.40625 0  0.03125 0.40625 0  0.046875 0.40625 0  0.0625 0.40625 0  0.078125 0.40625 0  0.09375 0.40625 0  0.109375 0.40625 0  0.125 0.40625 0  0.140625 0.40625 0  0.15625 0.40625 0  0.171875 0.40625 0  0.1875 0.40625 0  0.203125 0.40625 0  0.21875 0.40625 0  0.234375 0.40625 0  0.25 0.40625 0  0.265625 0.40625 0  0.28125 0.40625 0  0.296875 0.40625 0  0.3125 0.40625 0  0.328125 0.40625 0  0.34375 0.40625 0  0.359375 0.40625 0  0.375 0.40625 0  0.390625 0.40625 0  0.40625 0.40625 0  0.421875 0.40625 0  0.4375 0.40625 0  0.453125 0.40625 0  0.46875 0.40625 0  0.484375 0.40625 0  0.5 0.40625 0  0.515625 0.40625 0  0.53125 0.40625 0  0.546875 0.40625 0  0.5625 0.40625 0  0.578125 0.40625 0  0.59375 0.40625 0  0.609375 0.40625 0  0.625 0.40625 0  0.640625 0.40625 0  0.65625 0.40625 0  0.671875 0.40625 0  0.6875 0.40625 0  0.703125 0.40625 0  0.71875 0.40625 0  0.734375 0.40625 0  0.75 0.40625 0  0.765625 0.40625 0  0.78125 0.40625 0  0.796875 0.40625 0  0.8125 0.40625 0  0.828125 0.40625 0  0.84375 0.40625 0  0.859375 0.40625 0  0.875 0.40625 0  0.890625 0.40625 0  0.90625 0.40625 0  0.921875 0.40625 0  0.9375 0.40625 0  0.953125 0.40625 0  0.96875 0.40625 0  0.984375 0.40625 0  1 0.40625 0  0 0.421875 0  0.015625 0.421875 0  0.03125 0.421875 0  0.046875 0.421875 0  0.0625 0.421875 0  0.078125 0.421875 0  0.09375 0.421875 0  0.109375 0.421875 0  0.125 0.421875 0  0.140625 0.421875 0  0.15625 0.421875 0  0.171875 0.421875 0  0.1875 0.421875 0  0.203125 0.421875 0  0.21875 0.421875 0  0.234375 0.421875 0  0.25 0.421875 0  0.265625 0.421875 0  0.28125 0.421875 0  0.296875 0.421875 0  0.3125 0.421875 0  0.328125 0.421875 0  0.34375 0.421875 0  0.359375 0.421875 0  0.375 0.421875 0  0.390625 0.421875 0  0.40625 0.421875 0  0.421875 0.421875 0  0.4375 0.421875 0  0.453125 0.421875 0  0.46875 0.421875 0  0.484375 0.421875 0  0.5 0.421875 0  0.515625 0.421875 0  0.53125 0.421875 0  0.546875 0.421875 0  0.5625 0.421875 0  0.578125 0.421875 0  0.59375 0.421875 0  0.609375 0.421875 0  0.625 0.421875 0  0.640625 0.421875 0  0.65625 0.421875 0  0.671875 0.421875 0  0.6875 0.421875 0  0.703125 0.421875 0  0.71875 0.421875 0  0.734375 0.421875 0  0.75 0.421875 0  0.765625 0.421875 0  0.78125 0.421875 0  0.796875 0.421875 0  0.8125 0.421875 0  0.828125 0.421875 0  0.84375 0.421875 0  0.859375 0.421875 0  0.875 0.421875 0  0.890625 0.421875 0  0.90625 0.421875 0  0.921875 0.421875 0  0.9375 0.421875 0  0.953125 0.421875 0  0.96875 0.421875 0  0.984375 0.421875 0  1 0.421875 0  0 0.4375 0  0.015625 0.4375 0  0.03125 0.4375 0  0.046875 0.4375 0  0.0625 0.4375 0  0.078125 0.4375 0  0.09375 0.4375 0  0.109375 0.4375 0  0.125 0.4375 0  0.140625 0.4375 0  0.15625 0.4375 0  0.171875 0.4375 0  0.1875 0.4375 0  0.203125 0.4375 0  0.21875 0.4375 0  0.234375 0.4375 0  0.25 0.4375 0  0.265625 0.4375 0  0.28125 0.4375 0  0.296875 0.4375 0  0.3125 0.4375 0  0.328125 0.4375 0  0.34375 0.4375 0  0.359375 0.4375 0  0.375 0.4375 0  0.390625 0.4375 0  0.40625 0.4375 0  0.421875 0.4375 0  0.4375 0.4375 0  0.453125 0.4375 0  0.46875 0.4375 0  0.484375 0.4375 0  0.5 0.4375 0  0.515625 0.4375 0  0.53125 0.4375 0  0.546875 0.4375 0  0.5625 0.4375 0  0.578125 0.4375 0  0.59375 0.4375 0  0.609375 0.4375 0  0.625 0.4375 0  0.640625 0.4375 0  0.65625 0.4375 0  0.671875 0.4375 0  0.6875 0.4375 0  0.703125 0.4375 0  0.71875 0.4375 0  0.734375 0.4375 0  0.75 0.4375 0  0.765625 0.4375 0  0.78125 0.4375 0  0.796875 0.4375 0  0.8125 0.4375 0  0.828125 0.4375 0  0.84375 0.4375 0  0.859375 0.4375 0  0.875 0.4375 0  0.890625 0.4375 0  0.90625 0.4375 0  0.921875 0.4375 0  0.9375 0.4375 0  0.953125 0.4375 0  0.96875 0.4375 0  0.984375 0.4375 0  1 0.4375 0  0 0.453125 0  0.015625 0.453125 0  0.03125 0.453125 0  0.046875 0.453125 0  0.0625 0.453125 0  0.078125 0.453125 0  0.09375 0.453125 0  0.109375 0.453125 0  0.125 0.453125 0  0.140625 0.453125 0  0.15625 0.453125 0  0.171875 0.453125 0  0.1875 0.453125 0  0.203125 0.453125 0  0.21875 0.453125 0  0.234375 0.453125 0  0.25 0.453125 0  0.265625 0.453125 0  0.28125 0.453125 0  0.296875 0.453125 0  0.3125 0.453125 0  0.328125 0.453125 0  0.34375 0.453125 0  0.359375 0.453125 0  0.375 0.453125 0  0.390625 0.453125 0  0.40625 0.453125 0  0.421875 0.453125 0  0.4375 0.453125 0  0.453125 0.453125 0  0.46875 0.453125 0  0.484375 0.453125 0  0.5 0.453125 0  0.515625 0.453125 0  0.53125 0.453125 0  0.546875 0.453125 0  0.5625 0.453125 0  0.578125 0.453125 0  0.59375 0.453125 0  0.609375 0.453125 0  0.625 0.453125 0  0.640625 0.453125 0  0.65625 0.453125 0  0.671875 0.453125 0  0.6875 0.453125 0  0.703125 0.453125 0  0.71875 0.453125 0  0.734375 0.453125 0  0.75 0.453125 0  0.765625 0.453125 0  0.78125 0.453125 0  0.796875 0.453125 0  0.8125 0.453125 0  0.828125 0.453125 0  0.84375 0.453125 0  0.859375 0.453125 0  0.875 0.453125 0  0.890625 0.453125 0  0.90625 0.453125 0  0.921875 0.453125 0  0.9375 0.453125 0  0.953125 0.453125 0  0.96875 0.453125 0  0.984375 0.453125 0  1 0.453125 0  0 0.46875 0  0.015625 0.46875 0  0.03125 0.46875 0  0.046875 0.46875 0  0.0625 0.46875 0  0.078125 0.46875 0  0.09375 0.46875 0  0.109375 0.46875 0  0.125 0.46875 0  0.140625 0.46875 0  0.15625 0.46875 0  0.171875 0.46875 0  0.1875 0.46875 0  0.203125 0.46875 0  0.21875 0.46875 0  0.234375 0.46875 0  0.25 0.46875 0  0.265625 0.46875 0  0.28125 0.46875 0  0.296875 0.46875 0  0.3125 0.46875 0  0.328125 0.46875 0  0.34375 0.46875 0  0.359375 0.46875 0  0.375 0.46875 0  0.390625 0.46875 0  0.40625 0.46875 0  0.421875 0.46875 0  0.4375 0.46875 0  0.453125 0.46875 0  0.46875 0.46875 0  0.484375 0.46875 0  0.5 0.46875 0  0.515625 0.46875 0  0.53125 0.46875 0  0.546875 0.46875 0  0.5625 0.46875 0  0.578125 0.46875 0  0.59375 0.46875 0  0.609375 0.46875 0  0.625 0.46875 0  0.640625 0.46875 0  0.65625 0.46875 0  0.671875 0.46875 0  0.6875 0.46875 0  0.703125 0.46875 0  0.71875 0.46875 0  0.734375 0.46875 0  0.75 0.46875 0  0.765625 0.46875 0  0.78125 0.46875 0  0.796875 0.46875 0  0.8125 0.46875 0  0.828125 0.46875 0  0.84375 0.46875 0  0.859375 0.46875 0  0.875 0.46875 0  0.890625 0.46875 0  0.90625 0.46875 0  0.921875 0.46875 0  0.9375 0.46875 0  0.953125 0.46875 0  0.96875 0.46875 0  0.984375 0.46875 0  1 0.46875 0  0 0.484375 0  0.015625 0.484375 0  0.03125 0.484375 0  0.046875 0.484375 0  0.0625 0.484375 0  0.078125 0.484375 0  0.09375 0.484375 0  0.109375 0.484375 0  0.125 0.484375 0  0.140625 0.484375 0  0.15625 0.484375 0  0.171875 0.484375 0  0.1875 0.484375 0  0.203125 0.484375 0  0.21875 0.484375 0  0.234375 0.484375 0  0.25 0.484375 0  0.265625 0.484375 0  0.28125 0.484375 0  0.296875 0.484375 0  0.3125 0.484375 0  0.328125 0.484375 0  0.34375 0.484375 0  0.359375 0.484375 0  0.375 0.484375 0  0.390625 0.484375 0  0.40625 0.484375 0  0.421875 0.484375 0  0.4375 0.484375 0  0.453125 0.484375 0  0.46875 0.484375 0  0.484375 0.484375 0  0.5 0.484375 0  0.515625 0.484375 0  0.53125 0.484375 0  0.546875 0.484375 0  0.5625 0.484375 0  0.578125 0.484375 0  0.59375 0.484375 0  0.609375 0.484375 0  0.625 0.484375 0  0.640625 0.484375 0  0.65625 0.484375 0  0.671875 0.484375 0  0.6875 0.484375 0  0.703125 0.484375 0  0.71875 0.484375 0  0.734375 0.484375 0  0.75 0.484375 0  0.765625 0.484375 0  0.78125 0.484375 0  0.796875 0.484375 0  0.8125 0.484375 0  0.828125 0.484375 0  0.84375 0.484375 0  0.859375 0.484375 0  0.875 0.484375 0  0.890625 0.484375 0  0.90625 0.484375 0  0.921875 0.484375 0  0.9375 0.484375 0  0.953125 0.484375 0  0.96875 0.484375 0  0.984375 0.484375 0  1 0.484375 0  0 0.5 0  0.015625 0.5 0  0.03125 0.5 0  0.046875 0.5 0  0.0625 0.5 0  0.078125 0.5 0  0.09375 0.5 0  0.109375 0.5 0  0.125 0.5 0  0.140625 0.5 0  0.15625 0.5 0  0.171875 0.5 0  0.1875 0.5 0  0.203125 0.5 0  0.21875 0.5 0  0.234375 0.5 0  0.25 0.5 0  0.265625 0.5 0  0.28125 0.5 0  0.296875 0.5 0  0.3125 0.5 0  0.328125 0.5 0  0.34375 0.5 0  0.359375 0.5 0  0.375 0.5 0  0.390625 0.5 0  0.40625 0.5 0  0.421875 0.5 0  0.4375 0.5 0  0.453125 0.5 0  0.46875 0.5 0  0.484375 0.5 0  0.5 0.5 0  0.515625 0.5 0  0.53125 0.5 0  0.546875 0.5 0  0.5625 0.5 0  0.578125 0.5 0  0.59375 0.5 0  0.609375 0.5 0  0.625 0.5 0  0.640625 0.5 0  0.65625 0.5 0  0.671875 0.5 0  0.6875 0.5 0  0.703125 0.5 0  0.71875 0.5 0  0.734375 0.5 0  0.75 0.5 0  0.765625 0.5 0  0.78125 0.5 0  0.796875 0.5 0  0.8125 0.5 0  0.828125 0.5 0  0.84375 0.5 0  0.859375 0.5 0  0.875 0.5 0  0.890625 0.5 0  0.90625 0.5 0  0.921875 0.5 0  0.9375 0.5 0  0.953125 0.5 0  0.96875 0.5 0  0.984375 0.5 0  1 0.5 0  0 0.515625 0  0.015625 0.515625 0  0.03125 0.515625 0  0.046875 0.515625 0  0.0625 0.515625 0  0.078125 0.515625 0  0.09375 0.515625 0  0.109375 0.515625 0  0.125 0.515625 0  0.140625 0.515625 0  0.15625 0.515625 0  0.171875 0.515625 0  0.1875 0.515625 0  0.203125 0.515625 0  0.21875 0.515625 0  0.234375 0.515625 0  0.25 0.515625 0  0.265625 0.515625 0  0.28125 0.515625 0  0.296875 0.515625 0  0.3125 0.515625 0  0.328125 0.515625 0  0.34375 0.515625 0  0.359375 0.515625 0  0.375 0.515625 0  0.390625 0.515625 0  0.40625 0.515625 0  0.421875 0.515625 0  0.4375 0.515625 0  0.453125 0.515625 0  0.46875 0.515625 0  0.484375 0.515625 0  0.5 0.515625 0  0.515625 0.515625 0  0.53125 0.515625 0  0.546875 0.515625 0  0.5625 0.515625 0  0.578125 0.515625 0  0.59375 0.515625 0  0.609375 0.515625 0  0.625 0.515625 0  0.640625 0.515625 0  0.65625 0.515625 0  0.671875 0.515625 0  0.6875 0.515625 0  0.703125 0.515625 0  0.71875 0.515625 0  0.734375 0.515625 0  0.75 0.515625 0  0.765625 0.515625 0  0.78125 0.515625 0  0.796875 0.515625 0  0.8125 0.515625 0  0.828125 0.515625 0  0.84375 0.515625 0  0.859375 0.515625 0  0.875 0.515625 0  0.890625 0.515625 0  0.90625 0.515625 0  0.921875 0.515625 0  0.9375 0.515625 0  0.953125 0.515625 0  0.96875 0.515625 0  0.984375 0.515625 0  1 0.515625 0  0 0.53125 0  0.015625 0.53125 0  0.03125 0.53125 0  0.046875 0.53125 0  0.0625 0.53125 0  0.078125 0.53125 0  0.09375 0.53125 0  0.109375 0.53125 0  0.125 0.53125 0  0.140625 0.53125 0  0.15625 0.53125 0  0.171875 0.53125 0  0.1875 0.53125 0  0.203125 0.53125 0  0.21875 0.53125 0  0.234375 0.53125 0  0.25 0.53125 0  0.265625 0.53125 0  0.28125 0.53125 0  0.296875 0.53125 0  0.3125 0.53125 0  0.328125 0.53125 0  0.34375 0.53125 0  0.359375 0.53125 0  0.375 0.53125 0  0.390625 0.53125 0  0.40625 0.53125 0  0.421875 0.53125 0  0.4375 0.53125 0  0.453125 0.53125 0  0.46875 0.53125 0  0.484375 0.53125 0  0.5 0.53125 0  0.515625 0.53125 0  0.53125 0.53125 0  0.546875 0.53125 0  0.5625 0.53125 0  0.578125 0.53125 0  0.59375 0.53125 0  0.609375 0.53125 0  0.625 0.53125 0  0.640625 0.53125 0  0.65625 0.53125 0  0.671875 0.53125 0  0.6875 0.53125 0  0.703125 0.53125 0  0.71875 0.53125 0  0.734375 0.53125 0  0.75 0.53125 0  0.765625 0.53125 0  0.78125 0.53125 0  0.796875 0.53125 0  0.8125 0.53125 0  0.828125 0.53125 0  0.84375 0.53125 0  0.859375 0.53125 0  0.875 0.53125 0  0.890625 0.53125 0  0.90625 0.53125 0  0.921875 0.53125 0  0.9375 0.53125 0  0.953125 0.53125 0  0.96875 0.53125 0  0.984375 0.53125 0  1 0.53125 0  0 0.546875 0  0.015625 0.546875 0  0.03125 0.546875 0  0.046875 0.546875 0  0.0625 0.546875 0  0.078125 0.546875 0  0.09375 0.546875 0  0.109375 0.546875 0  0.125 0.546875 0  0.140625 0.546875 0  0.15625 0.546875 0  0.171875 0.546875 0  0.1875 0.546875 0  0.203125 0.546875 0  0.21875 0.546875 0  0.234375 0.546875 0  0.25 0.546875 0  0.265625 0.546875 0  0.28125 0.546875 0  0.296875 0.546875 0  0.3125 0.546875 0  0.328125 0.546875 0  0.34375 0.546875 0  0.359375 0.546875 0  0.375 0.546875 0  0.390625 0.546875 0  0.40625 0.546875 0  0.421875 0.546875 0  0.4375 0.546875 0  0.453125 0.546875 0  0.46875 0.546875 0  0.484375 0.546875 0  0.5 0.546875 0  0.515625 0.546875 0  0.53125 0.546875 0  0.546875 0.546875 0  0.5625 0.546875 0  0.578125 0.546875 0  0.59375 0.546875 0  0.609375 0.546875 0  0.625 0.546875 0  0.640625 0.546875 0  0.65625 0.546875 0  0.671875 0.546875 0  0.6875 0.546875 0  0.703125 0.546875 0  0.71875 0.546875 0  0.734375 0.546875 0  0.75 0.546875 0  0.765625 0.546875 0  0.78125 0.546875 0  0.796875 0.546875 0  0.8125 0.546875 0  0.828125 0.546875 0  0.84375 0.546875 0  0.859375 0.546875 0  0.875 0.546875 0  0.890625 0.546875 0  0.90625 0.546875 0  0.921875 0.546875 0  0.9375 0.546875 0  0.953125 0.546875 0  0.96875 0.546875 0  0.984375 0.546875 0  1 0.546875 0  0 0.5625 0  0.015625 0.5625 0  0.03125 0.5625 0  0.046875 0.5625 0  0.0625 0.5625 0  0.078125 0.5625 0  0.09375 0.5625 0  0.109375 0.5625 0  0.125 0.5625 0  0.140625 0.5625 0  0.15625 0.5625 0  0.171875 0.5625 0  0.1875 0.5625 0  0.203125 0.5625 0  0.21875 0.5625 0  0.234375 0.5625 0  0.25 0.5625 0  0.265625 0.5625 0  0.28125 0.5625 0  0.296875 0.5625 0  0.3125 0.5625 0  0.328125 0.5625 0  0.34375 0.5625 0  0.359375 0.5625 0  0.375 0.5625 0  0.390625 0.5625 0  0.40625 0.5625 0  0.421875 0.5625 0  0.4375 0.5625 0  0.453125 0.5625 0  0.46875 0.5625 0  0.484375 0.5625 0  0.5 0.5625 0  0.515625 0.5625 0  0.53125 0.5625 0  0.546875 0.5625 0  0.5625 0.5625 0  0.578125 0.5625 0  0.59375 0.5625 0  0.609375 0.5625 0  0.625 0.5625 0  0.640625 0.5625 0  0.65625 0.5625 0  0.671875 0.5625 0  0.6875 0.5625 0  0.703125 0.5625 0  0.71875 0.5625 0  0.734375 0.5625 0  0.75 0.5625 0  0.765625 0.5625 0  0.78125 0.5625 0  0.796875 0.5625 0  0.8125 0.5625 0  0.828125 0.5625 0  0.84375 0.5625 0  0.859375 0.5625 0  0.875 0.5625 0  0.890625 0.5625 0  0.90625 0.5625 0  0.921875 0.5625 0  0.9375 0.5625 0  0.953125 0.5625 0  0.96875 0.5625 0  0.984375 0.5625 0  1 0.5625 0  0 0.578125 0  0.015625 0.578125 0  0.03125 0.578125 0  0.046875 0.578125 0  0.0625 0.578125 0  0.078125 0.578125 0  0.09375 0.578125 0  0.109375 0.578125 0  0.125 0.578125 0  0.140625 0.578125 0  0.15625 0.578125 0  0.171875 0.578125 0  0.1875 0.578125 0  0.203125 0.578125 0  0.21875 0.578125 0  0.234375 0.578125 0  0.25 0.578125 0  0.265625 0.578125 0  0.28125 0.578125 0  0.296875 0.578125 0  0.3125 0.578125 0  0.328125 0.578125 0  0.34375 0.578125 0  0.359375 0.578125 0  0.375 0.578125 0  0.390625 0.578125 0  0.40625 0.578125 0  0.421875 0.578125 0  0.4375 0.578125 0  0.453125 0.578125 0  0.46875 0.578125 0  0.484375 0.578125 0  0.5 0.578125 0  0.515625 0.578125 0  0.53125 0.578125 0  0.546875 0.578125 0  0.5625 0.578125 0  0.578125 0.578125 0  0.59375 0.578125 0  0.609375 0.578125 0  0.625 0.578125 0  0.640625 0.578125 0  0.65625 0.578125 0  0.671875 0.578125 0  0.6875 0.578125 0  0.703125 0.578125 0  0.71875 0.578125 0  0.734375 0.578125 0  0.75 0.578125 0  0.765625 0.578125 0  0.78125 0.578125 0  0.796875 0.578125 0  0.8125 0.578125 0  0.828125 0.578125 0  0.84375 0.578125 0  0.859375 0.578125 0  0.875 0.578125 0  0.890625 0.578125 0  0.90625 0.578125 0  0.921875 0.578125 0  0.9375 0.578125 0  0.953125 0.578125 0  0.96875 0.578125 0  0.984375 0.578125 0  1 0.578125 0  0 0.59375 0  0.015625 0.59375 0  0.03125 0.59375 0  0.046875 0.59375 0  0.0625 0.59375 0  0.078125 0.59375 0  0.09375 0.59375 0  0.109375 0.59375 0  0.125 0.59375 0  0.140625 0.59375 0  0.15625 0.59375 0  0.171875 0.59375 0  0.1875 0.59375 0  0.203125 0.59375 0  0.21875 0.59375 0  0.234375 0.59375 0  0.25 0.59375 0  0.265625 0.59375 0  0.28125 0.59375 0  0.296875 0.59375 0  0.3125 0.59375 0  0.328125 0.59375 0  0.34375 0.59375 0  0.359375 0.59375 0  0.375 0.59375 0  0.390625 0.59375 0  0.40625 0.59375 0  0.421875 0.59375 0  0.4375 0.59375 0  0.453125 0.59375 0  0.46875 0.59375 0  0.484375 0.59375 0  0.5 0.59375 0  0.515625 0.59375 0  0.53125 0.59375 0  0.546875 0.59375 0  0.5625 0.59375 0  0.578125 0.59375 0  0.59375 0.59375 0  0.609375 0.59375 0  0.625 0.59375 0  0.640625 0.59375 0  0.65625 0.59375 0  0.671875 0.59375 0  0.6875 0.59375 0  0.703125 0.59375 0  0.71875 0.59375 0  0.734375 0.59375 0  0.75 0.59375 0  0.765625 0.59375 0  0.78125 0.59375 0  0.796875 0.59375 0  0.8125 0.59375 0  0.828125 0.59375 0  0.84375 0.59375 0  0.859375 0.59375 0  0.875 0.59375 0  0.890625 0.59375 0  0.90625 0.59375 0  0.921875 0.59375 0  0.9375 0.59375 0  0.953125 0.59375 0  0.96875 0.59375 0  0.984375 0.59375 0  1 0.59375 0  0 0.609375 0  0.015625 0.609375 0  0.03125 0.609375 0  0.046875 0.609375 0  0.0625 0.609375 0  0.078125 0.609375 0  0.09375 0.609375 0  0.109375 0.609375 0  0.125 0.609375 0  0.140625 0.609375 0  0.15625 0.609375 0  0.171875 0.609375 0  0.1875 0.609375 0  0.203125 0.609375 0  0.21875 0.609375 0  0.234375 0.609375 0  0.25 0.609375 0  0.265625 0.609375 0  0.28125 0.609375 0  0.296875 0.609375 0  0.3125 0.609375 0  0.328125 0.609375 0  0.34375 0.609375 0  0.359375 0.609375 0  0.375 0.609375 0  0.390625 0.609375 0  0.40625 0.609375 0  0.421875 0.609375 0  0.4375 0.609375 0  0.453125 0.609375 0  0.46875 0.609375 0  0.484375 0.609375 0  0.5 0.609375 0  0.515625 0.609375 0  0.53125 0.609375 0  0.546875 0.609375 0  0.5625 0.609375 0  0.578125 0.609375 0  0.59375 0.609375 0  0.609375 0.609375 0  0.625 0.609375 0  0.640625 0.609375 0  0.65625 0.609375 0  0.671875 0.609375 0  0.6875 0.609375 0  0.703125 0.609375 0  0.71875 0.609375 0  0.734375 0.609375 0  0.75 0.609375 0  0.765625 0.609375 0  0.78125 0.609375 0  0.796875 0.609375 0  0.8125 0.609375 0  0.828125 0.609375 0  0.84375 0.609375 0  0.859375 0.609375 0  0.875 0.609375 0  0.890625 0.609375 0  0.90625 0.609375 0  0.921875 0.609375 0  0.9375 0.609375 0  0.953125 0.609375 0  0.96875 0.609375 0  0.984375 0.609375 0  1 0.609375 0  0 0.625 0  0.015625 0.625 0  0.03125 0.625 0  0.046875 0.625 0  0.0625 0.625 0  0.078125 0.625 0  0.09375 0.625 0  0.109375 0.625 0  0.125 0.625 0  0.140625 0.625 0  0.15625 0.625 0  0.171875 0.625 0  0.1875 0.625 0  0.203125 0.625 0  0.21875 0.625 0  0.234375 0.625 0  0.25 0.625 0  0.265625 0.625 0  0.28125 0.625 0  0.296875 0.625 0  0.3125 0.625 0  0.328125 0.625 0  0.34375 0.625 0  0.359375 0.625 0  0.375 0.625 0  0.390625 0.625 0  0.40625 0.625 0  0.421875 0.625 0  0.4375 0.625 0  0.453125 0.625 0  0.46875 0.625 0  0.484375 0.625 0  0.5 0.625 0  0.515625 0.625 0  0.53125 0.625 0  0.546875 0.625 0  0.5625 0.625 0  0.578125 0.625 0  0.59375 0.625 0  0.609375 0.625 0  0.625 0.625 0  0.640625 0.625 0  0.65625 0.625 0  0.671875 0.625 0  0.6875 0.625 0  0.703125 0.625 0  0.71875 0.625 0  0.734375 0.625 0  0.75 0.625 0  0.765625 0.625 0  0.78125 0.625 0  0.796875 0.625 0  0.8125 0.625 0  0.828125 0.625 0  0.84375 0.625 0  0.859375 0.625 0  0.875 0.625 0  0.890625 0.625 0  0.90625 0.625 0  0.921875 0.625 0  0.9375 0.625 0  0.953125 0.625 0  0.96875 0.625 0  0.984375 0.625 0  1 0.625 0  0 0.640625 0  0.015625 0.640625 0  0.03125 0.640625 0  0.046875 0.640625 0  0.0625 0.640625 0  0.078125 0.640625 0  0.09375 0.640625 0  0.109375 0.640625 0  0.125 0.640625 0  0.140625 0.640625 0  0.15625 0.640625 0  0.171875 0.640625 0  0.1875 0.640625 0  0.203125 0.640625 0  0.21875 0.640625 0  0.234375 0.640625 0  0.25 0.640625 0  0.265625 0.640625 0  0.28125 0.640625 0  0.296875 0.640625 0  0.3125 0.640625 0  0.328125 0.640625 0  0.34375 0.640625 0  0.359375 0.640625 0  0.375 0.640625 0  0.390625 0.640625 0  0.40625 0.640625 0  0.421875 0.640625 0  0.4375 0.640625 0  0.453125 0.640625 0  0.46875 0.640625 0  0.484375 0.640625 0  0.5 0.640625 0  0.515625 0.640625 0  0.53125 0.640625 0  0.546875 0.640625 0  0.5625 0.640625 0  0.578125 0.640625 0  0.59375 0.640625 0  0.609375 0.640625 0  0.625 0.640625 0  0.640625 0.640625 0  0.65625 0.640625 0  0.671875 0.640625 0  0.6875 0.640625 0  0.703125 0.640625 0  0.71875 0.640625 0  0.734375 0.640625 0  0.75 0.640625 0  0.765625 0.640625 0  0.78125 0.640625 0  0.796875 0.640625 0  0.8125 0.640625 0  0.828125 0.640625 0  0.84375 0.640625 0  0.859375 0.640625 0  0.875 0.640625 0  0.890625 0.640625 0  0.90625 0.640625 0  0.921875 0.640625 0  0.9375 0.640625 0  0.953125 0.640625 0  0.96875 0.640625 0  0.984375 0.640625 0  1 0.640625 0  0 0.65625 0  0.015625 0.65625 0  0.03125 0.65625 0  0.046875 0.65625 0  0.0625 0.65625 0  0.078125 0.65625 0  0.09375 0.65625 0  0.109375 0.65625 0  0.125 0.65625 0  0.140625 0.65625 0  0.15625 0.65625 0  0.171875 0.65625 0  0.1875 0.65625 0  0.203125 0.65625 0  0.21875 0.65625 0  0.234375 0.65625 0  0.25 0.65625 0  0.265625 0.65625 0  0.28125 0.65625 0  0.296875 0.65625 0  0.3125 0.65625 0  0.328125 0.65625 0  0.34375 0.65625 0  0.359375 0.65625 0  0.375 0.65625 0  0.390625 0.65625 0  0.40625 0.65625 0  0.421875 0.65625 0  0.4375 0.65625 0  0.453125 0.65625 0  0.46875 0.65625 0  0.484375 0.65625 0  0.5 0.65625 0  0.515625 0.65625 0  0.53125 0.65625 0  0.546875 0.65625 0  0.5625 0.65625 0  0.578125 0.65625 0  0.59375 0.65625 0  0.609375 0.65625 0  0.625 0.65625 0  0.640625 0.65625 0  0.65625 0.65625 0  0.671875 0.65625 0  0.6875 0.65625 0  0.703125 0.65625 0  0.71875 0.65625 0  0.734375 0.65625 0  0.75 0.65625 0  0.765625 0.65625 0  0.78125 0.65625 0  0.796875 0.65625 0  0.8125 0.65625 0  0.828125 0.65625 0  0.84375 0.65625 0  0.859375 0.65625 0  0.875 0.65625 0  0.890625 0.65625 0  0.90625 0.65625 0  0.921875 0.65625 0  0.9375 0.65625 0  0.953125 0.65625 0  0.96875 0.65625 0  0.984375 0.65625 0  1 0.65625 0  0 0.671875 0  0.015625 0.671875 0  0.03125 0.671875 0  0.046875 0.671875 0  0.0625 0.671875 0  0.078125 0.671875 0  0.09375 0.671875 0  0.109375 0.671875 0  0.125 0.671875 0  0.140625 0.671875 0  0.15625 0.671875 0  0.171875 0.671875 0  0.1875 0.671875 0  0.203125 0.671875 0  0.21875 0.671875 0  0.234375 0.671875 0  0.25 0.671875 0  0.265625 0.671875 0  0.28125 0.671875 0  0.296875 0.671875 0  0.3125 0.671875 0  0.328125 0.671875 0  0.34375 0.671875 0  0.359375 0.671875 0  0.375 0.671875 0  0.390625 0.671875 0  0.40625 0.671875 0  0.421875 0.671875 0  0.4375 0.671875 0  0.453125 0.671875 0  0.46875 0.671875 0  0.484375 0.671875 0  0.5 0.671875 0  0.515625 0.671875 0  0.53125 0.671875 0  0.546875 0.671875 0  0.5625 0.671875 0  0.578125 0.671875 0  0.59375 0.671875 0  0.609375 0.671875 0  0.625 0.671875 0  0.640625 0.671875 0  0.65625 0.671875 0  0.671875 0.671875 0  0.6875 0.671875 0  0.703125 0.671875 0  0.71875 0.671875 0  0.734375 0.671875 0  0.75 0.671875 0  0.765625 0.671875 0  0.78125 0.671875 0  0.796875 0.671875 0  0.8125 0.671875 0  0.828125 0.671875 0  0.84375 0.671875 0  0.859375 0.671875 0  0.875 0.671875 0  0.890625 0.671875 0  0.90625 0.671875 0  0.921875 0.671875 0  0.9375 0.671875 0  0.953125 0.671875 0  0.96875 0.671875 0  0.984375 0.671875 0  1 0.671875 0  0 0.6875 0  0.015625 0.6875 0  0.03125 0.6875 0  0.046875 0.6875 0  0.0625 0.6875 0  0.078125 0.6875 0  0.09375 0.6875 0  0.109375 0.6875 0  0.125 0.6875 0  0.140625 0.6875 0  0.15625 0.6875 0  0.171875 0.6875 0  0.1875 0.6875 0  0.203125 0.6875 0  0.21875 0.6875 0  0.234375 0.6875 0  0.25 0.6875 0  0.265625 0.6875 0  0.28125 0.6875 0  0.296875 0.6875 0  0.3125 0.6875 0  0.328125 0.6875 0  0.34375 0.6875 0  0.359375 0.6875 0  0.375 0.6875 0  0.390625 0.6875 0  0.40625 0.6875 0  0.421875 0.6875 0  0.4375 0.6875 0  0.453125 0.6875 0  0.46875 0.6875 0  0.484375 0.6875 0  0.5 0.6875 0  0.515625 0.6875 0  0.53125 0.6875 0  0.546875 0.6875 0  0.5625 0.6875 0  0.578125 0.6875 0  0.59375 0.6875 0  0.609375 0.6875 0  0.625 0.6875 0  0.640625 0.6875 0  0.65625 0.6875 0  0.671875 0.6875 0  0.6875 0.6875 0  0.703125 0.6875 0  0.71875 0.6875 0  0.734375 0.6875 0  0.75 0.6875 0  0.765625 0.6875 0  0.78125 0.6875 0  0.796875 0.6875 0  0.8125 0.6875 0  0.828125 0.6875 0  0.84375 0.6875 0  0.859375 0.6875 0  0.875 0.6875 0  0.890625 0.6875 0  0.90625 0.6875 0  0.921875 0.6875 0  0.9375 0.6875 0  0.953125 0.6875 0  0.96875 0.6875 0  0.984375 0.6875 0  1 0.6875 0  0 0.703125 0  0.015625 0.703125 0  0.03125 0.703125 0  0.046875 0.703125 0  0.0625 0.703125 0  0.078125 0.703125 0  0.09375 0.703125 0  0.109375 0.703125 0  0.125 0.703125 0  0.140625 0.703125 0  0.15625 0.703125 0  0.171875 0.703125 0  0.1875 0.703125 0  0.203125 0.703125 0  0.21875 0.703125 0  0.234375 0.703125 0  0.25 0.703125 0  0.265625 0.703125 0  0.28125 0.703125 0  0.296875 0.703125 0  0.3125 0.703125 0  0.328125 0.703125 0  0.34375 0.703125 0  0.359375 0.703125 0  0.375 0.703125 0  0.390625 0.703125 0  0.40625 0.703125 0  0.421875 0.703125 0  0.4375 0.703125 0  0.453125 0.703125 0  0.46875 0.703125 0  0.484375 0.703125 0  0.5 0.703125 0  0.515625 0.703125 0  0.53125 0.703125 0  0.546875 0.703125 0  0.5625 0.703125 0  0.578125 0.703125 0  0.59375 0.703125 0  0.609375 0.703125 0  0.625 0.703125 0  0.640625 0.703125 0  0.65625 0.703125 0  0.671875 0.703125 0  0.6875 0.703125 0  0.703125 0.703125 0  0.71875 0.703125 0  0.734375 0.703125 0  0.75 0.703125 0  0.765625 0.703125 0  0.78125 0.703125 0  0.796875 0.703125 0  0.8125 0.703125 0  0.828125 0.703125 0  0.84375 0.703125 0  0.859375 0.703125 0  0.875 0.703125 0  0.890625 0.703125 0  0.90625 0.703125 0  0.921875 0.703125 0  0.9375 0.703125 0  0.953125 0.703125 0  0.96875 0.703125 0  0.984375 0.703125 0  1 0.703125 0  0 0.71875 0  0.015625 0.71875 0  0.03125 0.71875 0  0.046875 0.71875 0  0.0625 0.71875 0  0.078125 0.71875 0  0.09375 0.71875 0  0.109375 0.71875 0  0.125 0.71875 0  0.140625 0.71875 0  0.15625 0.71875 0  0.171875 0.71875 0  0.1875 0.71875 0  0.203125 0.71875 0  0.21875 0.71875 0  0.234375 0.71875 0  0.25 0.71875 0  0.265625 0.71875 0  0.28125 0.71875 0  0.296875 0.71875 0  0.3125 0.71875 0  0.328125 0.71875 0  0.34375 0.71875 0  0.359375 0.71875 0  0.375 0.71875 0  0.390625 0.71875 0  0.40625 0.71875 0  0.421875 0.71875 0  0.4375 0.71875 0  0.453125 0.71875 0  0.46875 0.71875 0  0.484375 0.71875 0  0.5 0.71875 0  0.515625 0.71875 0  0.53125 0.71875 0  0.546875 0.71875 0  0.5625 0.71875 0  0.578125 0.71875 0  0.59375 0.71875 0  0.609375 0.71875 0  0.625 0.71875 0  0.640625 0.71875 0  0.65625 0.71875 0  0.671875 0.71875 0  0.6875 0.71875 0  0.703125 0.71875 0  0.71875 0.71875 0  0.734375 0.71875 0  0.75 0.71875 0  0.765625 0.71875 0  0.78125 0.71875 0  0.796875 0.71875 0  0.8125 0.71875 0  0.828125 0.71875 0  0.84375 0.71875 0  0.859375 0.71875 0  0.875 0.71875 0  0.890625 0.71875 0  0.90625 0.71875 0  0.921875 0.71875 0  0.9375 0.71875 0  0.953125 0.71875 0  0.96875 0.71875 0  0.984375 0.71875 0  1 0.71875 0  0 0.734375 0  0.015625 0.734375 0  0.03125 0.734375 0  0.046875 0.734375 0  0.0625 0.734375 0  0.078125 0.734375 0  0.09375 0.734375 0  0.109375 0.734375 0  0.125 0.734375 0  0.140625 0.734375 0  0.15625 0.734375 0  0.171875 0.734375 0  0.1875 0.734375 0  0.203125 0.734375 0  0.21875 0.734375 0  0.234375 0.734375 0  0.25 0.734375 0  0.265625 0.734375 0  0.28125 0.734375 0  0.296875 0.734375 0  0.3125 0.734375 0  0.328125 0.734375 0  0.34375 0.734375 0  0.359375 0.734375 0  0.375 0.734375 0  0.390625 0.734375 0  0.40625 0.734375 0  0.421875 0.734375 0  0.4375 0.734375 0  0.453125 0.734375 0  0.46875 0.734375 0  0.484375 0.734375 0  0.5 0.734375 0  0.515625 0.734375 0  0.53125 0.734375 0  0.546875 0.734375 0  0.5625 0.734375 0  0.578125 0.734375 0  0.59375 0.734375 0  0.609375 0.734375 0  0.625 0.734375 0  0.640625 0.734375 0  0.65625 0.734375 0  0.671875 0.734375 0  0.6875 0.734375 0  0.703125 0.734375 0  0.71875 0.734375 0  0.734375 0.734375 0  0.75 0.734375 0  0.765625 0.734375 0  0.78125 0.734375 0  0.796875 0.734375 0  0.8125 0.734375 0  0.828125 0.734375 0  0.84375 0.734375 0  0.859375 0.734375 0  0.875 0.734375 0  0.890625 0.734375 0  0.90625 0.734375 0  0.921875 0.734375 0  0.9375 0.734375 0  0.953125 0.734375 0  0.96875 0.734375 0  0.984375 0.734375 0  1 0.734375 0  0 0.75 0  0.015625 0.75 0  0.03125 0.75 0  0.046875 0.75 0  0.0625 0.75 0  0.078125 0.75 0  0.09375 0.75 0  0.109375 0.75 0  0.125 0.75 0  0.140625 0.75 0  0.15625 0.75 0  0.171875 0.75 0  0.1875 0.75 0  0.203125 0.75 0  0.21875 0.75 0  0.234375 0.75 0  0.25 0.75 0  0.265625 0.75 0  0.28125 0.75 0  0.296875 0.75 0  0.3125 0.75 0  0.328125 0.75 0  0.34375 0.75 0  0.359375 0.75 0  0.375 0.75 0  0.390625 0.75 0  0.40625 0.75 0  0.421875 0.75 0  0.4375 0.75 0  0.453125 0.75 0  0.46875 0.75 0  0.484375 0.75 0  0.5 0.75 0  0.515625 0.75 0  0.53125 0.75 0  0.546875 0.75 0  0.5625 0.75 0  0.578125 0.75 0  0.59375 0.75 0  0.609375 0.75 0  0.625 0.75 0  0.640625 0.75 0  0.65625 0.75 0  0.671875 0.75 0  0.6875 0.75 0  0.703125 0.75 0  0.71875 0.75 0  0.734375 0.75 0  0.75 0.75 0  0.765625 0.75 0  0.78125 0.75 0  0.796875 0.75 0  0.8125 0.75 0  0.828125 0.75 0  0.84375 0.75 0  0.859375 0.75 0  0.875 0.75 0  0.890625 0.75 0  0.90625 0.75 0  0.921875 0.75 0  0.9375 0.75 0  0.953125 0.75 0  0.96875 0.75 0  0.984375 0.75 0  1 0.75 0  0 0.765625 0  0.015625 0.765625 0  0.03125 0.765625 0  0.046875 0.765625 0  0.0625 0.765625 0  0.078125 0.765625 0  0.09375 0.765625 0  0.109375 0.765625 0  0.125 0.765625 0  0.140625 0.765625 0  0.15625 0.765625 0  0.171875 0.765625 0  0.1875 0.765625 0  0.203125 0.765625 0  0.21875 0.765625 0  0.234375 0.765625 0  0.25 0.765625 0  0.265625 0.765625 0  0.28125 0.765625 0  0.296875 0.765625 0  0.3125 0.765625 0  0.328125 0.765625 0  0.34375 0.765625 0  0.359375 0.765625 0  0.375 0.765625 0  0.390625 0.765625 0  0.40625 0.765625 0  0.421875 0.765625 0  0.4375 0.765625 0  0.453125 0.765625 0  0.46875 0.765625 0  0.484375 0.765625 0  0.5 0.765625 0  0.515625 0.765625 0  0.53125 0.765625 0  0.546875 0.765625 0  0.5625 0.765625 0  0.578125 0.765625 0  0.59375 0.765625 0  0.609375 0.765625 0  0.625 0.765625 0  0.640625 0.765625 0  0.65625 0.765625 0  0.671875 0.765625 0  0.6875 0.765625 0  0.703125 0.765625 0  0.71875 0.765625 0  0.734375 0.765625 0  0.75 0.765625 0  0.765625 0.765625 0  0.78125 0.765625 0  0.796875 0.765625 0  0.8125 0.765625 0  0.828125 0.765625 0  0.84375 0.765625 0  0.859375 0.765625 0  0.875 0.765625 0  0.890625 0.765625 0  0.90625 0.765625 0  0.921875 0.765625 0  0.9375 0.765625 0  0.953125 0.765625 0  0.96875 0.765625 0  0.984375 0.765625 0  1 0.765625 0  0 0.78125 0  0.015625 0.78125 0  0.03125 0.78125 0  0.046875 0.78125 0  0.0625 0.78125 0  0.078125 0.78125 0  0.09375 0.78125 0  0.109375 0.78125 0  0.125 0.78125 0  0.140625 0.78125 0  0.15625 0.78125 0  0.171875 0.78125 0  0.1875 0.78125 0  0.203125 0.78125 0  0.21875 0.78125 0  0.234375 0.78125 0  0.25 0.78125 0  0.265625 0.78125 0  0.28125 0.78125 0  0.296875 0.78125 0  0.3125 0.78125 0  0.328125 0.78125 0  0.34375 0.78125 0  0.359375 0.78125 0  0.375 0.78125 0  0.390625 0.78125 0  0.40625 0.78125 0  0.421875 0.78125 0  0.4375 0.78125 0  0.453125 0.78125 0  0.46875 0.78125 0  0.484375 0.78125 0  0.5 0.78125 0  0.515625 0.78125 0  0.53125 0.78125 0  0.546875 0.78125 0  0.5625 0.78125 0  0.578125 0.78125 0  0.59375 0.78125 0  0.609375 0.78125 0  0.625 0.78125 0  0.640625 0.78125 0  0.65625 0.78125 0  0.671875 0.78125 0  0.6875 0.78125 0  0.703125 0.78125 0  0.71875 0.78125 0  0.734375 0.78125 0  0.75 0.78125 0  0.765625 0.78125 0  0.78125 0.78125 0  0.796875 0.78125 0  0.8125 0.78125 0  0.828125 0.78125 0  0.84375 0.78125 0  0.859375 0.78125 0  0.875 0.78125 0  0.890625 0.78125 0  0.90625 0.78125 0  0.921875 0.78125 0  0.9375 0.78125 0  0.953125 0.78125 0  0.96875 0.78125 0  0.984375 0.78125 0  1 0.78125 0  0 0.796875 0  0.015625 0.796875 0  0.03125 0.796875 0  0.046875 0.796875 0  0.0625 0.796875 0  0.078125 0.796875 0  0.09375 0.796875 0  0.109375 0.796875 0  0.125 0.796875 0  0.140625 0.796875 0  0.15625 0.796875 0  0.171875 0.796875 0  0.1875 0.796875 0  0.203125 0.796875 0  0.21875 0.796875 0  0.234375 0.796875 0  0.25 0.796875 0  0.265625 0.796875 0  0.28125 0.796875 0  0.296875 0.796875 0  0.3125 0.796875 0  0.328125 0.796875 0  0.34375 0.796875 0  0.359375 0.796875 0  0.375 0.796875 0  0.390625 0.796875 0  0.40625 0.796875 0  0.421875 0.796875 0  0.4375 0.796875 0  0.453125 0.796875 0  0.46875 0.796875 0  0.484375 0.796875 0  0.5 0.796875 0  0.515625 0.796875 0  0.53125 0.796875 0  0.546875 0.796875 0  0.5625 0.796875 0  0.578125 0.796875 0  0.59375 0.796875 0  0.609375 0.796875 0  0.625 0.796875 0  0.640625 0.796875 0  0.65625 0.796875 0  0.671875 0.796875 0  0.6875 0.796875 0  0.703125 0.796875 0  0.71875 0.796875 0  0.734375 0.796875 0  0.75 0.796875 0  0.765625 0.796875 0  0.78125 0.796875 0  0.796875 0.796875 0  0.8125 0.796875 0  0.828125 0.796875 0  0.84375 0.796875 0  0.859375 0.796875 0  0.875 0.796875 0  0.890625 0.796875 0  0.90625 0.796875 0  0.921875 0.796875 0  0.9375 0.796875 0  0.953125 0.796875 0  0.96875 0.796875 0  0.984375 0.796875 0  1 0.796875 0  0 0.8125 0  0.015625 0.8125 0  0.03125 0.8125 0  0.046875 0.8125 0  0.0625 0.8125 0  0.078125 0.8125 0  0.09375 0.8125 0  0.109375 0.8125 0  0.125 0.8125 0  0.140625 0.8125 0  0.15625 0.8125 0  0.171875 0.8125 0  0.1875 0.8125 0  0.203125 0.8125 0  0.21875 0.8125 0  0.234375 0.8125 0  0.25 0.8125 0  0.265625 0.8125 0  0.28125 0.8125 0  0.296875 0.8125 0  0.3125 0.8125 0  0.328125 0.8125 0  0.34375 0.8125 0  0.359375 0.8125 0  0.375 0.8125 0  0.390625 0.8125 0  0.40625 0.8125 0  0.421875 0.8125 0  0.4375 0.8125 0  0.453125 0.8125 0  0.46875 0.8125 0  0.484375 0.8125 0  0.5 0.8125 0  0.515625 0.8125 0  0.53125 0.8125 0  0.546875 0.8125 0  0.5625 0.8125 0  0.578125 0.8125 0  0.59375 0.8125 0  0.609375 0.8125 0  0.625 0.8125 0  0.640625 0.8125 0  0.65625 0.8125 0  0.671875 0.8125 0  0.6875 0.8125 0  0.703125 0.8125 0  0.71875 0.8125 0  0.734375 0.8125 0  0.75 0.8125 0  0.765625 0.8125 0  0.78125 0.8125 0  0.796875 0.8125 0  0.8125 0.8125 0  0.828125 0.8125 0  0.84375 0.8125 0  0.859375 0.8125 0  0.875 0.8125 0  0.890625 0.8125 0  0.90625 0.8125 0  0.921875 0.8125 0  0.9375 0.8125 0  0.953125 0.8125 0  0.96875 0.8125 0  0.984375 0.8125 0  1 0.8125 0  0 0.828125 0  0.015625 0.828125 0  0.03125 0.828125 0  0.046875 0.828125 0  0.0625 0.828125 0  0.078125 0.828125 0  0.09375 0.828125 0  0.109375 0.828125 0  0.125 0.828125 0  0.140625 0.828125 0  0.15625 0.828125 0  0.171875 0.828125 0  0.1875 0.828125 0  0.203125 0.828125 0  0.21875 0.828125 0  0.234375 0.828125 0  0.25 0.828125 0  0.265625 0.828125 0  0.28125 0.828125 0  0.296875 0.828125 0  0.3125 0.828125 0  0.328125 0.828125 0  0.34375 0.828125 0  0.359375 0.828125 0  0.375 0.828125 0  0.390625 0.828125 0  0.40625 0.828125 0  0.421875 0.828125 0  0.4375 0.828125 0  0.453125 0.828125 0  0.46875 0.828125 0  0.484375 0.828125 0  0.5 0.828125 0  0.515625 0.828125 0  0.53125 0.828125 0  0.546875 0.828125 0  0.5625 0.828125 0  0.578125 0.828125 0  0.59375 0.828125 0  0.609375 0.828125 0  0.625 0.828125 0  0.640625 0.828125 0  0.65625 0.828125 0  0.671875 0.828125 0  0.6875 0.828125 0  0.703125 0.828125 0  0.71875 0.828125 0  0.734375 0.828125 0  0.75 0.828125 0  0.765625 0.828125 0  0.78125 0.828125 0  0.796875 0.828125 0  0.8125 0.828125 0  0.828125 0.828125 0  0.84375 0.828125 0  0.859375 0.828125 0  0.875 0.828125 0  0.890625 0.828125 0  0.90625 0.828125 0  0.921875 0.828125 0  0.9375 0.828125 0  0.953125 0.828125 0  0.96875 0.828125 0  0.984375 0.828125 0  1 0.828125 0  0 0.84375 0  0.015625 0.84375 0  0.03125 0.84375 0  0.046875 0.84375 0  0.0625 0.84375 0  0.078125 0.84375 0  0.09375 0.84375 0  0.109375 0.84375 0  0.125 0.84375 0  0.140625 0.84375 0  0.15625 0.84375 0  0.171875 0.84375 0  0.1875 0.84375 0  0.203125 0.84375 0  0.21875 0.84375 0  0.234375 0.84375 0  0.25 0.84375 0  0.265625 0.84375 0  0.28125 0.84375 0  0.296875 0.84375 0  0.3125 0.84375 0  0.328125 0.84375 0  0.34375 0.84375 0  0.359375 0.84375 0  0.375 0.84375 0  0.390625 0.84375 0  0.40625 0.84375 0  0.421875 0.84375 0  0.4375 0.84375 0  0.453125 0.84375 0  0.46875 0.84375 0  0.484375 0.84375 0  0.5 0.84375 0  0.515625 0.84375 0  0.53125 0.84375 0  0.546875 0.84375 0  0.5625 0.84375 0  0.578125 0.84375 0  0.59375 0.84375 0  0.609375 0.84375 0  0.625 0.84375 0  0.640625 0.84375 0  0.65625 0.84375 0  0.671875 0.84375 0  0.6875 0.84375 0  0.703125 0.84375 0  0.71875 0.84375 0  0.734375 0.84375 0  0.75 0.84375 0  0.765625 0.84375 0  0.78125 0.84375 0  0.796875 0.84375 0  0.8125 0.84375 0  0.828125 0.84375 0  0.84375 0.84375 0  0.859375 0.84375 0  0.875 0.84375 0  0.890625 0.84375 0  0.90625 0.84375 0  0.921875 0.84375 0  0.9375 0.84375 0  0.953125 0.84375 0  0.96875 0.84375 0  0.984375 0.84375 0  1 0.84375 0  0 0.859375 0  0.015625 0.859375 0  0.03125 0.859375 0  0.046875 0.859375 0  0.0625 0.859375 0  0.078125 0.859375 0  0.09375 0.859375 0  0.109375 0.859375 0  0.125 0.859375 0  0.140625 0.859375 0  0.15625 0.859375 0  0.171875 0.859375 0  0.1875 0.859375 0  0.203125 0.859375 0  0.21875 0.859375 0  0.234375 0.859375 0  0.25 0.859375 0  0.265625 0.859375 0  0.28125 0.859375 0  0.296875 0.859375 0  0.3125 0.859375 0  0.328125 0.859375 0  0.34375 0.859375 0  0.359375 0.859375 0  0.375 0.859375 0  0.390625 0.859375 0  0.40625 0.859375 0  0.421875 0.859375 0  0.4375 0.859375 0  0.453125 0.859375 0  0.46875 0.859375 0  0.484375 0.859375 0  0.5 0.859375 0  0.515625 0.859375 0  0.53125 0.859375 0  0.546875 0.859375 0  0.5625 0.859375 0  0.578125 0.859375 0  0.59375 0.859375 0  0.609375 0.859375 0  0.625 0.859375 0  0.640625 0.859375 0  0.65625 0.859375 0  0.671875 0.859375 0  0.6875 0.859375 0  0.703125 0.859375 0  0.71875 0.859375 0  0.734375 0.859375 0  0.75 0.859375 0  0.765625 0.859375 0  0.78125 0.859375 0  0.796875 0.859375 0  0.8125 0.859375 0  0.828125 0.859375 0  0.84375 0.859375 0  0.859375 0.859375 0  0.875 0.859375 0  0.890625 0.859375 0  0.90625 0.859375 0  0.921875 0.859375 0  0.9375 0.859375 0  0.953125 0.859375 0  0.96875 0.859375 0  0.984375 0.859375 0  1 0.859375 0  0 0.875 0  0.015625 0.875 0  0.03125 0.875 0  0.046875 0.875 0  0.0625 0.875 0  0.078125 0.875 0  0.09375 0.875 0  0.109375 0.875 0  0.125 0.875 0  0.140625 0.875 0  0.15625 0.875 0  0.171875 0.875 0  0.1875 0.875 0  0.203125 0.875 0  0.21875 0.875 0  0.234375 0.875 0  0.25 0.875 0  0.265625 0.875 0  0.28125 0.875 0  0.296875 0.875 0  0.3125 0.875 0  0.328125 0.875 0  0.34375 0.875 0  0.359375 0.875 0  0.375 0.875 0  0.390625 0.875 0  0.40625 0.875 0  0.421875 0.875 0  0.4375 0.875 0  0.453125 0.875 0  0.46875 0.875 0  0.484375 0.875 0  0.5 0.875 0  0.515625 0.875 0  0.53125 0.875 0  0.546875 0.875 0  0.5625 0.875 0  0.578125 0.875 0  0.59375 0.875 0  0.609375 0.875 0  0.625 0.875 0  0.640625 0.875 0  0.65625 0.875 0  0.671875 0.875 0  0.6875 0.875 0  0.703125 0.875 0  0.71875 0.875 0  0.734375 0.875 0  0.75 0.875 0  0.765625 0.875 0  0.78125 0.875 0  0.796875 0.875 0  0.8125 0.875 0  0.828125 0.875 0  0.84375 0.875 0  0.859375 0.875 0  0.875 0.875 0  0.890625 0.875 0  0.90625 0.875 0  0.921875 0.875 0  0.9375 0.875 0  0.953125 0.875 0  0.96875 0.875 0  0.984375 0.875 0  1 0.875 0  0 0.890625 0  0.015625 0.890625 0  0.03125 0.890625 0  0.046875 0.890625 0  0.0625 0.890625 0  0.078125 0.890625 0  0.09375 0.890625 0  0.109375 0.890625 0  0.125 0.890625 0  0.140625 0.890625 0  0.15625 0.890625 0  0.171875 0.890625 0  0.1875 0.890625 0  0.203125 0.890625 0  0.21875 0.890625 0  0.234375 0.890625 0  0.25 0.890625 0  0.265625 0.890625 0  0.28125 0.890625 0  0.296875 0.890625 0  0.3125 0.890625 0  0.328125 0.890625 0  0.34375 0.890625 0  0.359375 0.890625 0  0.375 0.890625 0  0.390625 0.890625 0  0.40625 0.890625 0  0.421875 0.890625 0  0.4375 0.890625 0  0.453125 0.890625 0  0.46875 0.890625 0  0.484375 0.890625 0  0.5 0.890625 0  0.515625 0.890625 0  0.53125 0.890625 0  0.546875 0.890625 0  0.5625 0.890625 0  0.578125 0.890625 0  0.59375 0.890625 0  0.609375 0.890625 0  0.625 0.890625 0  0.640625 0.890625 0  0.65625 0.890625 0  0.671875 0.890625 0  0.6875 0.890625 0  0.703125 0.890625 0  0.71875 0.890625 0  0.734375 0.890625 0  0.75 0.890625 0  0.765625 0.890625 0  0.78125 0.890625 0  0.796875 0.890625 0  0.8125 0.890625 0  0.828125 0.890625 0  0.84375 0.890625 0  0.859375 0.890625 0  0.875 0.890625 0  0.890625 0.890625 0  0.90625 0.890625 0  0.921875 0.890625 0  0.9375 0.890625 0  0.953125 0.890625 0  0.96875 0.890625 0  0.984375 0.890625 0  1 0.890625 0  0 0.90625 0  0.015625 0.90625 0  0.03125 0.90625 0  0.046875 0.90625 0  0.0625 0.90625 0  0.078125 0.90625 0  0.09375 0.90625 0  0.109375 0.90625 0  0.125 0.90625 0  0.140625 0.90625 0  0.15625 0.90625 0  0.171875 0.90625 0  0.1875 0.90625 0  0.203125 0.90625 0  0.21875 0.90625 0  0.234375 0.90625 0  0.25 0.90625 0  0.265625 0.90625 0  0.28125 0.90625 0  0.296875 0.90625 0  0.3125 0.90625 0  0.328125 0.90625 0  0.34375 0.90625 0  0.359375 0.90625 0  0.375 0.90625 0  0.390625 0.90625 0  0.40625 0.90625 0  0.421875 0.90625 0  0.4375 0.90625 0  0.453125 0.90625 0  0.46875 0.90625 0  0.484375 0.90625 0  0.5 0.90625 0  0.515625 0.90625 0  0.53125 0.90625 0  0.546875 0.90625 0  0.5625 0.90625 0  0.578125 0.90625 0  0.59375 0.90625 0  0.609375 0.90625 0  0.625 0.90625 0  0.640625 0.90625 0  0.65625 0.90625 0  0.671875 0.90625 0  0.6875 0.90625 0  0.703125 0.90625 0  0.71875 0.90625 0  0.734375 0.90625 0  0.75 0.90625 0  0.765625 0.90625 0  0.78125 0.90625 0  0.796875 0.90625 0  0.8125 0.90625 0  0.828125 0.90625 0  0.84375 0.90625 0  0.859375 0.90625 0  0.875 0.90625 0  0.890625 0.90625 0  0.90625 0.90625 0  0.921875 0.90625 0  0.9375 0.90625 0  0.953125 0.90625 0  0.96875 0.90625 0  0.984375 0.90625 0  1 0.90625 0  0 0.921875 0  0.015625 0.921875 0  0.03125 0.921875 0  0.046875 0.921875 0  0.0625 0.921875 0  0.078125 0.921875 0  0.09375 0.921875 0  0.109375 0.921875 0  0.125 0.921875 0  0.140625 0.921875 0  0.15625 0.921875 0  0.171875 0.921875 0  0.1875 0.921875 0  0.203125 0.921875 0  0.21875 0.921875 0  0.234375 0.921875 0  0.25 0.921875 0  0.265625 0.921875 0  0.28125 0.921875 0  0.296875 0.921875 0  0.3125 0.921875 0  0.328125 0.921875 0  0.34375 0.921875 0  0.359375 0.921875 0  0.375 0.921875 0  0.390625 0.921875 0  0.40625 0.921875 0  0.421875 0.921875 0  0.4375 0.921875 0  0.453125 0.921875 0  0.46875 0.921875 0  0.484375 0.921875 0  0.5 0.921875 0  0.515625 0.921875 0  0.53125 0.921875 0  0.546875 0.921875 0  0.5625 0.921875 0  0.578125 0.921875 0  0.59375 0.921875 0  0.609375 0.921875 0  0.625 0.921875 0  0.640625 0.921875 0  0.65625 0.921875 0  0.671875 0.921875 0  0.6875 0.921875 0  0.703125 0.921875 0  0.71875 0.921875 0  0.734375 0.921875 0  0.75 0.921875 0  0.765625 0.921875 0  0.78125 0.921875 0  0.796875 0.921875 0  0.8125 0.921875 0  0.828125 0.921875 0  0.84375 0.921875 0  0.859375 0.921875 0  0.875 0.921875 0  0.890625 0.921875 0  0.90625 0.921875 0  0.921875 0.921875 0  0.9375 0.921875 0  0.953125 0.921875 0  0.96875 0.921875 0  0.984375 0.921875 0  1 0.921875 0  0 0.9375 0  0.015625 0.9375 0  0.03125 0.9375 0  0.046875 0.9375 0  0.0625 0.9375 0  0.078125 0.9375 0  0.09375 0.9375 0  0.109375 0.9375 0  0.125 0.9375 0  0.140625 0.9375 0  0.15625 0.9375 0  0.171875 0.9375 0  0.1875 0.9375 0  0.203125 0.9375 0  0.21875 0.9375 0  0.234375 0.9375 0  0.25 0.9375 0  0.265625 0.9375 0  0.28125 0.9375 0  0.296875 0.9375 0  0.3125 0.9375 0  0.328125 0.9375 0  0.34375 0.9375 0  0.359375 0.9375 0  0.375 0.9375 0  0.390625 0.9375 0  0.40625 0.9375 0  0.421875 0.9375 0  0.4375 0.9375 0  0.453125 0.9375 0  0.46875 0.9375 0  0.484375 0.9375 0  0.5 0.9375 0  0.515625 0.9375 0  0.53125 0.9375 0  0.546875 0.9375 0  0.5625 0.9375 0  0.578125 0.9375 0  0.59375 0.9375 0  0.609375 0.9375 0  0.625 0.9375 0  0.640625 0.9375 0  0.65625 0.9375 0  0.671875 0.9375 0  0.6875 0.9375 0  0.703125 0.9375 0  0.71875 0.9375 0  0.734375 0.9375 0  0.75 0.9375 0  0.765625 0.9375 0  0.78125 0.9375 0  0.796875 0.9375 0  0.8125 0.9375 0  0.828125 0.9375 0  0.84375 0.9375 0  0.859375 0.9375 0  0.875 0.9375 0  0.890625 0.9375 0  0.90625 0.9375 0  0.921875 0.9375 0  0.9375 0.9375 0  0.953125 0.9375 0  0.96875 0.9375 0  0.984375 0.9375 0  1 0.9375 0  0 0.953125 0  0.015625 0.953125 0  0.03125 0.953125 0  0.046875 0.953125 0  0.0625 0.953125 0  0.078125 0.953125 0  0.09375 0.953125 0  0.109375 0.953125 0  0.125 0.953125 0  0.140625 0.953125 0  0.15625 0.953125 0  0.171875 0.953125 0  0.1875 0.953125 0  0.203125 0.953125 0  0.21875 0.953125 0  0.234375 0.953125 0  0.25 0.953125 0  0.265625 0.953125 0  0.28125 0.953125 0  0.296875 0.953125 0  0.3125 0.953125 0  0.328125 0.953125 0  0.34375 0.953125 0  0.359375 0.953125 0  0.375 0.953125 0  0.390625 0.953125 0  0.40625 0.953125 0  0.421875 0.953125 0  0.4375 0.953125 0  0.453125 0.953125 0  0.46875 0.953125 0  0.484375 0.953125 0  0.5 0.953125 0  0.515625 0.953125 0  0.53125 0.953125 0  0.546875 0.953125 0  0.5625 0.953125 0  0.578125 0.953125 0  0.59375 0.953125 0  0.609375 0.953125 0  0.625 0.953125 0  0.640625 0.953125 0  0.65625 0.953125 0  0.671875 0.953125 0  0.6875 0.953125 0  0.703125 0.953125 0  0.71875 0.953125 0  0.734375 0.953125 0  0.75 0.953125 0  0.765625 0.953125 0  0.78125 0.953125 0  0.796875 0.953125 0  0.8125 0.953125 0  0.828125 0.953125 0  0.84375 0.953125 0  0.859375 0.953125 0  0.875 0.953125 0  0.890625 0.953125 0  0.90625 0.953125 0  0.921875 0.953125 0  0.9375 0.953125 0  0.953125 0.953125 0  0.96875 0.953125 0  0.984375 0.953125 0  1 0.953125 0  0 0.96875 0  0.015625 0.96875 0  0.03125 0.96875 0  0.046875 0.96875 0  0.0625 0.96875 0  0.078125 0.96875 0  0.09375 0.96875 0  0.109375 0.96875 0  0.125 0.96875 0  0.140625 0.96875 0  0.15625 0.96875 0  0.171875 0.96875 0  0.1875 0.96875 0  0.203125 0.96875 0  0.21875 0.96875 0  0.234375 0.96875 0  0.25 0.96875 0  0.265625 0.96875 0  0.28125 0.96875 0  0.296875 0.96875 0  0.3125 0.96875 0  0.328125 0.96875 0  0.34375 0.96875 0  0.359375 0.96875 0  0.375 0.96875 0  0.390625 0.96875 0  0.40625 0.96875 0  0.421875 0.96875 0  0.4375 0.96875 0  0.453125 0.96875 0  0.46875 0.96875 0  0.484375 0.96875 0  0.5 0.96875 0  0.515625 0.96875 0  0.53125 0.96875 0  0.546875 0.96875 0  0.5625 0.96875 0  0.578125 0.96875 0  0.59375 0.96875 0  0.609375 0.96875 0  0.625 0.96875 0  0.640625 0.96875 0  0.65625 0.96875 0  0.671875 0.96875 0  0.6875 0.96875 0  0.703125 0.96875 0  0.71875 0.96875 0  0.734375 0.96875 0  0.75 0.96875 0  0.765625 0.96875 0  0.78125 0.96875 0  0.796875 0.96875 0  0.8125 0.96875 0  0.828125 0.96875 0  0.84375 0.96875 0  0.859375 0.96875 0  0.875 0.96875 0  0.890625 0.96875 0  0.90625 0.96875 0  0.921875 0.96875 0  0.9375 0.96875 0  0.953125 0.96875 0  0.96875 0.96875 0  0.984375 0.96875 0  1 0.96875 0  0 0.984375 0  0.015625 0.984375 0  0.03125 0.984375 0  0.046875 0.984375 0  0.0625 0.984375 0  0.078125 0.984375 0  0.09375 0.984375 0  0.109375 0.984375 0  0.125 0.984375 0  0.140625 0.984375 0  0.15625 0.984375 0  0.171875 0.984375 0  0.1875 0.984375 0  0.203125 0.984375 0  0.21875 0.984375 0  0.234375 0.984375 0  0.25 0.984375 0  0.265625 0.984375 0  0.28125 0.984375 0  0.296875 0.984375 0  0.3125 0.984375 0  0.328125 0.984375 0  0.34375 0.984375 0  0.359375 0.984375 0  0.375 0.984375 0  0.390625 0.984375 0  0.40625 0.984375 0  0.421875 0.984375 0  0.4375 0.984375 0  0.453125 0.984375 0  0.46875 0.984375 0  0.484375 0.984375 0  0.5 0.984375 0  0.515625 0.984375 0  0.53125 0.984375 0  0.546875 0.984375 0  0.5625 0.984375 0  0.578125 0.984375 0  0.59375 0.984375 0  0.609375 0.984375 0  0.625 0.984375 0  0.640625 0.984375 0  0.65625 0.984375 0  0.671875 0.984375 0  0.6875 0.984375 0  0.703125 0.984375 0  0.71875 0.984375 0  0.734375 0.984375 0  0.75 0.984375 0  0.765625 0.984375 0  0.78125 0.984375 0  0.796875 0.984375 0  0.8125 0.984375 0  0.828125 0.984375 0  0.84375 0.984375 0  0.859375 0.984375 0  0.875 0.984375 0  0.890625 0.984375 0  0.90625 0.984375 0  0.921875 0.984375 0  0.9375 0.984375 0  0.953125 0.984375 0  0.96875 0.984375 0  0.984375 0.984375 0  1 0.984375 0  0 1 0  0.015625 1 0  0.03125 1 0  0.046875 1 0  0.0625 1 0  0.078125 1 0  0.09375 1 0  0.109375 1 0  0.125 1 0  0.140625 1 0  0.15625 1 0  0.171875 1 0  0.1875 1 0  0.203125 1 0  0.21875 1 0  0.234375 1 0  0.25 1 0  0.265625 1 0  0.28125 1 0  0.296875 1 0  0.3125 1 0  0.328125 1 0  0.34375 1 0  0.359375 1 0  0.375 1 0  0.390625 1 0  0.40625 1 0  0.421875 1 0  0.4375 1 0  0.453125 1 0  0.46875 1 0  0.484375 1 0  0.5 1 0  0.515625 1 0  0.53125 1 0  0.546875 1 0  0.5625 1 0  0.578125 1 0  0.59375 1 0  0.609375 1 0  0.625 1 0  0.640625 1 0  0.65625 1 0  0.671875 1 0  0.6875 1 0  0.703125 1 0  0.71875 1 0  0.734375 1 0  0.75 1 0  0.765625 1 0  0.78125 1 0  0.796875 1 0  0.8125 1 0  0.828125 1 0  0.84375 1 0  0.859375 1 0  0.875 1 0  0.890625 1 0  0.90625 1 0  0.921875 1 0  0.9375 1 0  0.953125 1 0  0.96875 1 0  0.984375 1 0  1 1 0  </DataArray>
</Points>
<Cells>
<DataArray  type="UInt32"  Name="connectivity"  format="ascii">0 1 66  0 65 66  1 2 67  1 66 67  2 3 68  2 67 68  3 4 69  3 68 69  4 5 70  4 69 70  5 6 71  5 70 71  6 7 72  6 71 72  7 8 73  7 72 73  8 9 74  8 73 74  9 10 75  9 74 75  10 11 76  10 75 76  11 12 77  11 76 77  12 13 78  12 77 78  13 14 79  13 78 79  14 15 80  14 79 80  15 16 81  15 80 81  16 17 82  16 81 82  17 18 83  17 82 83  18 19 84  18 83 84  19 20 85  19 84 85  20 21 86  20 85 86  21 22 87  21 86 87  22 23 88  22 87 88  23 24 89  23 88 89  24 25 90  24 89 90  25 26 91  25 90 91  26 27 92  26 91 92  27 28 93  27 92 93  28 29 94  28 93 94  29 30 95  29 94 95  30 31 96  30 95 96  31 32 97  31 96 97  32 33 98  32 97 98  33 34 99  33 98 99  34 35 100  34 99 100  35 36 101  35 100 101  36 37 102  36 101 102  37 38 103  37 102 103  38 39 104  38 103 104  39 40 105  39 104 105  40 41 106  40 105 106  41 42 107  41 106 107  42 43 108  42 107 108  43 44 109  43 108 109  44 45 110  44 109 110  45 46 111  45 110 111  46 47 112  46 111 112  47 48 113  47 112 113  48 49 114  48 113 114  49 50 115  49 114 115  50 51 116  50 115 116  51 52 117  51 116 117  52 53 118  52 117 118  53 54 119  53 118 119  54 55 120  54 119 120  55 56 121  55 120 121  56 57 122  56 121 122  57 58 123  57 122 123  58 59 124  58 123 124  59 60 125  59 124 125  60 61 126  60 125 126  61 62 127  61 126 127  62 63 128  62 127 128  63 64 129  63 128 129  65 66 131  65 130 131  66 67 132  66 131 132  67 68 133  67 132 133  68 69 134  68 133 134  69 70 135  69 134 135  70 71 136  70 135 136  71 72 137  71 136 137  72 73 138  72 137 138  73 74 139  73 138 139  74 75 140  74 139 140  75 76 141  75 140 141  76 77 142  76 141 142  77 78 143  77 142 143  78 79 144  78 143 144  79 80 145  79 144 145  80 81 146  80 145 146  81 82 147  81 146 147  82 83 148  82 147 148  83 84 149  83 148 149  84 85 150  84 149 150  85 86 151  85 150 151  86 87 152  86 151 152  87 88 153  87 152 153  88 89 154  88 153 154  89 90 155  89 154 155  90 91 156  90 155 156  91 92 157  91 156 157  92 93 158  92 157 158  93 94 159  93 158 159  94 95 160  94 159 160  95 96 161  95 160 161  96 97 162  96 161 162  97 98 163  97 162 163  98 99 164  98 163 164  99 100 165  99 164 165  100 101 166  100 165 166  101 102 167  101 166 167  102 103 168  102 167 168  103 104 169  103 168 169  104 105 170  104 169 170  105 106 171  105 170 171  106 107 172  106 171 172  107 108 173  107 172 173  108 109 174  108 173 174  109 110 175  109 174 175  110 111 176  110 175 176  111 112 177  111 176 177  112 113 178  112 177 178  113 114 179  113 178 179  114 115 180  114 179 180  115 116 181  115 180 181  116 117 182  116 181 182  117 118 183  117 182 183  118 119 184  118 183 184  119 120 185  119 184 185  120 121 186  120 185 186  121 122 187  121 186 187  122 123 188  122 187 188  123 124 189  123 188 189  124 125 190  124 189 190  125 126 191  125 190 191  126 127 192  126 191 192  127 128 193  127 192 193  128 129 194  128 193 194  130 131 196  130 195 196  131 132 197  131 196 197  132 133 198  132 197 198  133 134 199  133 198 199  134 135 200  134 199 200  135 136 201  135 200 201  136 137 202  136 201 202  137 138 203  137 202 203  138 139 204  138 203 204  139 140 205  139 204 205  140 141 206  140 205 206  141 142 207  141 206 207  142 143 208  142 207 208  143 144 209  143 208 209  144 145 210  144 209 210  145 146 211  145 210 211  146 147 212  146 211 212  147 148 213  147 212 213  148 149 214  148 213 214  149 150 215  149 214 215  150 151 216  150 215 216  151 152 217  151 216 217  152 153 218  152 217 218  153 154 219  153 218 219  154 155 220  154 219 220  155 156 221  155 220 221  156 157 222  156 221 222  157 158 223  157 222 223  158 159 224  158 223 224  159 160 225  159 224 225  160 161 226  160 225 226  161 162 227  161 226 227  162 163 228  162 227 228  163 164 229  163 228 229  164 165 230  164 229 230  165 166 231  165 230 231  166 167 232  166 231 232  167 168 233  167 232 233  168 169 234  168 233 234  169 170 235  169 234 235  170 171 236  170 235 236  171 172 237  171 236 237  172 173 238  172 237 238  173 174 239  173 238 239  174 175 240  174 239 240  175 176 241  175 240 241  176 177 242  176 241 242  177 178 243  177 242 243  178 179 244  178 243 244  179 180 245  179 244 245  180 181 246  180 245 246  181 182 247  181 246 247  182 183 248  182 247 248  183 184 249  183 248 249  184 185 250  184 249 250  185 186 251  185 250 251  186 187 252  186 251 252  187 188 253  187 252 253  188 189 254  188 253 254  189 190 255  189 254 255  190 191 256  190 255 256  191 192 257  191 256 257  192 193 258  192 257 258  193 194 259  193 258 259  195 196 261  195 260 261  196 197 262  196 261 262  197 198 263  197 262 263  198 199 264  198 263 264  199 200 265  199 264 265  200 201 266  200 265 266  201 202 267  201 266 267  202 203 268  202 267 268  203 204 269  203 268 269  204 205 270  204 269 270  205 206 271  205 270 271  206 207 272  206 271 272  207 208 273  207 272 273  208 209 274  208 273 274  209 210 275  209 274 275  210 211 276  210 275 276  211 212 277  211 276 277  212 213 278  212 277 278  213 214 279  213 278 279  214 215 280  214 279 280  215 216 281  215 280 281  216 217 282  216 281 282  217 218 283  217 282 283  218 219 284  218 283 284  219 220 285  219 284 285  220 221 286  220 285 286  221 222 287  221 286 287  222 223 288  222 287 288  223 224 289  223 288 289  224 225 290  224 289 290  225 226 291  225 290 291  226 227 292  226 291 292  227 228 293  227 292 293  228 229 294  228 293 294  229 230 295  229 294 295  230 231 296  230 295 296  231 232 297  231 296 297  232 233 298  232 297 298  233 234 299  233 298 299  234 235 300  234 299 300  235 236 301  235 300 301  236 237 302  236 301 302  237 238 303  237 302 303  238 239 304  238 303 304  239 240 305  239 304 305  240 241 306  240 305 306  241 242 307  241 306 307  242 243 308  242 307 308  243 244 309  243 308 309  244 245 310  244 309 310  245 246 311  245 310 311  246 247 312  246 311 312  247 248 313  247 312 313  248 249 314  248 313 314  249 250 315  249 314 315  250 251 316  250 315 316  251 252 317  251 316 317  252 253 318  252 317 318  253 254 319  253 318 319  254 255 320  254 319 320  255 256 321  255 320 321  256 257 322  256 321 322  257 258 323  257 322 323  258 259 324  258 323 324  260 261 326  260 325 326  261 262 327  261 326 327  262 263 328  262 327 328  263 264 329  263 328 329  264 265 330  264 329 330  265 266 331  265 330 331  266 267 332  266 331 332  267 268 333  267 332 333  268 269 334  268 333 334  269 270 335  269 334 335  270 271 336  270 335 336  271 272 337  271 336 337  272 273 338  272 337 338  273 274 339  273 338 339  274 275 340  274 339 340  275 276 341  275 340 341  276 277 342  276 341 342  277 278 343  277 342 343  278 279 344  278 343 344  279 280 345  279 344 345  280 281 346  280 345 346  281 282 347  281 346 347  282 283 348  282 347 348  283 284 349  283 348 349  284 285 350  284 349 350  285 286 351  285 350 351  286 287 352  286 351 352  287 288 353  287 352 353  288 289 354  288 353 354  289 290 355  289 354 355  290 291 356  290 355 356  291 292 357  291 356 357  292 293 358  292 357 358  293 294 359  293 358 359  294 295 360  294 359 360  295 296 361  295 360 361  296 297 362  296 361 362  297 298 363  297 362 363  298 299 364  298 363 364  299 300 365  299 364 365  300 301 366  300 365 366  301 302 367  301 366 367  302 303 368  302 367 368  303 304 369  303 368 369  304 305 370  304 369 370  305 306 371  305 370 371  306 307 372  306 371 372  307 308 373  307 372 373  308 309 374  308 373 374  309 310 375  309 374 375  310 311 376  310 375 376  311 312 377  311 376 377  312 313 378  312 377 378  313 314 379  313 378 379  314 315 380  314 379 380  315 316 381  315 380 381  316 317 382  316 381 382  317 318 383  317 382 383  318 319 384  318 383 384  319 320 385  319 384 385  320 321 386  320 385 386  321 322 387  321 386 387  322 323 388  322 387 388  323 324 389  323 388 389  325 326 391  325 390 391  326 327 392  326 391 392  327 328 393  327 392 393  328 329 394  328 393 394  329 330 395  329 394 395  330 331 396  330 395 396  331 332 397  331 396 397  332 333 398  332 397 398  333 334 399  333 398 399  334 335 400  334 399 400  335 336 401  335 400 401  336 337 402  336 401 402  337 338 403  337 402 403  338 339 404  338 403 404  339 340 405  339 404 405  340 341 406  340 405 406  341 342 407  341 406 407  342 343 408  342 407 408  343 344 409  343 408 409  344 345 410  344 409 410  345 346 411  345 410 411  346 347 412  346 411 412  347 348 413  347 412 413  348 349 414  348 413 414  349 350 415  349 414 415  350 351 416  350 415 416  351 352 417  351 416 417  352 353 418  352 417 418  353 354 419  353 418 419  354 355 420  354 419 420  355 356 421  355 420 421  356 357 422  356 421 422  357 358 423  357 422 423  358 359 424  358 423 424  359 360 425  359 424 425  360 361 426  360 425 426  361 362 427  361 426 427  362 363 428  362 427 428  363 364 429  363 428 429  364 365 430  364 429 430  365 366 431  365 430 431  366 367 432  366 431 432  367 368 433  367 432 433  368 369 434  368 433 434  369 370 435  369 434 435  370 371 436  370 435 436  371 372 437  371 436 437  372 373 438  372 437 438  373 374 439  373 438 439  374 375 440  374 439 440  375 376 441  375 440 441  376 377 442  376 441 442  377 378 443  377 442 443  378 379 444  378 443 444  379 380 445  379 444 445  380 381 446  380 445 446  381 382 447  381 446 447  382 383 448  382 447 448  383 384 449  383 448 449  384 385 450  384 449 450  385 386 451  385 450 451  386 387 452  386 451 452  387 388 453  387 452 453  388 389 454  388 453 454  390 391 456  390 455 456  391 392 457  391 456 457  392 393 458  392 457 458  393 394 459  393 458 459  394 395 460  394 459 460  395 396 461  395 460 461  396 397 462  396 461 462  397 398 463  397 462 463  398 399 464  398 463 464  399 400 465  399 464 465  400 401 466  400 465 466  401 402 467  401 466 467  402 403 468  402 467 468  403 404 469  403 468 469  404 405 470  404 469 470  405 406 471  405 470 471  406 407 472  406 471 472  407 408 473  407 472 473  408 409 474  408 473 474  409 410 475  409 474 475  410 411 476  410 475 476  411 412 477  411 476 477  412 413 478  412 477 478  413 414 479  413 478 479  414 415 480  414 479 480  415 416 481  415 480 481  416 417 482  416 481 482  417 418 483  417 482 483  418 419 484  418 483 484  419 420 485  419 484 485  420 421 486  420 485 486  421 422 487  421 486 487  422 423 488  422 487 488  423 424 489  423 488 489  424 425 490  424 489 490  425 426 491  425 490 491  426 427 492  426 491 492  427 428 493  427 492 493  428 429 494  428 493 494  429 430 495  429 494 495  430 431 496  430 495 496  431 432 497  431 496 497  432 433 498  432 497 498  433 434 499  433 498 499  434 435 500  434 499 500  435 436 501  435 500 501  436 437 502  436 501 502  437 438 503  437 502 503  438 439 504  438 503 504  439 440 505  439 504 505  440 441 506  440 505 506  441 442 507  441 506 507  442 443 508  442 507 508  443 444 509  443 508 509  444 445 510  444 509 510  445 446 511  445 510 511  446 447 512  446 511 512  447 448 513  447 512 513  448 449 514  448 513 514  449 450 515  449 514 515  450 451 516  450 515 516  451 452 517  451 516 517  452 453 518  452 517 518  453 454 519  453 518 519  455 456 521  455 520 521  456 457 522  456 521 522  457 458 523  457 522 523  458 459 524  458 523 524  459 460 525  459 524 525  460 461 526  460 525 526  461 462 527  461 526 527  462 463 528  462 527 528  463 464 529  463 528 529  464 465 530  464 529 530  465 466 531  465 530 531  466 467 532  466 531 532  467 468 533  467 532 533  468 469 534  468 533 534  469 470 535  469 534 535  470 471 536  470 535 536  471 472 537  471 536 537  472 473 538  472 537 538  473 474 539  473 538 539  474 475 540  474 539 540  475 476 541  475 540 541  476 477 542  476 541 542  477 478 543  477 542 543  478 479 544  478 543 544  479 480 545  479 544 545  480 481 546  480 545 546  481 482 547  481 546 547  482 483 548  482 547 548  483 484 549  483 548 549  484 485 550  484 549 550  485 486 551  485 550 551  486 487 552  486 551 552  487 488 553  487 552 553  488 489 554  488 553 554  489 490 555  489 554 555  490 491 556  490 555 556  491 492 557  491 556 557  492 493 558  492 557 558  493 494 559  493 558 559  494 495 560  494 559 560  495 496 561  495 560 561  496 497 562  496 561 562  497 498 563  497 562 563  498 499 564  498 563 564  499 500 565  499 564 565  500 501 566  500 565 566  501 502 567  501 566 567  502 503 568  502 567 568  503 504 569  503 568 569  504 505 570  504 569 570  505 506 571  505 570 571  506 507 572  506 571 572  507 508 573  507 572 573  508 509 574  508 573 574  509 510 575  509 574 575  510 511 576  510 575 576  511 512 577  511 576 577  512 513 578  512 577 578  513 514 579  513 578 579  514 515 580  514 579 580  515 516 581  515 580 581  516 517 582  516 581 582  517 518 583  517 582 583  518 519 584  518 583 584  520 521 586  520 585 586  521 522 587  521 586 587  522 523 588  522 587 588  523 524 589  523 588 589  524 525 590  524 589 590  525 526 591  525 590 591  526 527 592  526 591 592  527 528 593  527 592 593  528 529 594  528 593 594  529 530 595  529 594 595  530 531 596  530 595 596  531 532 597  531 596 597  532 533 598  532 597 598  533 534 599  533 598 599  534 535 600  534 599 600  535 536 601  535 600 601  536 537 602  536 601 602  537 538 603  537 602 603  538 539 604  538 603 604  539 540 605  539 604 605  540 541 606  540 605 606  541 542 607  541 606 607  542 543 608  542 607 608  543 544 609  543 608 609  544 545 610  544 609 610  545 546 611  545 610 611  546 547 612  546 611 612  547 548 613  547 612 613  548 549 614  548 613 614  549 550 615  549 614 615  550 551 616  550 615 616  551 552 617  551 616 617  552 553 618  552 617 618  553 554 619  553 618 619  554 555 620  554 619 620  555 556 621  555 620 621  556 557 622  556 621 622  557 558 623  557 622 623  558 559 624  558 623 624  559 560 625  559 624 625  560 561 626  560 625 626  561 562 627  561 626 627  562 563 628  562 627 628  563 564 629  563 628 629  564 565 630  564 629 630  565 566 631  565 630 631  566 567 632  566 631 632  567 568 633  567 632 633  568 569 634  568 633 634  569 570 635  569 634 635  570 571 636  570 635 636  571 572 637  571 636 637  572 573 638  572 637 638  573 574 639  573 638 639  574 575 640  574 639 640  575 576 641  575 640 641  576 577 642  576 641 642  577 578 643  577 642 643  578 579 644  578 643 644  579 580 645  579 644 645  580 581 646  580 645 646  581 582 647  581 646 647  582 583 648  582 647 648  583 584 649  583 648 649  585 586 651  585 650 651  586 587 652  586 651 652  587 588 653  587 652 653  588 589 654  588 653 654  589 590 655  589 654 655  590 591 656  590 655 656  591 592 657  591 656 657  592 593 658  592 657 658  593 594 659  593 658 659  594 595 660  594 659 660  595 596 661  595 660 661  596 597 662  596 661 662  597 598 663  597 662 663  598 599 664  598 663 664  599 600 665  599 664 665  600 601 666  600 665 666  601 602 667  601 666 667  602 603 668  602 667 668  603 604 669  603 668 669  604 605 670  604 669 670  605 606 671  605 670 671  606 607 672  606 671 672  607 608 673  607 672 673  608 609 674  608 673 674  609 610 675  609 674 675  610 611 676  610 675 676  611 612 677  611 676 677  612 613 678  612 677 678  613 614 679  613 678 679  614 615 680  614 679 680  615 616 681  615 680 681  616 617 682  616 681 682  617 618 683  617 682 683  618 619 684  618 683 684  619 620 685  619 684 685  620 621 686  620 685 686  621 622 687  621 686 687  622 623 688  622 687 688  623 624 689  623 688 689  624 625 690  624 689 690  625 626 691  625 690 691  626 627 692  626 691 692  627 628 693  627 692 693  628 629 694  628 693 694  629 630 695  629 694 695  630 631 696  630 695 696  631 632 697  631 696 697  632 633 698  632 697 698  633 634 699  633 698 699  634 635 700  634 699 700  635 636 701  635 700 701  636 637 702  636 701 702  637 638 703  637 702 703  638 639 704  638 703 704  639 640 705  639 704 705  640 641 706  640 705 706  641 642 707  641 706 707  642 643 708  642 707 708  643 644 709  643 708 709  644 645 710  644 709 710  645 646 711  645 710 711  646 647 712  646 711 712  647 648 713  647 712 713  648 649 714  648 713 714  650 651 716  650 715 716  651 652 717  651 716 717  652 653 718  652 717 718  653 654 719  653 718 719  654 655 720  654 719 720  655 656 721  655 720 721  656 657 722  656 721 722  657 658 723  657 722 723  658 659 724  658 723 724  659 660 725  659 724 725  660 661 726  660 725 726  661 662 727  661 726 727  662 663 728  662 727 728  663 664 729  663 728 729  664 665 730  664 729 730  665 666 731  665 730 731  666 667 732  666 731 732  667 668 733  667 732 733  668 669 734  668 733 734  669 670 735  669 734 735  670 671 736  670 735 736  671 672 737  671 736 737  672 673 738  672 737 738  673 674 739  673 738 739  674 675 740  674 739 740  675 676 741  675 740 741  676 677 742  676 741 742  677 678 743  677 742 743  678 679 744  678 743 744  679 680 745  679 744 745  680 681 746  680 745 746  681 682 747  681 746 747  682 683 748  682 747 748  683 684 749  683 748 749  684 685 750  684 749 750  685 686 751  685 750 751  686 687 752  686 751 752  687 688 753  687 752 753  688 689 754  688 753 754  689 690 755  689 754 755  690 691 756  690 755 756  691 692 757  691 756 757  692 693 758  692 757 758  693 694 759  693 758 759  694 695 760  694 759 760  695 696 761  695 760 761  696 697 762  696 761 762  697 698 763  697 762 763  698 699 764  698 763 764  699 700 765  699 764 765  700 701 766  700 765 766  701 702 767  701 766 767  702 703 768  702 767 768  703 704 769  703 768 769  704 705 770  704 769 770  705 706 771  705 770 771  706 707 772  706 771 772  707 708 773  707 772 773  708 709 774  708 773 774  709 710 775  709 774 775  710 711 776  710 775 776  711 712 777  711 776 777  712 713 778  712 777 778  713 714 779  713 778 779  715 716 781  715 780 781  716 717 782  716 781 782  717 718 783  717 782 783  718 719 784  718 783 784  719 720 785  719 784 785  720 721 786  720 785 786  721 722 787  721 786 787  722 723 788  722 787 788  723 724 789  723 788 789  724 725 790  724 789 790  725 726 791  725 790 791  726 727 792  726 791 792  727 728 793  727 792 793  728 729 794  728 793 794  729 730 795  729 794 795  730 731 796  730 795 796  731 732 797  731 796 797  732 733 798  732 797 798  733 734 799  733 798 799  734 735 800  734 799 800  735 736 801  735 800 801  736 737 802  736 801 802  737 738 803  737 802 803  738 739 804  738 803 804  739 740 805  739 804 805  740 741 806  740 805 806  741 742 807  741 806 807  742 743 808  742 807 808  743 744 809  743 808 809  744 745 810  744 809 810  745 746 811  745 810 811  746 747 812  746 811 812  747 748 813  747 812 813  748 749 814  748 813 814  749 750 815  749 814 815  750 751 816  750 815 816  751 752 817  751 816 817  752 753 818  752 817 818  753 754 819  753 818 819  754 755 820  754 819 820  755 756 821  755 820 821  756 757 822  756 821 822  757 758 823  757 822 823  758 759 824  758 823 824  759 760 825  759 824 825  760 761 826  760 825 826  761 762 827  761 826 827  762 763 828  762 827 828  763 764 829  763 828 829  764 765 830  764 829 830  765 766 831  765 830 831  766 767 832  766 831 832  767 768 833  767 832 833  768 769 834  768 833 834  769 770 835  769 834 835  770 771 836  770 835 836  771 772 837  771 836 837  772 773 838  772 837 838  773 774 839  773 838 839  774 775 840  774 839 840  775 776 841  775 840 841  776 777 842  776 841 842  777 778 843  777 842 843  778 779 844  778 843 844  780 781 846  780 845 846  781 782 847  781 846 847  782 783 848  782 847 848  783 784 849  783 848 849  784 785 850  784 849 850  785 786 851  785 850 851  786 787 852  786 851 852  787 788 853  787 852 853  788 789 854  788 853 854  789 790 855  789 854 855  790 791 856  790 855 856  791 792 857  791 856 857  792 793 858  792 857 858  793 794 859  793 858 859  794 795 860  794 859 860  795 796 861  795 860 861  796 797 862  796 861 862  797 798 863  797 862 863  798 799 864  798 863 864  799 800 865  799 864 865  800 801 866  800 865 866  801 802 867  801 866 867  802 803 868  802 867 868  803 804 869  803 868 869  804 805 870  804 869 870  805 806 871  805 870 871  806 807 872  806 871 872  807 808 873  807 872 873  808 809 874  808 873 874  809 810 875  809 874 875  810 811 876  810 875 876  811 812 877  811 876 877  812 813 878  812 877 878  813 814 879  813 878 879  814 815 880  814 879 880  815 816 881  815 880 881  816 817 882  816 881 882  817 818 883  817 882 883  818 819 884  818 883 884  819 820 885  819 884 885  820 821 886  820 885 886  821 822 887  821 886 887  822 823 888  822 887 888  823 824 889  823 888 889  824 825 890  824 889 890  825 826 891  825 890 891  826 827 892  826 891 892  827 828 893  827 892 893  828 829 894  828 893 894  829 830 895  829 894 895  830 831 896  830 895 896  831 832 897  831 896 897  832 833 898  832 897 898  833 834 899  833 898 899  834 835 900  834 899 900  835 836 901  835 900 901  836 837 902  836 901 902  837 838 903  837 902 903  838 839 904  838 903 904  839 840 905  839 904 905  840 841 906  840 905 906  841 842 907  841 906 907  842 843 908  842 907 908  843 844 909  843 908 909  845 846 911  845 910 911  846 847 912  846 911 912  847 848 913  847 912 913  848 849 914  848 913 914  849 850 915  849 914 915  850 851 916  850 915 916  851 852 917  851 916 917  852 853 918  852 917 918  853 854 919  853 918 919  854 855 920  854 919 920  855 856 921  855 920 921  856 857 922  856 921 922  857 858 923  857 922 923  858 859 924  858 923 924  859 860 925  859 924 925  860 861 926  860 925 926  861 862 927  861 926 927  862 863 928  862 927 928  863 864 929  863 928 929  864 865 930  864 929 930  865 866 931  865 930 931  866 867 932  866 931 932  867 868 933  867 932 933  868 869 934  868 933 934  869 870 935  869 934 935  870 871 936  870 935 936  871 872 937  871 936 937  872 873 938  872 937 938  873 874 939  873 938 939  874 875 940  874 939 940  875 876 941  875 940 941  876 877 942  876 941 942  877 878 943  877 942 943  878 879 944  878 943 944  879 880 945  879 944 945  880 881 946  880 945 946  881 882 947  881 946 947  882 883 948  882 947 948  883 884 949  883 948 949  884 885 950  884 949 950  885 886 951  885 950 951  886 887 952  886 951 952  887 888 953  887 952 953  888 889 954  888 953 954  889 890 955  889 954 955  890 891 956  890 955 956  891 892 957  891 956 957  892 893 958  892 957 958  893 894 959  893 958 959  894 895 960  894 959 960  895 896 961  895 960 961  896 897 962  896 961 962  897 898 963  897 962 963  898 899 964  898 963 964  899 900 965  899 964 965  900 901 966  900 965 966  901 902 967  901 966 967  902 903 968  902 967 968  903 904 969  903 968 969  904 905 970  904 969 970  905 906 971  905 970 971  906 907 972  906 971 972  907 908 973  907 972 973  908 909 974  908 973 974  910 911 976  910 975 976  911 912 977  911 976 977  912 913 978  912 977 978  913 914 979  913 978 979  914 915 980  914 979 980  915 916 981  915 980 981  916 917 982  916 981 982  917 918 983  917 982 983  918 919 984  918 983 984  919 920 985  919 984 985  920 921 986  920 985 986  921 922 987  921 986 987  922 923 988  922 987 988  923 924 989  923 988 989  924 925 990  924 989 990  925 926 991  925 990 991  926 927 992  926 991 992  927 928 993  927 992 993  928 929 994  928 993 994  929 930 995  929 994 995  930 931 996  930 995 996  931 932 997  931 996 997  932 933 998  932 997 998  933 934 999  933 998 999  934 935 1000  934 999 1000  935 936 1001  935 1000 1001  936 937 1002  936 1001 1002  937 938 1003  937 1002 1003  938 939 1004  938 1003 1004  939 940 1005  939 1004 1005  940 941 1006  940 1005 1006  941 942 1007  941 1006 1007  942 943 1008  942 1007 1008  943 944 1009  943 1008 1009  944 945 1010  944 1009 1010  945 946 1011  945 1010 1011  946 947 1012  946 1011 1012  947 948 1013  947 1012 1013  948 949 1014  948 1013 1014  949 950 1015  949 1014 1015  950 951 1016  950 1015 1016  951 952 1017  951 1016 1017  952 953 1018  952 1017 1018  953 954 1019  953 1018 1019  954 955 1020  954 1019 1020  955 956 1021  955 1020 1021  956 957 1022  956 1021 1022  957 958 1023  957 1022 1023  958 959 1024  958 1023 1024  959 960 1025  959 1024 1025  960 961 1026  960 1025 1026  961 962 1027  961 1026 1027  962 963 1028  962 1027 1028  963 964 1029  963 1028 1029  964 965 1030  964 1029 1030  965 966 1031  965 1030 1031  966 967 1032  966 1031 1032  967 968 1033  967 1032 1033  968 969 1034  968 1033 1034  969 970 1035  969 1034 1035  970 971 1036  970 1035 1036  971 972 1037  971 1036 1037  972 973 1038  972 1037 1038  973 974 1039  973 1038 1039  975 976 1041  975 1040 1041  976 977 1042  976 1041 1042  977 978 1043  977 1042 1043  978 979 1044  978 1043 1044  979 980 1045  979 1044 1045  980 981 1046  980 1045 1046  981 982 1047  981 1046 1047  982 983 1048  982 1047 1048  983 984 1049  983 1048 1049  984 985 1050  984 1049 1050  985 986 1051  985 1050 1051  986 987 1052  986 1051 1052  987 988 1053  987 1052 1053  988 989 1054  988 1053 1054  989 990 1055  989 1054 1055  990 991 1056  990 1055 1056  991 992 1057  991 1056 1057  992 993 1058  992 1057 1058  993 994 1059  993 1058 1059  994 995 1060  994 1059 1060  995 996 1061  995 1060 1061  996 997 1062  996 1061 1062  997 998 1063  997 1062 1063  998 999 1064  998 1063 1064  999 1000 1065  999 1064 1065  1000 1001 1066  1000 1065 1066  1001 1002 1067  1001 1066 1067  1002 1003 1068  1002 1067 1068  1003 1004 1069  1003 1068 1069  1004 1005 1070  1004 1069 1070  1005 1006 1071  1005 1070 1071  1006 1007 1072  1006 1071 1072  1007 1008 1073  1007 1072 1073  1008 1009 1074  1008 1073 1074  1009 1010 1075  1009 1074 1075  1010 1011 1076  1010 1075 1076  1011 1012 1077  1011 1076 1077  1012 1013 1078  1012 1077 1078  1013 1014 1079  1013 1078 1079  1014 1015 1080  1014 1079 1080  1015 1016 1081  1015 1080 1081  1016 1017 1082  1016 1081 1082  1017 1018 1083  1017 1082 1083  1018 1019 1084  1018 1083 1084  1019 1020 1085  1019 1084 1085  1020 1021 1086  1020 1085 1086  1021 1022 1087  1021 1086 1087  1022 1023 1088  1022 1087 1088  1023 1024 1089  1023 1088 1089  1024 1025 1090  1024 1089 1090  1025 1026 1091  1025 1090 1091  1026 1027 1092  1026 1091 1092  1027 1028 1093  1027 1092 1093  1028 1029 1094  1028 1093 1094  1029 1030 1095  1029 1094 1095  1030 1031 1096  1030 1095 1096  1031 1032 1097  1031 1096 1097  1032 1033 1098  1032 1097 1098  1033 1034 1099  1033 1098 1099  1034 1035 1100  1034 1099 1100  1035 1036 1101  1035 1100 1101  1036 1037 1102  1036 1101 1102  1037 1038 1103  1037 1102 1103  1038 1039 1104  1038 1103 1104  1040 1041 1106  1040 1105 1106  1041 1042 1107  1041 1106 1107  1042 1043 1108  1042 1107 1108  1043 1044 1109  1043 1108 1109  1044 1045 1110  1044 1109 1110  1045 1046 1111  1045 1110 1111  1046 1047 1112  1046 1111 1112  1047 1048 1113  1047 1112 1113  1048 1049 1114  1048 1113 1114  1049 1050 1115  1049 1114 1115  1050 1051 1116  1050 1115 1116  1051 1052 1117  1051 1116 1117  1052 1053 1118  1052 1117 1118  1053 1054 1119  1053 1118 1119  1054 1055 1120  1054 1119 1120  1055 1056 1121  1055 1120 1121  1056 1057 1122  1056 1121 1122  1057 1058 1123  1057 1122 1123  1058 1059 1124  1058 1123 1124  1059 1060 1125  1059 1124 1125  1060 1061 1126  1060 1125 1126  1061 1062 1127  1061 1126 1127  1062 1063 1128  1062 1127 1128  1063 1064 1129  1063 1128 1129  1064 1065 1130  1064 1129 1130  1065 1066 1131  1065 1130 1131  1066 1067 1132  1066 1131 1132  1067 1068 1133  1067 1132 1133  1068 1069 1134  1068 1133 1134  1069 1070 1135  1069 1134 1135  1070 1071 1136  1070 1135 1136  1071 1072 1137  1071 1136 1137  1072 1073 1138  1072 1137 1138  1073 1074 1139  1073 1138 1139  1074 1075 1140  1074 1139 1140  1075 1076 1141  1075 1140 1141  1076 1077 1142  1076 1141 1142  1077 1078 1143  1077 1142 1143  1078 1079 1144  1078 1143 1144  1079 1080 1145  1079 1144 1145  1080 1081 1146  1080 1145 1146  1081 1082 1147  1081 1146 1147  1082 1083 1148  1082 1147 1148  1083 1084 1149  1083 1148 1149  1084 1085 1150  1084 1149 1150  1085 1086 1151  1085 1150 1151  1086 1087 1152  1086 1151 1152  1087 1088 1153  1087 1152 1153  1088 1089 1154  1088 1153 1154  1089 1090 1155  1089 1154 1155  1090 1091 1156  1090 1155 1156  1091 1092 1157  1091 1156 1157  1092 1093 1158  1092 1157 1158  1093 1094 1159  1093 1158 1159  1094 1095 1160  1094 1159 1160  1095 1096 1161  1095 1160 1161  1096 1097 1162  1096 1161 1162  1097 1098 1163  1097 1162 1163  1098 1099 1164  1098 1163 1164  1099 1100 1165  1099 1164 1165  1100 1101 1166  1100 1165 1166  1101 1102 1167  1101 1166 1167  1102 1103 1168  1102 1167 1168  1103 1104 1169  1103 1168 1169  1105 1106 1171  1105 1170 1171  1106 1107 1172  1106 1171 1172  1107 1108 1173  1107 1172 1173  1108 1109 1174  1108 1173 1174  1109 1110 1175  1109 1174 1175  1110 1111 1176  1110 1175 1176  1111 1112 1177  1111 1176 1177  1112 1113 1178  1112 1177 1178  1113 1114 1179  1113 1178 1179  1114 1115 1180  1114 1179 1180  1115 1116 1181  1115 1180 1181  1116 1117 1182  1116 1181 1182  1117 1118 1183  1117 1182 1183  1118 1119 1184  1118 1183 1184  1119 1120 1185  1119 1184 1185  1120 1121 1186  1120 1185 1186  1121 1122 1187  1121 1186 1187  1122 1123 1188  1122 1187 1188  1123 1124 1189  1123 1188 1189  1124 1125 1190  1124 1189 1190  1125 1126 1191  1125 1190 1191  1126 1127 1192  1126 1191 1192  1127 1128 1193  1127 1192 1193  1128 1129 1194  1128 1193 1194  1129 1130 1195  1129 1194 1195  1130 1131 1196  1130 1195 1196  1131 1132 1197  1131 1196 1197  1132 1133 1198  1132 1197 1198  1133 1134 1199  1133 1198 1199  1134 1135 1200  1134 1199 1200  1135 1136 1201  1135 1200 1201  1136 1137 1202  1136 1201 1202  1137 1138 1203  1137 1202 1203  1138 1139 1204  1138 1203 1204  1139 1140 1205  1139 1204 1205  1140 1141 1206  1140 1205 1206  1141 1142 1207  1141 1206 1207  1142 1143 1208  1142 1207 1208  1143 1144 1209  1143 1208 1209  1144 1145 1210  1144 1209 1210  1145 1146 1211  1145 1210 1211  1146 1147 1212  1146 1211 1212  1147 1148 1213  1147 1212 1213  1148 1149 1214  1148 1213 1214  1149 1150 1215  1149 1214 1215  1150 1151 1216  1150 1215 1216  1151 1152 1217  1151 1216 1217  1152 1153 1218  1152 1217 1218  1153 1154 1219  1153 1218 1219  1154 1155 1220  1154 1219 1220  1155 1156 1221  1155 1220 1221  1156 1157 1222  1156 1221 1222  1157 1158 1223  1157 1222 1223  1158 1159 1224  1158 1223 1224  1159 1160 1225  1159 1224 1225  1160 1161 1226  1160 1225 1226  1161 1162 1227  1161 1226 1227  1162 1163 1228  1162 1227 1228  1163 1164 1229  1163 1228 1229  1164 1165 1230  1164 1229 1230  1165 1166 1231  1165 1230 1231  1166 1167 1232  1166 1231 1232  1167 1168 1233  1167 1232 1233  1168 1169 1234  1168 1233 1234  1170 1171 1236  1170 1235 1236  1171 1172 1237  1171 1236 1237  1172 1173 1238  1172 1237 1238  1173 1174 1239  1173 1238 1239  1174 1175 1240  1174 1239 1240  1175 1176 1241  1175 1240 1241  1176 1177 1242  1176 1241 1242  1177 1178 1243  1177 1242 1243  1178 1179 1244  1178 1243 1244  1179 1180 1245  1179 1244 1245  1180 1181 1246  1180 1245 1246  1181 1182 1247  1181 1246 1247  1182 1183 1248  1182 1247 1248  1183 1184 1249  1183 1248 1249  1184 1185 1250  1184 1249 1250  1185 1186 1251  1185 1250 1251  1186 1187 1252  1186 1251 1252  1187 1188 1253  1187 1252 1253  1188 1189 1254  1188 1253 1254  1189 1190 1255  1189 1254 1255  1190 1191 1256  1190 1255 1256  1191 1192 1257  1191 1256 1257  1192 1193 1258  1192 1257 1258  1193 1194 1259  1193 1258 1259  1194 1195 1260  1194 1259 1260  1195 1196 1261  1195 1260 1261  1196 1197 1262  1196 1261 1262  1197 1198 1263  1197 1262 1263  1198 1199 1264  1198 1263 1264  1199 1200 1265  1199 1264 1265  1200 1201 1266  1200 1265 1266  1201 1202 1267  1201 1266 1267  1202 1203 1268  1202 1267 1268  1203 1204 1269  1203 1268 1269  1204 1205 1270  1204 1269 1270  1205 1206 1271  1205 1270 1271  1206 1207 1272  1206 1271 1272  1207 1208 1273  1207 1272 1273  1208 1209 1274  1208 1273 1274  1209 1210 1275  1209 1274 1275  1210 1211 1276  1210 1275 1276  1211 1212 1277  1211 1276 1277  1212 1213 1278  1212 1277 1278  1213 1214 1279  1213 1278 1279  1214 1215 1280  1214 1279 1280  1215 1216 1281  1215 1280 1281  1216 1217 1282  1216 1281 1282  1217 1218 1283  1217 1282 1283  1218 1219 1284  1218 1283 1284  1219 1220 1285  1219 1284 1285  1220 1221 1286  1220 1285 1286  1221 1222 1287  1221 1286 1287  1222 1223 1288  1222 1287 1288  1223 1224 1289  1223 1288 1289  1224 1225 1290  1224 1289 1290  1225 1226 1291  1225 1290 1291  1226 1227 1292  1226 1291 1292  1227 1228 1293  1227 1292 1293  1228 1229 1294  1228 1293 1294  1229 1230 1295  1229 1294 1295  1230 1231 1296  1230 1295 1296  1231 1232 1297  1231 1296 1297  1232 1233 1298  1232 1297 1298  1233 1234 1299  1233 1298 1299  1235 1236 1301  1235 1300 1301  1236 1237 1302  1236 1301 1302  1237 1238 1303  1237 1302 1303  1238 1239 1304  1238 1303 1304  1239 1240 1305  1239 1304 1305  1240 1241 1306  1240 1305 1306  1241 1242 1307  1241 1306 1307  1242 1243 1308  1242 1307 1308  1243 1244 1309  1243 1308 1309  1244 1245 1310  1244 1309 1310  1245 1246 1311  1245 1310 1311  1246 1247 1312  1246 1311 1312  1247 1248 1313  1247 1312 1313  1248 1249 1314  1248 1313 1314  1249 1250 1315  1249 1314 1315  1250 1251 1316  1250 1315 1316  1251 1252 1317  1251 1316 1317  1252 1253 1318  1252 1317 1318  1253 1254 1319  1253 1318 1319  1254 1255 1320  1254 1319 1320  1255 1256 1321  1255 1320 1321  1256 1257 1322  1256 1321 1322  1257 1258 1323  1257 1322 1323  1258 1259 1324  1258 1323 1324  1259 1260 1325  1259 1324 1325  1260 1261 1326  1260 1325 1326  1261 1262 1327  1261 1326 1327  1262 1263 1328  1262 1327 1328  1263 1264 1329  1263 1328 1329  1264 1265 1330  1264 1329 1330  1265 1266 1331  1265 1330 1331  1266 1267 1332  1266 1331 1332  1267 1268 1333  1267 1332 1333  1268 1269 1334  1268 1333 1334  1269 1270 1335  1269 1334 1335  1270 1271 1336  1270 1335 1336  1271 1272 1337  1271 1336 1337  1272 1273 1338  1272 1337 1338  1273 1274 1339  1273 1338 1339  1274 1275 1340  1274 1339 1340  1275 1276 1341  1275 1340 1341  1276 1277 1342  1276 1341 1342  1277 1278 1343  1277 1342 1343  1278 1279 1344  1278 1343 1344  1279 1280 1345  1279 1344 1345  1280 1281 1346  1280 1345 1346  1281 1282 1347  1281 1346 1347  1282 1283 1348  1282 1347 1348  1283 1284 1349  1283 1348 1349  1284 1285 1350  1284 1349 1350  1285 1286 1351  1285 1350 1351  1286 1287 1352  1286 1351 1352  1287 1288 1353  1287 1352 1353  1288 1289 1354  1288 1353 1354  1289 1290 1355  1289 1354 1355  1290 1291 1356  1290 1355 1356  1291 1292 1357  1291 1356 1357  1292 1293 1358  1292 1357 1358  1293 1294 1359  1293 1358 1359  1294 1295 1360  1294 1359 1360  1295 1296 1361  1295 1360 1361  1296 1297 1362  1296 1361 1362  1297 1298 1363  1297 1362 1363  1298 1299 1364  1298 1363 1364  1300 1301 1366  1300 1365 1366  1301 1302 1367  1301 1366 1367  1302 1303 1368  1302 1367 1368  1303 1304 1369  1303 1368 1369  1304 1305 1370  1304 1369 1370  1305 1306 1371  1305 1370 1371  1306 1307 1372  1306 1371 1372  1307 1308 1373  1307 1372 1373  1308 1309 1374  1308 1373 1374  1309 1310 1375  1309 1374 1375  1310 1311 1376  1310 1375 1376  1311 1312 1377  1311 1376 1377  1312 1313 1378  1312 1377 1378  1313 1314 1379  1313 1378 1379  1314 1315 1380  1314 1379 1380  1315 1316 1381  1315 1380 1381  1316 1317 1382  1316 1381 1382  1317 1318 1383  1317 1382 1383  1318 1319 1384  1318 1383 1384  1319 1320 1385  1319 1384 1385  1320 1321 1386  1320 1385 1386  1321 1322 1387  1321 1386 1387  1322 1323 1388  1322 1387 1388  1323 1324 1389  1323 1388 1389  1324 1325 1390  1324 1389 1390  1325 1326 1391  1325 1390 1391  1326 1327 1392  1326 1391 1392  1327 1328 1393  1327 1392 1393  1328 1329 1394  1328 1393 1394  1329 1330 1395  1329 1394 1395  1330 1331 1396  1330 1395 1396  1331 1332 1397  1331 1396 1397  1332 1333 1398  1332 1397 1398  1333 1334 1399  1333 1398 1399  1334 1335 1400  1334 1399 1400  1335 1336 1401  1335 1400 1401  1336 1337 1402  1336 1401 1402  1337 1338 1403  1337 1402 1403  1338 1339 1404  1338 1403 1404  1339 1340 1405  1339 1404 1405  1340 1341 1406  1340 1405 1406  1341 1342 1407  1341 1406 1407  1342 1343 1408  1342 1407 1408  1343 1344 1409  1343 1408 1409  1344 1345 1410  1344 1409 1410  1345 1346 1411  1345 1410 1411  1346 1347 1412  1346 1411 1412  1347 1348 1413  1347 1412 1413  1348 1349 1414  1348 1413 1414  1349 1350 1415  1349 1414 1415  1350 1351 1416  1350 1415 1416  1351 1352 1417  1351 1416 1417  1352 1353 1418  1352 1417 1418  1353 1354 1419  1353 1418 1419  1354 1355 1420  1354 1419 1420  1355 1356 1421  1355 1420 1421  1356 1357 1422  1356 1421 1422  1357 1358 1423  1357 1422 1423  1358 1359 1424  1358 1423 1424  1359 1360 1425  1359 1424 1425  1360 1361 1426  1360 1425 1426  1361 1362 1427  1361 1426 1427  1362 1363 1428  1362 1427 1428  1363 1364 1429  1363 1428 1429  1365 1366 1431  1365 1430 1431  1366 1367 1432  1366 1431 1432  1367 1368 1433  1367 1432 1433  1368 1369 1434  1368 1433 1434  1369 1370 1435  1369 1434 1435  1370 1371 1436  1370 1435 1436  1371 1372 1437  1371 1436 1437  1372 1373 1438  1372 1437 1438  1373 1374 1439  1373 1438 1439  1374 1375 1440  1374 1439 1440  1375 1376 1441  1375 1440 1441  1376 1377 1442  1376 1441 1442  1377 1378 1443  1377 1442 1443  1378 1379 1444  1378 1443 1444  1379 1380 1445  1379 1444 1445  1380 1381 1446  1380 1445 1446  1381 1382 1447  1381 1446 1447  1382 1383 1448  1382 1447 1448  1383 1384 1449  1383 1448 1449  1384 1385 1450  1384 1449 1450  1385 1386 1451  1385 1450 1451  1386 1387 1452  1386 1451 1452  1387 1388 1453  1387 1452 1453  1388 1389 1454  1388 1453 1454  1389 1390 1455  1389 1454 1455  1390 1391 1456  1390 1455 1456  1391 1392 1457  1391 1456 1457  1392 1393 1458  1392 1457 1458  1393 1394 1459  1393 1458 1459  1394 1395 1460  1394 1459 1460  1395 1396 1461  1395 1460 1461  1396 1397 1462  1396 1461 1462  1397 1398 1463  1397 1462 1463  1398 1399 1464  1398 1463 1464  1399 1400 1465  1399 1464 1465  1400 1401 1466  1400 1465 1466  1401 1402 1467  1401 1466 1467  1402 1403 1468  1402 1467 1468  1403 1404 1469  1403 1468 1469  1404 1405 1470  1404 1469 1470  1405 1406 1471  1405 1470 1471  1406 1407 1472  1406 1471 1472  1407 1408 1473  1407 1472 1473  1408 1409 1474  1408 1473 1474  1409 1410 1475  1409 1474 1475  1410 1411 1476  1410 1475 1476  1411 1412 1477  1411 1476 1477  1412 1413 1478  1412 1477 1478  1413 1414 1479  1413 1478 1479  1414 1415 1480  1414 1479 1480  1415 1416 1481  1415 1480 1481  1416 1417 1482  1416 1481 1482  1417 1418 1483  1417 1482 1483  1418 1419 1484  1418 1483 1484  1419 1420 1485  1419 1484 1485  1420 1421 1486  1420 1485 1486  1421 1422 1487  1421 1486 1487  1422 1423 1488  1422 1487 1488  1423 1424 1489  1423 1488 1489  1424 1425 1490  1424 1489 1490  1425 1426 1491  1425 1490 1491  1426 1427 1492  1426 1491 1492  1427 1428 1493  1427 1492 1493  1428 1429 1494  1428 1493 1494  1430 1431 1496  1430 1495 1496  1431 1432 1497  1431 1496 1497  1432 1433 1498  1432 1497 1498  1433 1434 1499  1433 1498 1499  1434 1435 1500  1434 1499 1500  1435 1436 1501  1435 1500 1501  1436 1437 1502  1436 1501 1502  1437 1438 1503  1437 1502 1503  1438 1439 1504  1438 1503 1504  1439 1440 1505  1439 1504 1505  1440 1441 1506  1440 1505 1506  1441 1442 1507  1441 1506 1507  1442 1443 1508  1442 1507 1508  1443 1444 1509  1443 1508 1509  1444 1445 1510  1444 1509 1510  1445 1446 1511  1445 1510 1511  1446 1447 1512  1446 1511 1512  1447 1448 1513  1447 1512 1513  1448 1449 1514  1448 1513 1514  1449 1450 1515  1449 1514 1515  1450 1451 1516  1450 1515 1516  1451 1452 1517  1451 1516 1517  1452 1453 1518  1452 1517 1518  1453 1454 1519  1453 1518 1519  1454 1455 1520  1454 1519 1520  1455 1456 1521  1455 1520 1521  1456 1457 1522  1456 1521 1522  1457 1458 1523  1457 1522 1523  1458 1459 1524  1458 1523 1524  1459 1460 1525  1459 1524 1525  1460 1461 1526  1460 1525 1526  1461 1462 1527  1461 1526 1527  1462 1463 1528  1462 1527 1528  1463 1464 1529  1463 1528 1529  1464 1465 1530  1464 1529 1530  1465 1466 1531  1465 1530 1531  1466 1467 1532  1466 1531 1532  1467 1468 1533  1467 1532 1533  1468 1469 1534  1468 1533 1534  1469 1470 1535  1469 1534 1535  1470 1471 1536  1470 1535 1536  1471 1472 1537  1471 1536 1537  1472 1473 1538  1472 1537 1538  1473 1474 1539  1473 1538 1539  1474 1475 1540  1474 1539 1540  1475 1476 1541  1475 1540 1541  1476 1477 1542  1476 1541 1542  1477 1478 1543  1477 1542 1543  1478 1479 1544  1478 1543 1544  1479 1480 1545  1479 1544 1545  1480 1481 1546  1480 1545 1546  1481 1482 1547  1481 1546 1547  1482 1483 1548  1482 1547 1548  1483 1484 1549  1483 1548 1549  1484 1485 1550  1484 1549 1550  1485 1486 1551  1485 1550 1551  1486 1487 1552  1486 1551 1552  1487 1488 1553  1487 1552 1553  1488 1489 1554  1488 1553 1554  1489 1490 1555  1489 1554 1555  1490 1491 1556  1490 1555 1556  1491 1492 1557  1491 1556 1557  1492 1493 1558  1492 1557 1558  1493 1494 1559  1493 1558 1559  1495 1496 1561  1495 1560 1561  1496 1497 1562  1496 1561 1562  1497 1498 1563  1497 1562 1563  1498 1499 1564  1498 1563 1564  1499 1500 1565  1499 1564 1565  1500 1501 1566  1500 1565 1566  1501 1502 1567  1501 1566 1567  1502 1503 1568  1502 1567 1568  1503 1504 1569  1503 1568 1569  1504 1505 1570  1504 1569 1570  1505 1506 1571  1505 1570 1571  1506 1507 1572  1506 1571 1572  1507 1508 1573  1507 1572 1573  1508 1509 1574  1508 1573 1574  1509 1510 1575  1509 1574 1575  1510 1511 1576  1510 1575 1576  1511 1512 1577  1511 1576 1577  1512 1513 1578  1512 1577 1578  1513 1514 1579  1513 1578 1579  1514 1515 1580  1514 1579 1580  1515 1516 1581  1515 1580 1581  1516 1517 1582  1516 1581 1582  1517 1518 1583  1517 1582 1583  1518 1519 1584  1518 1583 1584  1519 1520 1585  1519 1584 1585  1520 1521 1586  1520 1585 1586  1521 1522 1587  1521 1586 1587  1522 1523 1588  1522 1587 1588  1523 1524 1589  1523 1588 1589  1524 1525 1590  1524 1589 1590  1525 1526 1591  1525 1590 1591  1526 1527 1592  1526 1591 1592  1527 1528 1593  1527 1592 1593  1528 1529 1594  1528 1593 1594  1529 1530 1595  1529 1594 1595  1530 1531 1596  1530 1595 1596  1531 1532 1597  1531 1596 1597  1532 1533 1598  1532 1597 1598  1533 1534 1599  1533 1598 1599  1534 1535 1600  1534 1599 1600  1535 1536 1601  1535 1600 1601  1536 1537 1602  1536 1601 1602  1537 1538 1603  1537 1602 1603  1538 1539 1604  1538 1603 1604  1539 1540 1605  1539 1604 1605  1540 1541 1606  1540 1605 1606  1541 1542 1607  1541 1606 1607  1542 1543 1608  1542 1607 1608  1543 1544 1609  1543 1608 1609  1544 1545 1610  1544 1609 1610  1545 1546 1611  1545 1610 1611  1546 1547 1612  1546 1611 1612  1547 1548 1613  1547 1612 1613  1548 1549 1614  1548 1613 1614  1549 1550 1615  1549 1614 1615  1550 1551 1616  1550 1615 1616  1551 1552 1617  1551 1616 1617  1552 1553 1618  1552 1617 1618  1553 1554 1619  1553 1618 1619  1554 1555 1620  1554 1619 1620  1555 1556 1621  1555 1620 1621  1556 1557 1622  1556 1621 1622  1557 1558 1623  1557 1622 1623  1558 1559 1624  1558 1623 1624  1560 1561 1626  1560 1625 1626  1561 1562 1627  1561 1626 1627  1562 1563 1628  1562 1627 1628  1563 1564 1629  1563 1628 1629  1564 1565 1630  1564 1629 1630  1565 1566 1631  1565 1630 1631  1566 1567 1632  1566 1631 1632  1567 1568 1633  1567 1632 1633  1568 1569 1634  1568 1633 1634  1569 1570 1635  1569 1634 1635  1570 1571 1636  1570 1635 1636  1571 1572 1637  1571 1636 1637  1572 1573 1638  1572 1637 1638  1573 1574 1639  1573 1638 1639  1574 1575 1640  1574 1639 1640  1575 1576 1641  1575 1640 1641  1576 1577 1642  1576 1641 1642  1577 1578 1643  1577 1642 1643  1578 1579 1644  1578 1643 1644  1579 1580 1645  1579 1644 1645  1580 1581 1646  1580 1645 1646  1581 1582 1647  1581 1646 1647  1582 1583 1648  1582 1647 1648  1583 1584 1649  1583 1648 1649  1584 1585 1650  1584 1649 1650  1585 1586 1651  1585 1650 1651  1586 1587 1652  1586 1651 1652  1587 1588 1653  1587 1652 1653  1588 1589 1654  1588 1653 1654  1589 1590 1655  1589 1654 1655  1590 1591 1656  1590 1655 1656  1591 1592 1657  1591 1656 1657  1592 1593 1658  1592 1657 1658  1593 1594 1659  1593 1658 1659  1594 1595 1660  1594 1659 1660  1595 1596 1661  1595 1660 1661  1596 1597 1662  1596 1661 1662  1597 1598 1663  1597 1662 1663  1598 1599 1664  1598 1663 1664  1599 1600 1665  1599 1664 1665  1600 1601 1666  1600 1665 1666  1601 1602 1667  1601 1666 1667  1602 1603 1668  1602 1667 1668  1603 1604 1669  1603 1668 1669  1604 1605 1670  1604 1669 1670  1605 1606 1671  1605 1670 1671  1606 1607 1672  1606 1671 1672  1607 1608 1673  1607 1672 1673  1608 1609 1674  1608 1673 1674  1609 1610 1675  1609 1674 1675  1610 1611 1676  1610 1675 1676  1611 1612 1677  1611 1676 1677  1612 1613 1678  1612 1677 1678  1613 1614 1679  1613 1678 1679  1614 1615 1680  1614 1679 1680  1615 1616 1681  1615 1680 1681  1616 1617 1682  1616 1681 1682  1617 1618 1683  1617 1682 1683  1618 1619 1684  1618 1683 1684  1619 1620 1685  1619 1684 1685  1620 1621 1686  1620 1685 1686  1621 1622 1687  1621 1686 1687  1622 1623 1688  1622 1687 1688  1623 1624 1689  1623 1688 1689  1625 1626 1691  1625 1690 1691  1626 1627 1692  1626 1691 1692  1627 1628 1693  1627 1692 1693  1628 1629 1694  1628 1693 1694  1629 1630 1695  1629 1694 1695  1630 1631 1696  1630 1695 1696  1631 1632 1697  1631 1696 1697  1632 1633 1698  1632 1697 1698  1633 1634 1699  1633 1698 1699  1634 1635 1700  1634 1699 1700  1635 1636 1701  1635 1700 1701  1636 1637 1702  1636 1701 1702  1637 1638 1703  1637 1702 1703  1638 1639 1704  1638 1703 1704  1639 1640 1705  1639 1704 1705  1640 1641 1706  1640 1705 1706  1641 1642 1707  1641 1706 1707  1642 1643 1708  1642 1707 1708  1643 1644 1709  1643 1708 1709  1644 1645 1710  1644 1709 1710  1645 1646 1711  1645 1710 1711  1646 1647 1712  1646 1711 1712  1647 1648 1713  1647 1712 1713  1648 1649 1714  1648 1713 1714  1649 1650 1715  1649 1714 1715  1650 1651 1716  1650 1715 1716  1651 1652 1717  1651 1716 1717  1652 1653 1718  1652 1717 1718  1653 1654 1719  1653 1718 1719  1654 1655 1720  1654 1719 1720  1655 1656 1721  1655 1720 1721  1656 1657 1722  1656 1721 1722  1657 1658 1723  1657 1722 1723  1658 1659 1724  1658 1723 1724  1659 1660 1725  1659 1724 1725  1660 1661 1726  1660 1725 1726  1661 1662 1727  1661 1726 1727  1662 1663 1728  1662 1727 1728  1663 1664 1729  1663 1728 1729  1664 1665 1730  1664 1729 1730  1665 1666 1731  1665 1730 1731  1666 1667 1732  1666 1731 1732  1667 1668 1733  1667 1732 1733  1668 1669 1734  1668 1733 1734  1669 1670 1735  1669 1734 1735  1670 1671 1736  1670 1735 1736  1671 1672 1737  1671 1736 1737  1672 1673 1738  1672 1737 1738  1673 1674 1739  1673 1738 1739  1674 1675 1740  1674 1739 1740  1675 1676 1741  1675 1740 1741  1676 1677 1742  1676 1741 1742  1677 1678 1743  1677 1742 1743  1678 1679 1744  1678 1743 1744  1679 1680 1745  1679 1744 1745  1680 1681 1746  1680 1745 1746  1681 1682 1747  1681 1746 1747  1682 1683 1748  1682 1747 1748  1683 1684 1749  1683 1748 1749  1684 1685 1750  1684 1749 1750  1685 1686 1751  1685 1750 1751  1686 1687 1752  1686 1751 1752  1687 1688 1753  1687 1752 1753  1688 1689 1754  1688 1753 1754  1690 1691 1756  1690 1755 1756  1691 1692 1757  1691 1756 1757  1692 1693 1758  1692 1757 1758  1693 1694 1759  1693 1758 1759  1694 1695 1760  1694 1759 1760  1695 1696 1761  1695 1760 1761  1696 1697 1762  1696 1761 1762  1697 1698 1763  1697 1762 1763  1698 1699 1764  1698 1763 1764  1699 1700 1765  1699 1764 1765  1700 1701 1766  1700 1765 1766  1701 1702 1767  1701 1766 1767  1702 1703 1768  1702 1767 1768  1703 1704 1769  1703 1768 1769  1704 1705 1770  1704 1769 1770  1705 1706 1771  1705 1770 1771  1706 1707 1772  1706 1771 1772  1707 1708 1773  1707 1772 1773  1708 1709 1774  1708 1773 1774  1709 1710 1775  1709 1774 1775  1710 1711 1776  1710 1775 1776  1711 1712 1777  1711 1776 1777  1712 1713 1778  1712 1777 1778  1713 1714 1779  1713 1778 1779  1714 1715 1780  1714 1779 1780  1715 1716 1781  1715 1780 1781  1716 1717 1782  1716 1781 1782  1717 1718 1783  1717 1782 1783  1718 1719 1784  1718 1783 1784  1719 1720 1785  1719 1784 1785  1720 1721 1786  1720 1785 1786  1721 1722 1787  1721 1786 1787  1722 1723 1788  1722 1787 1788  1723 1724 1789  1723 1788 1789  1724 1725 1790  1724 1789 1790  1725 1726 1791  1725 1790 1791  1726 1727 1792  1726 1791 1792  1727 1728 1793  1727 1792 1793  1728 1729 1794  1728 1793 1794  1729 1730 1795  1729 1794 1795  1730 1731 1796  1730 1795 1796  1731 1732 1797  1731 1796 1797  1732 1733 1798  1732 1797 1798  1733 1734 1799  1733 1798 1799  1734 1735 1800  1734 1799 1800  1735 1736 1801  1735 1800 1801  1736 1737 1802  1736 1801 1802  1737 1738 1803  1737 1802 1803  1738 1739 1804  1738 1803 1804  1739 1740 1805  1739 1804 1805  1740 1741 1806  1740 1805 1806  1741 1742 1807  1741 1806 1807  1742 1743 1808  1742 1807 1808  1743 1744 1809  1743 1808 1809  1744 1745 1810  1744 1809 1810  1745 1746 1811  1745 1810 1811  1746 1747 1812  1746 1811 1812  1747 1748 1813  1747 1812 1813  1748 1749 1814  1748 1813 1814  1749 1750 1815  1749 1814 1815  1750 1751 1816  1750 1815 1816  1751 1752 1817  1751 1816 1817  1752 1753 1818  1752 1817 1818  1753 1754 1819  1753 1818 1819  1755 1756 1821  1755 1820 1821  1756 1757 1822  1756 1821 1822  1757 1758 1823  1757 1822 1823  1758 1759 1824  1758 1823 1824  1759 1760 1825  1759 1824 1825  1760 1761 1826  1760 1825 1826  1761 1762 1827  1761 1826 1827  1762 1763 1828  1762 1827 1828  1763 1764 1829  1763 1828 1829  1764 1765 1830  1764 1829 1830  1765 1766 1831  1765 1830 1831  1766 1767 1832  1766 1831 1832  1767 1768 1833  1767 1832 1833  1768 1769 1834  1768 1833 1834  1769 1770 1835  1769 1834 1835  1770 1771 1836  1770 1835 1836  1771 1772 1837  1771 1836 1837  1772 1773 1838  1772 1837 1838  1773 1774 1839  1773 1838 1839  1774 1775 1840  1774 1839 1840  1775 1776 1841  1775 1840 1841  1776 1777 1842  1776 1841 1842  1777 1778 1843  1777 1842 1843  1778 1779 1844  1778 1843 1844  1779 1780 1845  1779 1844 1845  1780 1781 1846  1780 1845 1846  1781 1782 1847  1781 1846 1847  1782 1783 1848  1782 1847 1848  1783 1784 1849  1783 1848 1849  1784 1785 1850  1784 1849 1850  1785 1786 1851  1785 1850 1851  1786 1787 1852  1786 1851 1852  1787 1788 1853  1787 1852 1853  1788 1789 1854  1788 1853 1854  1789 1790 1855  1789 1854 1855  1790 1791 1856  1790 1855 1856  1791 1792 1857  1791 1856 1857  1792 1793 1858  1792 1857 1858  1793 1794 1859  1793 1858 1859  1794 1795 1860  1794 1859 1860  1795 1796 1861  1795 1860 1861  1796 1797 1862  1796 1861 1862  1797 1798 1863  1797 1862 1863  1798 1799 1864  1798 1863 1864  1799 1800 1865  1799 1864 1865  1800 1801 1866  1800 1865 1866  1801 1802 1867  1801 1866 1867  1802 1803 1868  1802 1867 1868  1803 1804 1869  1803 1868 1869  1804 1805 1870  1804 1869 1870  1805 1806 1871  1805 1870 1871  1806 1807 1872  1806 1871 1872  1807 1808 1873  1807 1872 1873  1808 1809 1874  1808 1873 1874  1809 1810 1875  1809 1874 1875  1810 1811 1876  1810 1875 1876  1811 1812 1877  1811 1876 1877  1812 1813 1878  1812 1877 1878  1813 1814 1879  1813 1878 1879  1814 1815 1880  1814 1879 1880  1815 1816 1881  1815 1880 1881  1816 1817 1882  1816 1881 1882  1817 1818 1883  1817 1882 1883  1818 1819 1884  1818 1883 1884  1820 1821 1886  1820 1885 1886  1821 1822 1887  1821 1886 1887  1822 1823 1888  1822 1887 1888  1823 1824 1889  1823 1888 1889  1824 1825 1890  1824 1889 1890  1825 1826 1891  1825 1890 1891  1826 1827 1892  1826 1891 1892  1827 1828 1893  1827 1892 1893  1828 1829 1894  1828 1893 1894  1829 1830 1895  1829 1894 1895  1830 1831 1896  1830 1895 1896  1831 1832 1897  1831 1896 1897  1832 1833 1898  1832 1897 1898  1833 1834 1899  1833 1898 1899  1834 1835 1900  1834 1899 1900  1835 1836 1901  1835 1900 1901  1836 1837 1902  1836 1901 1902  1837 1838 1903  1837 1902 1903  1838 1839 1904  1838 1903 1904  1839 1840 1905  1839 1904 1905  1840 1841 1906  1840 1905 1906  1841 1842 1907  1841 1906 1907  1842 1843 1908  1842 1907 1908  1843 1844 1909  1843 1908 1909  1844 1845 1910  1844 1909 1910  1845 1846 1911  1845 1910 1911  1846 1847 1912  1846 1911 1912  1847 1848 1913  1847 1912 1913  1848 1849 1914  1848 1913 1914  1849 1850 1915  1849 1914 1915  1850 1851 1916  1850 1915 1916  1851 1852 1917  1851 1916 1917  1852 1853 1918  1852 1917 1918  1853 1854 1919  1853 1918 1919  1854 1855 1920  1854 1919 1920  1855 1856 1921  1855 1920 1921  1856 1857 1922  1856 1921 1922  1857 1858 1923  1857 1922 1923  1858 1859 1924  1858 1923 1924  1859 1860 1925  1859 1924 1925  1860 1861 1926  1860 1925 1926  1861 1862 1927  1861 1926 1927  1862 1863 1928  1862 1927 1928  1863 1864 1929  1863 1928 1929  1864 1865 1930  1864 1929 1930  1865 1866 1931  1865 1930 1931  1866 1867 1932  1866 1931 1932  1867 1868 1933  1867 1932 1933  1868 1869 1934  1868 1933 1934  1869 1870 1935  1869 1934 1935  1870 1871 1936  1870 1935 1936  1871 1872 1937  1871 1936 1937  1872 1873 1938  1872 1937 1938  1873 1874 1939  1873 1938 1939  1874 1875 1940  1874 1939 1940  1875 1876 1941  1875 1940 1941  1876 1877 1942  1876 1941 1942  1877 1878 1943  1877 1942 1943  1878 1879 1944  1878 1943 1944  1879 1880 1945  1879 1944 1945  1880 1881 1946  1880 1945 1946  1881 1882 1947  1881 1946 1947  1882 1883 1948  1882 1947 1948  1883 1884 1949  1883 1948 1949  1885 1886 1951  1885 1950 1951  1886 1887 1952  1886 1951 1952  1887 1888 1953  1887 1952 1953  1888 1889 1954  1888 1953 1954  1889 1890 1955  1889 1954 1955  1890 1891 1956  1890 1955 1956  1891 1892 1957  1891 1956 1957  1892 1893 1958  1892 1957 1958  1893 1894 1959  1893 1958 1959  1894 1895 1960  1894 1959 1960  1895 1896 1961  1895 1960 1961  1896 1897 1962  1896 1961 1962  1897 1898 1963  1897 1962 1963  1898 1899 1964  1898 1963 1964  1899 1900 1965  1899 1964 1965  1900 1901 1966  1900 1965 1966  1901 1902 1967  1901 1966 1967  1902 1903 1968  1902 1967 1968  1903 1904 1969  1903 1968 1969  1904 1905 1970  1904 1969 1970  1905 1906 1971  1905 1970 1971  1906 1907 1972  1906 1971 1972  1907 1908 1973  1907 1972 1973  1908 1909 1974  1908 1973 1974  1909 1910 1975  1909 1974 1975  1910 1911 1976  1910 1975 1976  1911 1912 1977  1911 1976 1977  1912 1913 1978  1912 1977 1978  1913 1914 1979  1913 1978 1979  1914 1915 1980  1914 1979 1980  1915 1916 1981  1915 1980 1981  1916 1917 1982  1916 1981 1982  1917 1918 1983  1917 1982 1983  1918 1919 1984  1918 1983 1984  1919 1920 1985  1919 1984 1985  1920 1921 1986  1920 1985 1986  1921 1922 1987  1921 1986 1987  1922 1923 1988  1922 1987 1988  1923 1924 1989  1923 1988 1989  1924 1925 1990  1924 1989 1990  1925 1926 1991  1925 1990 1991  1926 1927 1992  1926 1991 1992  1927 1928 1993  1927 1992 1993  1928 1929 1994  1928 1993 1994  1929 1930 1995  1929 1994 1995  1930 1931 1996  1930 1995 1996  1931 1932 1997  1931 1996 1997  1932 1933 1998  1932 1997 1998  1933 1934 1999  1933 1998 1999  1934 1935 2000  1934 1999 2000  1935 1936 2001  1935 2000 2001  1936 1937 2002  1936 2001 2002  1937 1938 2003  1937 2002 2003  1938 1939 2004  1938 2003 2004  1939 1940 2005  1939 2004 2005  1940 1941 2006  1940 2005 2006  1941 1942 2007  1941 2006 2007  1942 1943 2008  1942 2007 2008  1943 1944 2009  1943 2008 2009  1944 1945 2010  1944 2009 2010  1945 1946 2011  1945 2010 2011  1946 1947 2012  1946 2011 2012  1947 1948 2013  1947 2012 2013  1948 1949 2014  1948 2013 2014  1950 1951 2016  1950 2015 2016  1951 1952 2017  1951 2016 2017  1952 1953 2018  1952 2017 2018  1953 1954 2019  1953 2018 2019  1954 1955 2020  1954 2019 2020  1955 1956 2021  1955 2020 2021  1956 1957 2022  1956 2021 2022  1957 1958 2023  1957 2022 2023  1958 1959 2024  1958 2023 2024  1959 1960 2025  1959 2024 2025  1960 1961 2026  1960 2025 2026  1961 1962 2027  1961 2026 2027  1962 1963 2028  1962 2027 2028  1963 1964 2029  1963 2028 2029  1964 1965 2030  1964 2029 2030  1965 1966 2031  1965 2030 2031  1966 1967 2032  1966 2031 2032  1967 1968 2033  1967 2032 2033  1968 1969 2034  1968 2033 2034  1969 1970 2035  1969 2034 2035  1970 1971 2036  1970 2035 2036  1971 1972 2037  1971 2036 2037  1972 1973 2038  1972 2037 2038  1973 1974 2039  1973 2038 2039  1974 1975 2040  1974 2039 2040  1975 1976 2041  1975 2040 2041  1976 1977 2042  1976 2041 2042  1977 1978 2043  1977 2042 2043  1978 1979 2044  1978 2043 2044  1979 1980 2045  1979 2044 2045  1980 1981 2046  1980 2045 2046  1981 1982 2047  1981 2046 2047  1982 1983 2048  1982 2047 2048  1983 1984 2049  1983 2048 2049  1984 1985 2050  1984 2049 2050  1985 1986 2051  1985 2050 2051  1986 1987 2052  1986 2051 2052  1987 1988 2053  1987 2052 2053  1988 1989 2054  1988 2053 2054  1989 1990 2055  1989 2054 2055  1990 1991 2056  1990 2055 2056  1991 1992 2057  1991 2056 2057  1992 1993 2058  1992 2057 2058  1993 1994 2059  1993 2058 2059  1994 1995 2060  1994 2059 2060  1995 1996 2061  1995 2060 2061  1996 1997 2062  1996 2061 2062  1997 1998 2063  1997 2062 2063  1998 1999 2064  1998 2063 2064  1999 2000 2065  1999 2064 2065  2000 2001 2066  2000 2065 2066  2001 2002 2067  2001 2066 2067  2002 2003 2068  2002 2067 2068  2003 2004 2069  2003 2068 2069  2004 2005 2070  2004 2069 2070  2005 2006 2071  2005 2070 2071  2006 2007 2072  2006 2071 2072  2007 2008 2073  2007 2072 2073  2008 2009 2074  2008 2073 2074  2009 2010 2075  2009 2074 2075  2010 2011 2076  2010 2075 2076  2011 2012 2077  2011 2076 2077  2012 2013 2078  2012 2077 2078  2013 2014 2079  2013 2078 2079  2015 2016 2081  2015 2080 2081  2016 2017 2082  2016 2081 2082  2017 2018 2083  2017 2082 2083  2018 2019 2084  2018 2083 2084  2019 2020 2085  2019 2084 2085  2020 2021 2086  2020 2085 2086  2021 2022 2087  2021 2086 2087  2022 2023 2088  2022 2087 2088  2023 2024 2089  2023 2088 2089  2024 2025 2090  2024 2089 2090  2025 2026 2091  2025 2090 2091  2026 2027 2092  2026 2091 2092  2027 2028 2093  2027 2092 2093  2028 2029 2094  2028 2093 2094  2029 2030 2095  2029 2094 2095  2030 2031 2096  2030 2095 2096  2031 2032 2097  2031 2096 2097  2032 2033 2098  2032 2097 2098  2033 2034 2099  2033 2098 2099  2034 2035 2100  2034 2099 2100  2035 2036 2101  2035 2100 2101  2036 2037 2102  2036 2101 2102  2037 2038 2103  2037 2102 2103  2038 2039 2104  2038 2103 2104  2039 2040 2105  2039 2104 2105  2040 2041 2106  2040 2105 2106  2041 2042 2107  2041 2106 2107  2042 2043 2108  2042 2107 2108  2043 2044 2109  2043 2108 2109  2044 2045 2110  2044 2109 2110  2045 2046 2111  2045 2110 2111  2046 2047 2112  2046 2111 2112  2047 2048 2113  2047 2112 2113  2048 2049 2114  2048 2113 2114  2049 2050 2115  2049 2114 2115  2050 2051 2116  2050 2115 2116  2051 2052 2117  2051 2116 2117  2052 2053 2118  2052 2117 2118  2053 2054 2119  2053 2118 2119  2054 2055 2120  2054 2119 2120  2055 2056 2121  2055 2120 2121  2056 2057 2122  2056 2121 2122  2057 2058 2123  2057 2122 2123  2058 2059 2124  2058 2123 2124  2059 2060 2125  2059 2124 2125  2060 2061 2126  2060 2125 2126  2061 2062 2127  2061 2126 2127  2062 2063 2128  2062 2127 2128  2063 2064 2129  2063 2128 2129  2064 2065 2130  2064 2129 2130  2065 2066 2131  2065 2130 2131  2066 2067 2132  2066 2131 2132  2067 2068 2133  2067 2132 2133  2068 2069 2134  2068 2133 2134  2069 2070 2135  2069 2134 2135  2070 2071 2136  2070 2135 2136  2071 2072 2137  2071 2136 2137  2072 2073 2138  2072 2137 2138  2073 2074 2139  2073 2138 2139  2074 2075 2140  2074 2139 2140  2075 2076 2141  2075 2140 2141  2076 2077 2142  2076 2141 2142  2077 2078 2143  2077 2142 2143  2078 2079 2144  2078 2143 2144  2080 2081 2146  2080 2145 2146  2081 2082 2147  2081 2146 2147  2082 2083 2148  2082 2147 2148  2083 2084 2149  2083 2148 2149  2084 2085 2150  2084 2149 2150  2085 2086 2151  2085 2150 2151  2086 2087 2152  2086 2151 2152  2087 2088 2153  2087 2152 2153  2088 2089 2154  2088 2153 2154  2089 2090 2155  2089 2154 2155  2090 2091 2156  2090 2155 2156  2091 2092 2157  2091 2156 2157  2092 2093 2158  2092 2157 2158  2093 2094 2159  2093 2158 2159  2094 2095 2160  2094 2159 2160  2095 2096 2161  2095 2160 2161  2096 2097 2162  2096 2161 2162  2097 2098 2163  2097 2162 2163  2098 2099 2164  2098 2163 2164  2099 2100 2165  2099 2164 2165  2100 2101 2166  2100 2165 2166  2101 2102 2167  2101 2166 2167  2102 2103 2168  2102 2167 2168  2103 2104 2169  2103 2168 2169  2104 2105 2170  2104 2169 2170  2105 2106 2171  2105 2170 2171  2106 2107 2172  2106 2171 2172  2107 2108 2173  2107 2172 2173  2108 2109 2174  2108 2173 2174  2109 2110 2175  2109 2174 2175  2110 2111 2176  2110 2175 2176  2111 2112 2177  2111 2176 2177  2112 2113 2178  2112 2177 2178  2113 2114 2179  2113 2178 2179  2114 2115 2180  2114 2179 2180  2115 2116 2181  2115 2180 2181  2116 2117 2182  2116 2181 2182  2117 2118 2183  2117 2182 2183  2118 2119 2184  2118 2183 2184  2119 2120 2185  2119 2184 2185  2120 2121 2186  2120 2185 2186  2121 2122 2187  2121 2186 2187  2122 2123 2188  2122 2187 2188  2123 2124 2189  2123 2188 2189  2124 2125 2190  2124 2189 2190  2125 2126 2191  2125 2190 2191  2126 2127 2192  2126 2191 2192  2127 2128 2193  2127 2192 2193  2128 2129 2194  2128 2193 2194  2129 2130 2195  2129 2194 2195  2130 2131 2196  2130 2195 2196  2131 2132 2197  2131 2196 2197  2132 2133 2198  2132 2197 2198  2133 2134 2199  2133 2198 2199  2134 2135 2200  2134 2199 2200  2135 2136 2201  2135 2200 2201  2136 2137 2202  2136 2201 2202  2137 2138 2203  2137 2202 2203  2138 2139 2204  2138 2203 2204  2139 2140 2205  2139 2204 2205  2140 2141 2206  2140 2205 2206  2141 2142 2207  2141 2206 2207  2142 2143 2208  2142 2207 2208  2143 2144 2209  2143 2208 2209  2145 2146 2211  2145 2210 2211  2146 2147 2212  2146 2211 2212  2147 2148 2213  2147 2212 2213  2148 2149 2214  2148 2213 2214  2149 2150 2215  2149 2214 2215  2150 2151 2216  2150 2215 2216  2151 2152 2217  2151 2216 2217  2152 2153 2218  2152 2217 2218  2153 2154 2219  2153 2218 2219  2154 2155 2220  2154 2219 2220  2155 2156 2221  2155 2220 2221  2156 2157 2222  2156 2221 2222  2157 2158 2223  2157 2222 2223  2158 2159 2224  2158 2223 2224  2159 2160 2225  2159 2224 2225  2160 2161 2226  2160 2225 2226  2161 2162 2227  2161 2226 2227  2162 2163 2228  2162 2227 2228  2163 2164 2229  2163 2228 2229  2164 2165 2230  2164 2229 2230  2165 2166 2231  2165 2230 2231  2166 2167 2232  2166 2231 2232  2167 2168 2233  2167 2232 2233  2168 2169 2234  2168 2233 2234  2169 2170 2235  2169 2234 2235  2170 2171 2236  2170 2235 2236  2171 2172 2237  2171 2236 2237  2172 2173 2238  2172 2237 2238  2173 2174 2239  2173 2238 2239  2174 2175 2240  2174 2239 2240  2175 2176 2241  2175 2240 2241  2176 2177 2242  2176 2241 2242  2177 2178 2243  2177 2242 2243  2178 2179 2244  2178 2243 2244  2179 2180 2245  2179 2244 2245  2180 2181 2246  2180 2245 2246  2181 2182 2247  2181 2246 2247  2182 2183 2248  2182 2247 2248  2183 2184 2249  2183 2248 2249  2184 2185 2250  2184 2249 2250  2185 2186 2251  2185 2250 2251  2186 2187 2252  2186 2251 2252  2187 2188 2253  2187 2252 2253  2188 2189 2254  2188 2253 2254  2189 2190 2255  2189 2254 2255  2190 2191 2256  2190 2255 2256  2191 2192 2257  2191 2256 2257  2192 2193 2258  2192 2257 2258  2193 2194 2259  2193 2258 2259  2194 2195 2260  2194 2259 2260  2195 2196 2261  2195 2260 2261  2196 2197 2262  2196 2261 2262  2197 2198 2263  2197 2262 2263  2198 2199 2264  2198 2263 2264  2199 2200 2265  2199 2264 2265  2200 2201 2266  2200 2265 2266  2201 2202 2267  2201 2266 2267  2202 2203 2268  2202 2267 2268  2203 2204 2269  2203 2268 2269  2204 2205 2270  2204 2269 2270  2205 2206 2271  2205 2270 2271  2206 2207 2272  2206 2271 2272  2207 2208 2273  2207 2272 2273  2208 2209 2274  2208 2273 2274  2210 2211 2276  2210 2275 2276  2211 2212 2277  2211 2276 2277  2212 2213 2278  2212 2277 2278  2213 2214 2279  2213 2278 2279  2214 2215 2280  2214 2279 2280  2215 2216 2281  2215 2280 2281  2216 2217 2282  2216 2281 2282  2217 2218 2283  2217 2282 2283  2218 2219 2284  2218 2283 2284  2219 2220 2285  2219 2284 2285  2220 2221 2286  2220 2285 2286  2221 2222 2287  2221 2286 2287  2222 2223 2288  2222 2287 2288  2223 2224 2289  2223 2288 2289  2224 2225 2290  2224 2289 2290  2225 2226 2291  2225 2290 2291  2226 2227 2292  2226 2291 2292  2227 2228 2293  2227 2292 2293  2228 2229 2294  2228 2293 2294  2229 2230 2295  2229 2294 2295  2230 2231 2296  2230 2295 2296  2231 2232 2297  2231 2296 2297  2232 2233 2298  2232 2297 2298  2233 2234 2299  2233 2298 2299  2234 2235 2300  2234 2299 2300  2235 2236 2301  2235 2300 2301  2236 2237 2302  2236 2301 2302  2237 2238 2303  2237 2302 2303  2238 2239 2304  2238 2303 2304  2239 2240 2305  2239 2304 2305  2240 2241 2306  2240 2305 2306  2241 2242 2307  2241 2306 2307  2242 2243 2308  2242 2307 2308  2243 2244 2309  2243 2308 2309  2244 2245 2310  2244 2309 2310  2245 2246 2311  2245 2310 2311  2246 2247 2312  2246 2311 2312  2247 2248 2313  2247 2312 2313  2248 2249 2314  2248 2313 2314  2249 2250 2315  2249 2314 2315  2250 2251 2316  2250 2315 2316  2251 2252 2317  2251 2316 2317  2252 2253 2318  2252 2317 2318  2253 2254 2319  2253 2318 2319  2254 2255 2320  2254 2319 2320  2255 2256 2321  2255 2320 2321  2256 2257 2322  2256 2321 2322  2257 2258 2323  2257 2322 2323  2258 2259 2324  2258 2323 2324  2259 2260 2325  2259 2324 2325  2260 2261 2326  2260 2325 2326  2261 2262 2327  2261 2326 2327  2262 2263 2328  2262 2327 2328  2263 2264 2329  2263 2328 2329  2264 2265 2330  2264 2329 2330  2265 2266 2331  2265 2330 2331  2266 2267 2332  2266 2331 2332  2267 2268 2333  2267 2332 2333  2268 2269 2334  2268 2333 2334  2269 2270 2335  2269 2334 2335  2270 2271 2336  2270 2335 2336  2271 2272 2337  2271 2336 2337  2272 2273 2338  2272 2337 2338  2273 2274 2339  2273 2338 2339  2275 2276 2341  2275 2340 2341  2276 2277 2342  2276 2341 2342  2277 2278 2343  2277 2342 2343  2278 2279 2344  2278 2343 2344  2279 2280 2345  2279 2344 2345  2280 2281 2346  2280 2345 2346  2281 2282 2347  2281 2346 2347  2282 2283 2348  2282 2347 2348  2283 2284 2349  2283 2348 2349  2284 2285 2350  2284 2349 2350  2285 2286 2351  2285 2350 2351  2286 2287 2352  2286 2351 2352  2287 2288 2353  2287 2352 2353  2288 2289 2354  2288 2353 2354  2289 2290 2355  2289 2354 2355  2290 2291 2356  2290 2355 2356  2291 2292 2357  2291 2356 2357  2292 2293 2358  2292 2357 2358  2293 2294 2359  2293 2358 2359  2294 2295 2360  2294 2359 2360  2295 2296 2361  2295 2360 2361  2296 2297 2362  2296 2361 2362  2297 2298 2363  2297 2362 2363  2298 2299 2364  2298 2363 2364  2299 2300 2365  2299 2364 2365  2300 2301 2366  2300 2365 2366  2301 2302 2367  2301 2366 2367  2302 2303 2368  2302 2367 2368  2303 2304 2369  2303 2368 2369  2304 2305 2370  2304 2369 2370  2305 2306 2371  2305 2370 2371  2306 2307 2372  2306 2371 2372  2307 2308 2373  2307 2372 2373  2308 2309 2374  2308 2373 2374  2309 2310 2375  2309 2374 2375  2310 2311 2376  2310 2375 2376  2311 2312 2377  2311 2376 2377  2312 2313 2378  2312 2377 2378  2313 2314 2379  2313 2378 2379  2314 2315 2380  2314 2379 2380  2315 2316 2381  2315 2380 2381  2316 2317 2382  2316 2381 2382  2317 2318 2383  2317 2382 2383  2318 2319 2384  2318 2383 2384  2319 2320 2385  2319 2384 2385  2320 2321 2386  2320 2385 2386  2321 2322 2387  2321 2386 2387  2322 2323 2388  2322 2387 2388  2323 2324 2389  2323 2388 2389  2324 2325 2390  2324 2389 2390  2325 2326 2391  2325 2390 2391  2326 2327 2392  2326 2391 2392  2327 2328 2393  2327 2392 2393  2328 2329 2394  2328 2393 2394  2329 2330 2395  2329 2394 2395  2330 2331 2396  2330 2395 2396  2331 2332 2397  2331 2396 2397  2332 2333 2398  2332 2397 2398  2333 2334 2399  2333 2398 2399  2334 2335 2400  2334 2399 2400  2335 2336 2401  2335 2400 2401  2336 2337 2402  2336 2401 2402  2337 2338 2403  2337 2402 2403  2338 2339 2404  2338 2403 2404  2340 2341 2406  2340 2405 2406  2341 2342 2407  2341 2406 2407  2342 2343 2408  2342 2407 2408  2343 2344 2409  2343 2408 2409  2344 2345 2410  2344 2409 2410  2345 2346 2411  2345 2410 2411  2346 2347 2412  2346 2411 2412  2347 2348 2413  2347 2412 2413  2348 2349 2414  2348 2413 2414  2349 2350 2415  2349 2414 2415  2350 2351 2416  2350 2415 2416  2351 2352 2417  2351 2416 2417  2352 2353 2418  2352 2417 2418  2353 2354 2419  2353 2418 2419  2354 2355 2420  2354 2419 2420  2355 2356 2421  2355 2420 2421  2356 2357 2422  2356 2421 2422  2357 2358 2423  2357 2422 2423  2358 2359 2424  2358 2423 2424  2359 2360 2425  2359 2424 2425  2360 2361 2426  2360 2425 2426  2361 2362 2427  2361 2426 2427  2362 2363 2428  2362 2427 2428  2363 2364 2429  2363 2428 2429  2364 2365 2430  2364 2429 2430  2365 2366 2431  2365 2430 2431  2366 2367 2432  2366 2431 2432  2367 2368 2433  2367 2432 2433  2368 2369 2434  2368 2433 2434  2369 2370 2435  2369 2434 2435  2370 2371 2436  2370 2435 2436  2371 2372 2437  2371 2436 2437  2372 2373 2438  2372 2437 2438  2373 2374 2439  2373 2438 2439  2374 2375 2440  2374 2439 2440  2375 2376 2441  2375 2440 2441  2376 2377 2442  2376 2441 2442  2377 2378 2443  2377 2442 2443  2378 2379 2444  2378 2443 2444  2379 2380 2445  2379 2444 2445  2380 2381 2446  2380 2445 2446  2381 2382 2447  2381 2446 2447  2382 2383 2448  2382 2447 2448  2383 2384 2449  2383 2448 2449  2384 2385 2450  2384 2449 2450  2385 2386 2451  2385 2450 2451  2386 2387 2452  2386 2451 2452  2387 2388 2453  2387 2452 2453  2388 2389 2454  2388 2453 2454  2389 2390 2455  2389 2454 2455  2390 2391 2456  2390 2455 2456  2391 2392 2457  2391 2456 2457  2392 2393 2458  2392 2457 2458  2393 2394 2459  2393 2458 2459  2394 2395 2460  2394 2459 2460  2395 2396 2461  2395 2460 2461  2396 2397 2462  2396 2461 2462  2397 2398 2463  2397 2462 2463  2398 2399 2464  2398 2463 2464  2399 2400 2465  2399 2464 2465  2400 2401 2466  2400 2465 2466  2401 2402 2467  2401 2466 2467  2402 2403 2468  2402 2467 2468  2403 2404 2469  2403 2468 2469  2405 2406 2471  2405 2470 2471  2406 2407 2472  2406 2471 2472  2407 2408 2473  2407 2472 2473  2408 2409 2474  2408 2473 2474  2409 2410 2475  2409 2474 2475  2410 2411 2476  2410 2475 2476  2411 2412 2477  2411 2476 2477  2412 2413 2478  2412 2477 2478  2413 2414 2479  2413 2478 2479  2414 2415 2480  2414 2479 2480  2415 2416 2481  2415 2480 2481  2416 2417 2482  2416 2481 2482  2417 2418 2483  2417 2482 2483  2418 2419 2484  2418 2483 2484  2419 2420 2485  2419 2484 2485  2420 2421 2486  2420 2485 2486  2421 2422 2487  2421 2486 2487  2422 2423 2488  2422 2487 2488  2423 2424 2489  2423 2488 2489  2424 2425 2490  2424 2489 2490  2425 2426 2491  2425 2490 2491  2426 2427 2492  2426 2491 2492  2427 2428 2493  2427 2492 2493  2428 2429 2494  2428 2493 2494  2429 2430 2495  2429 2494 2495  2430 2431 2496  2430 2495 2496  2431 2432 2497  2431 2496 2497  2432 2433 2498  2432 2497 2498  2433 2434 2499  2433 2498 2499  2434 2435 2500  2434 2499 2500  2435 2436 2501  2435 2500 2501  2436 2437 2502  2436 2501 2502  2437 2438 2503  2437 2502 2503  2438 2439 2504  2438 2503 2504  2439 2440 2505  2439 2504 2505  2440 2441 2506  2440 2505 2506  2441 2442 2507  2441 2506 2507  2442 2443 2508  2442 2507 2508  2443 2444 2509  2443 2508 2509  2444 2445 2510  2444 2509 2510  2445 2446 2511  2445 2510 2511  2446 2447 2512  2446 2511 2512  2447 2448 2513  2447 2512 2513  2448 2449 2514  2448 2513 2514  2449 2450 2515  2449 2514 2515  2450 2451 2516  2450 2515 2516  2451 2452 2517  2451 2516 2517  2452 2453 2518  2452 2517 2518  2453 2454 2519  2453 2518 2519  2454 2455 2520  2454 2519 2520  2455 2456 2521  2455 2520 2521  2456 2457 2522  2456 2521 2522  2457 2458 2523  2457 2522 2523  2458 2459 2524  2458 2523 2524  2459 2460 2525  2459 2524 2525  2460 2461 2526  2460 2525 2526  2461 2462 2527  2461 2526 2527  2462 2463 2528  2462 2527 2528  2463 2464 2529  2463 2528 2529  2464 2465 2530  2464 2529 2530  2465 2466 2531  2465 2530 2531  2466 2467 2532  2466 2531 2532  2467 2468 2533  2467 2532 2533  2468 2469 2534  2468 2533 2534  2470 2471 2536  2470 2535 2536  2471 2472 2537  2471 2536 2537  2472 2473 2538  2472 2537 2538  2473 2474 2539  2473 2538 2539  2474 2475 2540  2474 2539 2540  2475 2476 2541  2475 2540 2541  2476 2477 2542  2476 2541 2542  2477 2478 2543  2477 2542 2543  2478 2479 2544  2478 2543 2544  2479 2480 2545  2479 2544 2545  2480 2481 2546  2480 2545 2546  2481 2482 2547  2481 2546 2547  2482 2483 2548  2482 2547 2548  2483 2484 2549  2483 2548 2549  2484 2485 2550  2484 2549 2550  2485 2486 2551  2485 2550 2551  2486 2487 2552  2486 2551 2552  2487 2488 2553  2487 2552 2553  2488 2489 2554  2488 2553 2554  2489 2490 2555  2489 2554 2555  2490 2491 2556  2490 2555 2556  2491 2492 2557  2491 2556 2557  2492 2493 2558  2492 2557 2558  2493 2494 2559  2493 2558 2559  2494 2495 2560  2494 2559 2560  2495 2496 2561  2495 2560 2561  2496 2497 2562  2496 2561 2562  2497 2498 2563  2497 2562 2563  2498 2499 2564  2498 2563 2564  2499 2500 2565  2499 2564 2565  2500 2501 2566  2500 2565 2566  2501 2502 2567  2501 2566 2567  2502 2503 2568  2502 2567 2568  2503 2504 2569  2503 2568 2569  2504 2505 2570  2504 2569 2570  2505 2506 2571  2505 2570 2571  2506 2507 2572  2506 2571 2572  2507 2508 2573  2507 2572 2573  2508 2509 2574  2508 2573 2574  2509 2510 2575  2509 2574 2575  2510 2511 2576  2510 2575 2576  2511 2512 2577  2511 2576 2577  2512 2513 2578  2512 2577 2578  2513 2514 2579  2513 2578 2579  2514 2515 2580  2514 2579 2580  2515 2516 2581  2515 2580 2581  2516 2517 2582  2516 2581 2582  2517 2518 2583  2517 2582 2583  2518 2519 2584  2518 2583 2584  2519 2520 2585  2519 2584 2585  2520 2521 2586  2520 2585 2586  2521 2522 2587  2521 2586 2587  2522 2523 2588  2522 2587 2588  2523 2524 2589  2523 2588 2589  2524 2525 2590  2524 2589 2590  2525 2526 2591  2525 2590 2591  2526 2527 2592  2526 2591 2592  2527 2528 2593  2527 2592 2593  2528 2529 2594  2528 2593 2594  2529 2530 2595  2529 2594 2595  2530 2531 2596  2530 2595 2596  2531 2532 2597  2531 2596 2597  2532 2533 2598  2532 2597 2598  2533 2534 2599  2533 2598 2599  2535 2536 2601  2535 2600 2601  2536 2537 2602  2536 2601 2602  2537 2538 2603  2537 2602 2603  2538 2539 2604  2538 2603 2604  2539 2540 2605  2539 2604 2605  2540 2541 2606  2540 2605 2606  2541 2542 2607  2541 2606 2607  2542 2543 2608  2542 2607 2608  2543 2544 2609  2543 2608 2609  2544 2545 2610  2544 2609 2610  2545 2546 2611  2545 2610 2611  2546 2547 2612  2546 2611 2612  2547 2548 2613  2547 2612 2613  2548 2549 2614  2548 2613 2614  2549 2550 2615  2549 2614 2615  2550 2551 2616  2550 2615 2616  2551 2552 2617  2551 2616 2617  2552 2553 2618  2552 2617 2618  2553 2554 2619  2553 2618 2619  2554 2555 2620  2554 2619 2620  2555 2556 2621  2555 2620 2621  2556 2557 2622  2556 2621 2622  2557 2558 2623  2557 2622 2623  2558 2559 2624  2558 2623 2624  2559 2560 2625  2559 2624 2625  2560 2561 2626  2560 2625 2626  2561 2562 2627  2561 2626 2627  2562 2563 2628  2562 2627 2628  2563 2564 2629  2563 2628 2629  2564 2565 2630  2564 2629 2630  2565 2566 2631  2565 2630 2631  2566 2567 2632  2566 2631 2632  2567 2568 2633  2567 2632 2633  2568 2569 2634  2568 2633 2634  2569 2570 2635  2569 2634 2635  2570 2571 2636  2570 2635 2636  2571 2572 2637  2571 2636 2637  2572 2573 2638  2572 2637 2638  2573 2574 2639  2573 2638 2639  2574 2575 2640  2574 2639 2640  2575 2576 2641  2575 2640 2641  2576 2577 2642  2576 2641 2642  2577 2578 2643  2577 2642 2643  2578 2579 2644  2578 2643 2644  2579 2580 2645  2579 2644 2645  2580 2581 2646  2580 2645 2646  2581 2582 2647  2581 2646 2647  2582 2583 2648  2582 2647 2648  2583 2584 2649  2583 2648 2649  2584 2585 2650  2584 2649 2650  2585 2586 2651  2585 2650 2651  2586 2587 2652  2586 2651 2652  2587 2588 2653  2587 2652 2653  2588 2589 2654  2588 2653 2654  2589 2590 2655  2589 2654 2655  2590 2591 2656  2590 2655 2656  2591 2592 2657  2591 2656 2657  2592 2593 2658  2592 2657 2658  2593 2594 2659  2593 2658 2659  2594 2595 2660  2594 2659 2660  2595 2596 2661  2595 2660 2661  2596 2597 2662  2596 2661 2662  2597 2598 2663  2597 2662 2663  2598 2599 2664  2598 2663 2664  2600 2601 2666  2600 2665 2666  2601 2602 2667  2601 2666 2667  2602 2603 2668  2602 2667 2668  2603 2604 2669  2603 2668 2669  2604 2605 2670  2604 2669 2670  2605 2606 2671  2605 2670 2671  2606 2607 2672  2606 2671 2672  2607 2608 2673  2607 2672 2673  2608 2609 2674  2608 2673 2674  2609 2610 2675  2609 2674 2675  2610 2611 2676  2610 2675 2676  2611 2612 2677  2611 2676 2677  2612 2613 2678  2612 2677 2678  2613 2614 2679  2613 2678 2679  2614 2615 2680  2614 2679 2680  2615 2616 2681  2615 2680 2681  2616 2617 2682  2616 2681 2682  2617 2618 2683  2617 2682 2683  2618 2619 2684  2618 2683 2684  2619 2620 2685  2619 2684 2685  2620 2621 2686  2620 2685 2686  2621 2622 2687  2621 2686 2687  2622 2623 2688  2622 2687 2688  2623 2624 2689  2623 2688 2689  2624 2625 2690  2624 2689 2690  2625 2626 2691  2625 2690 2691  2626 2627 2692  2626 2691 2692  2627 2628 2693  2627 2692 2693  2628 2629 2694  2628 2693 2694  2629 2630 2695  2629 2694 2695  2630 2631 2696  2630 2695 2696  2631 2632 2697  2631 2696 2697  2632 2633 2698  2632 2697 2698  2633 2634 2699  2633 2698 2699  2634 2635 2700  2634 2699 2700  2635 2636 2701  2635 2700 2701  2636 2637 2702  2636 2701 2702  2637 2638 2703  2637 2702 2703  2638 2639 2704  2638 2703 2704  2639 2640 2705  2639 2704 2705  2640 2641 2706  2640 2705 2706  2641 2642 2707  2641 2706 2707  2642 2643 2708  2642 2707 2708  2643 2644 2709  2643 2708 2709  2644 2645 2710  2644 2709 2710  2645 2646 2711  2645 2710 2711  2646 2647 2712  2646 2711 2712  2647 2648 2713  2647 2712 2713  2648 2649 2714  2648 2713 2714  2649 2650 2715  2649 2714 2715  2650 2651 2716  2650 2715 2716  2651 2652 2717  2651 2716 2717  2652 2653 2718  2652 2717 2718  2653 2654 2719  2653 2718 2719  2654 2655 2720  2654 2719 2720  2655 2656 2721  2655 2720 2721  2656 2657 2722  2656 2721 2722  2657 2658 2723  2657 2722 2723  2658 2659 2724  2658 2723 2724  2659 2660 2725  2659 2724 2725  2660 2661 2726  2660 2725 2726  2661 2662 2727  2661 2726 2727  2662 2663 2728  2662 2727 2728  2663 2664 2729  2663 2728 2729  2665 2666 2731  2665 2730 2731  2666 2667 2732  2666 2731 2732  2667 2668 2733  2667 2732 2733  2668 2669 2734  2668 2733 2734  2669 2670 2735  2669 2734 2735  2670 2671 2736  2670 2735 2736  2671 2672 2737  2671 2736 2737  2672 2673 2738  2672 2737 2738  2673 2674 2739  2673 2738 2739  2674 2675 2740  2674 2739 2740  2675 2676 2741  2675 2740 2741  2676 2677 2742  2676 2741 2742  2677 2678 2743  2677 2742 2743  2678 2679 2744  2678 2743 2744  2679 2680 2745  2679 2744 2745  2680 2681 2746  2680 2745 2746  2681 2682 2747  2681 2746 2747  2682 2683 2748  2682 2747 2748  2683 2684 2749  2683 2748 2749  2684 2685 2750  2684 2749 2750  2685 2686 2751  2685 2750 2751  2686 2687 2752  2686 2751 2752  2687 2688 2753  2687 2752 2753  2688 2689 2754  2688 2753 2754  2689 2690 2755  2689 2754 2755  2690 2691 2756  2690 2755 2756  2691 2692 2757  2691 2756 2757  2692 2693 2758  2692 2757 2758  2693 2694 2759  2693 2758 2759  2694 2695 2760  2694 2759 2760  2695 2696 2761  2695 2760 2761  2696 2697 2762  2696 2761 2762  2697 2698 2763  2697 2762 2763  2698 2699 2764  2698 2763 2764  2699 2700 2765  2699 2764 2765  2700 2701 2766  2700 2765 2766  2701 2702 2767  2701 2766 2767  2702 2703 2768  2702 2767 2768  2703 2704 2769  2703 2768 2769  2704 2705 2770  2704 2769 2770  2705 2706 2771  2705 2770 2771  2706 2707 2772  2706 2771 2772  2707 2708 2773  2707 2772 2773  2708 2709 2774  2708 2773 2774  2709 2710 2775  2709 2774 2775  2710 2711 2776  2710 2775 2776  2711 2712 2777  2711 2776 2777  2712 2713 2778  2712 2777 2778  2713 2714 2779  2713 2778 2779  2714 2715 2780  2714 2779 2780  2715 2716 2781  2715 2780 2781  2716 2717 2782  2716 2781 2782  2717 2718 2783  2717 2782 2783  2718 2719 2784  2718 2783 2784  2719 2720 2785  2719 2784 2785  2720 2721 2786  2720 2785 2786  2721 2722 2787  2721 2786 2787  2722 2723 2788  2722 2787 2788  2723 2724 2789  2723 2788 2789  2724 2725 2790  2724 2789 2790  2725 2726 2791  2725 2790 2791  2726 2727 2792  2726 2791 2792  2727 2728 2793  2727 2792 2793  2728 2729 2794  2728 2793 2794  2730 2731 2796  2730 2795 2796  2731 2732 2797  2731 2796 2797  2732 2733 2798  2732 2797 2798  2733 2734 2799  2733 2798 2799  2734 2735 2800  2734 2799 2800  2735 2736 2801  2735 2800 2801  2736 2737 2802  2736 2801 2802  2737 2738 2803  2737 2802 2803  2738 2739 2804  2738 2803 2804  2739 2740 2805  2739 2804 2805  2740 2741 2806  2740 2805 2806  2741 2742 2807  2741 2806 2807  2742 2743 2808  2742 2807 2808  2743 2744 2809  2743 2808 2809  2744 2745 2810  2744 2809 2810  2745 2746 2811  2745 2810 2811  2746 2747 2812  2746 2811 2812  2747 2748 2813  2747 2812 2813  2748 2749 2814  2748 2813 2814  2749 2750 2815  2749 2814 2815  2750 2751 2816  2750 2815 2816  2751 2752 2817  2751 2816 2817  2752 2753 2818  2752 2817 2818  2753 2754 2819  2753 2818 2819  2754 2755 2820  2754 2819 2820  2755 2756 2821  2755 2820 2821  2756 2757 2822  2756 2821 2822  2757 2758 2823  2757 2822 2823  2758 2759 2824  2758 2823 2824  2759 2760 2825  2759 2824 2825  2760 2761 2826  2760 2825 2826  2761 2762 2827  2761 2826 2827  2762 2763 2828  2762 2827 2828  2763 2764 2829  2763 2828 2829  2764 2765 2830  2764 2829 2830  2765 2766 2831  2765 2830 2831  2766 2767 2832  2766 2831 2832  2767 2768 2833  2767 2832 2833  2768 2769 2834  2768 2833 2834  2769 2770 2835  2769 2834 2835  2770 2771 2836  2770 2835 2836  2771 2772 2837  2771 2836 2837  2772 2773 2838  2772 2837 2838  2773 2774 2839  2773 2838 2839  2774 2775 2840  2774 2839 2840  2775 2776 2841  2775 2840 2841  2776 2777 2842  2776 2841 2842  2777 2778 2843  2777 2842 2843  2778 2779 2844  2778 2843 2844  2779 2780 2845  2779 2844 2845  2780 2781 2846  2780 2845 2846  2781 2782 2847  2781 2846 2847  2782 2783 2848  2782 2847 2848  2783 2784 2849  2783 2848 2849  2784 2785 2850  2784 2849 2850  2785 2786 2851  2785 2850 2851  2786 2787 2852  2786 2851 2852  2787 2788 2853  2787 2852 2853  2788 2789 2854  2788 2853 2854  2789 2790 2855  2789 2854 2855  2790 2791 2856  2790 2855 2856  2791 2792 2857  2791 2856 2857  2792 2793 2858  2792 2857 2858  2793 2794 2859  2793 2858 2859  2795 2796 2861  2795 2860 2861  2796 2797 2862  2796 2861 2862  2797 2798 2863  2797 2862 2863  2798 2799 2864  2798 2863 2864  2799 2800 2865  2799 2864 2865  2800 2801 2866  2800 2865 2866  2801 2802 2867  2801 2866 2867  2802 2803 2868  2802 2867 2868  2803 2804 2869  2803 2868 2869  2804 2805 2870  2804 2869 2870  2805 2806 2871  2805 2870 2871  2806 2807 2872  2806 2871 2872  2807 2808 2873  2807 2872 2873  2808 2809 2874  2808 2873 2874  2809 2810 2875  2809 2874 2875  2810 2811 2876  2810 2875 2876  2811 2812 2877  2811 2876 2877  2812 2813 2878  2812 2877 2878  2813 2814 2879  2813 2878 2879  2814 2815 2880  2814 2879 2880  2815 2816 2881  2815 2880 2881  2816 2817 2882  2816 2881 2882  2817 2818 2883  2817 2882 2883  2818 2819 2884  2818 2883 2884  2819 2820 2885  2819 2884 2885  2820 2821 2886  2820 2885 2886  2821 2822 2887  2821 2886 2887  2822 2823 2888  2822 2887 2888  2823 2824 2889  2823 2888 2889  2824 2825 2890  2824 2889 2890  2825 2826 2891  2825 2890 2891  2826 2827 2892  2826 2891 2892  2827 2828 2893  2827 2892 2893  2828 2829 2894  2828 2893 2894  2829 2830 2895  2829 2894 2895  2830 2831 2896  2830 2895 2896  2831 2832 2897  2831 2896 2897  2832 2833 2898  2832 2897 2898  2833 2834 2899  2833 2898 2899  2834 2835 2900  2834 2899 2900  2835 2836 2901  2835 2900 2901  2836 2837 2902  2836 2901 2902  2837 2838 2903  2837 2902 2903  2838 2839 2904  2838 2903 2904  2839 2840 2905  2839 2904 2905  2840 2841 2906  2840 2905 2906  2841 2842 2907  2841 2906 2907  2842 2843 2908  2842 2907 2908  2843 2844 2909  2843 2908 2909  2844 2845 2910  2844 2909 2910  2845 2846 2911  2845 2910 2911  2846 2847 2912  2846 2911 2912  2847 2848 2913  2847 2912 2913  2848 2849 2914  2848 2913 2914  2849 2850 2915  2849 2914 2915  2850 2851 2916  2850 2915 2916  2851 2852 2917  2851 2916 2917  2852 2853 2918  2852 2917 2918  2853 2854 2919  2853 2918 2919  2854 2855 2920  2854 2919 2920  2855 2856 2921  2855 2920 2921  2856 2857 2922  2856 2921 2922  2857 2858 2923  2857 2922 2923  2858 2859 2924  2858 2923 2924  2860 2861 2926  2860 2925 2926  2861 2862 2927  2861 2926 2927  2862 2863 2928  2862 2927 2928  2863 2864 2929  2863 2928 2929  2864 2865 2930  2864 2929 2930  2865 2866 2931  2865 2930 2931  2866 2867 2932  2866 2931 2932  2867 2868 2933  2867 2932 2933  2868 2869 2934  2868 2933 2934  2869 2870 2935  2869 2934 2935  2870 2871 2936  2870 2935 2936  2871 2872 2937  2871 2936 2937  2872 2873 2938  2872 2937 2938  2873 2874 2939  2873 2938 2939  2874 2875 2940  2874 2939 2940  2875 2876 2941  2875 2940 2941  2876 2877 2942  2876 2941 2942  2877 2878 2943  2877 2942 2943  2878 2879 2944  2878 2943 2944  2879 2880 2945  2879 2944 2945  2880 2881 2946  2880 2945 2946  2881 2882 2947  2881 2946 2947  2882 2883 2948  2882 2947 2948  2883 2884 2949  2883 2948 2949  2884 2885 2950  2884 2949 2950  2885 2886 2951  2885 2950 2951  2886 2887 2952  2886 2951 2952  2887 2888 2953  2887 2952 2953  2888 2889 2954  2888 2953 2954  2889 2890 2955  2889 2954 2955  2890 2891 2956  2890 2955 2956  2891 2892 2957  2891 2956 2957  2892 2893 2958  2892 2957 2958  2893 2894 2959  2893 2958 2959  2894 2895 2960  2894 2959 2960  2895 2896 2961  2895 2960 2961  2896 2897 2962  2896 2961 2962  2897 2898 2963  2897 2962 2963  2898 2899 2964  2898 2963 2964  2899 2900 2965  2899 2964 2965  2900 2901 2966  2900 2965 2966  2901 2902 2967  2901 2966 2967  2902 2903 2968  2902 2967 2968  2903 2904 2969  2903 2968 2969  2904 2905 2970  2904 2969 2970  2905 2906 2971  2905 2970 2971  2906 2907 2972  2906 2971 2972  2907 2908 2973  2907 2972 2973  2908 2909 2974  2908 2973 2974  2909 2910 2975  2909 2974 2975  2910 2911 2976  2910 2975 2976  2911 2912 2977  2911 2976 2977  2912 2913 2978  2912 2977 2978  2913 2914 2979  2913 2978 2979  2914 2915 2980  2914 2979 2980  2915 2916 2981  2915 2980 2981  2916 2917 2982  2916 2981 2982  2917 2918 2983  2917 2982 2983  2918 2919 2984  2918 2983 2984  2919 2920 2985  2919 2984 2985  2920 2921 2986  2920 2985 2986  2921 2922 2987  2921 2986 2987  2922 2923 2988  2922 2987 2988  2923 2924 2989  2923 2988 2989  2925 2926 2991  2925 2990 2991  2926 2927 2992  2926 2991 2992  2927 2928 2993  2927 2992 2993  2928 2929 2994  2928 2993 2994  2929 2930 2995  2929 2994 2995  2930 2931 2996  2930 2995 2996  2931 2932 2997  2931 2996 2997  2932 2933 2998  2932 2997 2998  2933 2934 2999  2933 2998 2999  2934 2935 3000  2934 2999 3000  2935 2936 3001  2935 3000 3001  2936 2937 3002  2936 3001 3002  2937 2938 3003  2937 3002 3003  2938 2939 3004  2938 3003 3004  2939 2940 3005  2939 3004 3005  2940 2941 3006  2940 3005 3006  2941 2942 3007  2941 3006 3007  2942 2943 3008  2942 3007 3008  2943 2944 3009  2943 3008 3009  2944 2945 3010  2944 3009 3010  2945 2946 3011  2945 3010 3011  2946 2947 3012  2946 3011 3012  2947 2948 3013  2947 3012 3013  2948 2949 3014  2948 3013 3014  2949 2950 3015  2949 3014 3015  2950 2951 3016  2950 3015 3016  2951 2952 3017  2951 3016 3017  2952 2953 3018  2952 3017 3018  2953 2954 3019  2953 3018 3019  2954 2955 3020  2954 3019 3020  2955 2956 3021  2955 3020 3021  2956 2957 3022  2956 3021 3022  2957 2958 3023  2957 3022 3023  2958 2959 3024  2958 3023 3024  2959 2960 3025  2959 3024 3025  2960 2961 3026  2960 3025 3026  2961 2962 3027  2961 3026 3027  2962 2963 3028  2962 3027 3028  2963 2964 3029  2963 3028 3029  2964 2965 3030  2964 3029 3030  2965 2966 3031  2965 3030 3031  2966 2967 3032  2966 3031 3032  2967 2968 3033  2967 3032 3033  2968 2969 3034  2968 3033 3034  2969 2970 3035  2969 3034 3035  2970 2971 3036  2970 3035 3036  2971 2972 3037  2971 3036 3037  2972 2973 3038  2972 3037 3038  2973 2974 3039  2973 3038 3039  2974 2975 3040  2974 3039 3040  2975 2976 3041  2975 3040 3041  2976 2977 3042  2976 3041 3042  2977 2978 3043  2977 3042 3043  2978 2979 3044  2978 3043 3044  2979 2980 3045  2979 3044 3045  2980 2981 3046  2980 3045 3046  2981 2982 3047  2981 3046 3047  2982 2983 3048  2982 3047 3048  2983 2984 3049  2983 3048 3049  2984 2985 3050  2984 3049 3050  2985 2986 3051  2985 3050 3051  2986 2987 3052  2986 3051 3052  2987 2988 3053  2987 3052 3053  2988 2989 3054  2988 3053 3054  2990 2991 3056  2990 3055 3056  2991 2992 3057  2991 3056 3057  2992 2993 3058  2992 3057 3058  2993 2994 3059  2993 3058 3059  2994 2995 3060  2994 3059 3060  2995 2996 3061  2995 3060 3061  2996 2997 3062  2996 3061 3062  2997 2998 3063  2997 3062 3063  2998 2999 3064  2998 3063 3064  2999 3000 3065  2999 3064 3065  3000 3001 3066  3000 3065 3066  3001 3002 3067  3001 3066 3067  3002 3003 3068  3002 3067 3068  3003 3004 3069  3003 3068 3069  3004 3005 3070  3004 3069 3070  3005 3006 3071  3005 3070 3071  3006 3007 3072  3006 3071 3072  3007 3008 3073  3007 3072 3073  3008 3009 3074  3008 3073 3074  3009 3010 3075  3009 3074 3075  3010 3011 3076  3010 3075 3076  3011 3012 3077  3011 3076 3077  3012 3013 3078  3012 3077 3078  3013 3014 3079  3013 3078 3079  3014 3015 3080  3014 3079 3080  3015 3016 3081  3015 3080 3081  3016 3017 3082  3016 3081 3082  3017 3018 3083  3017 3082 3083  3018 3019 3084  3018 3083 3084  3019 3020 3085  3019 3084 3085  3020 3021 3086  3020 3085 3086  3021 3022 3087  3021 3086 3087  3022 3023 3088  3022 3087 3088  3023 3024 3089  3023 3088 3089  3024 3025 3090  3024 3089 3090  3025 3026 3091  3025 3090 3091  3026 3027 3092  3026 3091 3092  3027 3028 3093  3027 3092 3093  3028 3029 3094  3028 3093 3094  3029 3030 3095  3029 3094 3095  3030 3031 3096  3030 3095 3096  3031 3032 3097  3031 3096 3097  3032 3033 3098  3032 3097 3098  3033 3034 3099  3033 3098 3099  3034 3035 3100  3034 3099 3100  3035 3036 3101  3035 3100 3101  3036 3037 3102  3036 3101 3102  3037 3038 3103  3037 3102 3103  3038 3039 3104  3038 3103 3104  3039 3040 3105  3039 3104 3105  3040 3041 3106  3040 3105 3106  3041 3042 3107  3041 3106 3107  3042 3043 3108  3042 3107 3108  3043 3044 3109  3043 3108 3109  3044 3045 3110  3044 3109 3110  3045 3046 3111  3045 3110 3111  3046 3047 3112  3046 3111 3112  3047 3048 3113  3047 3112 3113  3048 3049 3114  3048 3113 3114  3049 3050 3115  3049 3114 3115  3050 3051 3116  3050 3115 3116  3051 3052 3117  3051 3116 3117  3052 3053 3118  3052 3117 3118  3053 3054 3119  3053 3118 3119  3055 3056 3121  3055 3120 3121  3056 3057 3122  3056 3121 3122  3057 3058 3123  3057 3122 3123  3058 3059 3124  3058 3123 3124  3059 3060 3125  3059 3124 3125  3060 3061 3126  3060 3125 3126  3061 3062 3127  3061 3126 3127  3062 3063 3128  3062 3127 3128  3063 3064 3129  3063 3128 3129  3064 3065 3130  3064 3129 3130  3065 3066 3131  3065 3130 3131  3066 3067 3132  3066 3131 3132  3067 3068 3133  3067 3132 3133  3068 3069 3134  3068 3133 3134  3069 3070 3135  3069 3134 3135  3070 3071 3136  3070 3135 3136  3071 3072 3137  3071 3136 3137  3072 3073 3138  3072 3137 3138  3073 3074 3139  3073 3138 3139  3074 3075 3140  3074 3139 3140  3075 3076 3141  3075 3140 3141  3076 3077 3142  3076 3141 3142  3077 3078 3143  3077 3142 3143  3078 3079 3144  3078 3143 3144  3079 3080 3145  3079 3144 3145  3080 3081 3146  3080 3145 3146  3081 3082 3147  3081 3146 3147  3082 3083 3148  3082 3147 3148  3083 3084 3149  3083 3148 3149  3084 3085 3150  3084 3149 3150  3085 3086 3151  3085 3150 3151  3086 3087 3152  3086 3151 3152  3087 3088 3153  3087 3152 3153  3088 3089 3154  3088 3153 3154  3089 3090 3155  3089 3154 3155  3090 3091 3156  3090 3155 3156  3091 3092 3157  3091 3156 3157  3092 3093 3158  3092 3157 3158  3093 3094 3159  3093 3158 3159  3094 3095 3160  3094 3159 3160  3095 3096 3161  3095 3160 3161  3096 3097 3162  3096 3161 3162  3097 3098 3163  3097 3162 3163  3098 3099 3164  3098 3163 3164  3099 3100 3165  3099 3164 3165  3100 3101 3166  3100 3165 3166  3101 3102 3167  3101 3166 3167  3102 3103 3168  3102 3167 3168  3103 3104 3169  3103 3168 3169  3104 3105 3170  3104 3169 3170  3105 3106 3171  3105 3170 3171  3106 3107 3172  3106 3171 3172  3107 3108 3173  3107 3172 3173  3108 3109 3174  3108 3173 3174  3109 3110 3175  3109 3174 3175  3110 3111 3176  3110 3175 3176  3111 3112 3177  3111 3176 3177  3112 3113 3178  3112 3177 3178  3113 3114 3179  3113 3178 3179  3114 3115 3180  3114 3179 3180  3115 3116 3181  3115 3180 3181  3116 3117 3182  3116 3181 3182  3117 3118 3183  3117 3182 3183  3118 3119 3184  3118 3183 3184  3120 3121 3186  3120 3185 3186  3121 3122 3187  3121 3186 3187  3122 3123 3188  3122 3187 3188  3123 3124 3189  3123 3188 3189  3124 3125 3190  3124 3189 3190  3125 3126 3191  3125 3190 3191  3126 3127 3192  3126 3191 3192  3127 3128 3193  3127 3192 3193  3128 3129 3194  3128 3193 3194  3129 3130 3195  3129 3194 3195  3130 3131 3196  3130 3195 3196  3131 3132 3197  3131 3196 3197  3132 3133 3198  3132 3197 3198  3133 3134 3199  3133 3198 3199  3134 3135 3200  3134 3199 3200  3135 3136 3201  3135 3200 3201  3136 3137 3202  3136 3201 3202  3137 3138 3203  3137 3202 3203  3138 3139 3204  3138 3203 3204  3139 3140 3205  3139 3204 3205  3140 3141 3206  3140 3205 3206  3141 3142 3207  3141 3206 3207  3142 3143 3208  3142 3207 3208  3143 3144 3209  3143 3208 3209  3144 3145 3210  3144 3209 3210  3145 3146 3211  3145 3210 3211  3146 3147 3212  3146 3211 3212  3147 3148 3213  3147 3212 3213  3148 3149 3214  3148 3213 3214  3149 3150 3215  3149 3214 3215  3150 3151 3216  3150 3215 3216  3151 3152 3217  3151 3216 3217  3152 3153 3218  3152 3217 3218  3153 3154 3219  3153 3218 3219  3154 3155 3220  3154 3219 3220  3155 3156 3221  3155 3220 3221  3156 3157 3222  3156 3221 3222  3157 3158 3223  3157 3222 3223  3158 3159 3224  3158 3223 3224  3159 3160 3225  3159 3224 3225  3160 3161 3226  3160 3225 3226  3161 3162 3227  3161 3226 3227  3162 3163 3228  3162 3227 3228  3163 3164 3229  3163 3228 3229  3164 3165 3230  3164 3229 3230  3165 3166 3231  3165 3230 3231  3166 3167 3232  3166 3231 3232  3167 3168 3233  3167 3232 3233  3168 3169 3234  3168 3233 3234  3169 3170 3235  3169 3234 3235  3170 3171 3236  3170 3235 3236  3171 3172 3237  3171 3236 3237  3172 3173 3238  3172 3237 3238  3173 3174 3239  3173 3238 3239  3174 3175 3240  3174 3239 3240  3175 3176 3241  3175 3240 3241  3176 3177 3242  3176 3241 3242  3177 3178 3243  3177 3242 3243  3178 3179 3244  3178 3243 3244  3179 3180 3245  3179 3244 3245  3180 3181 3246  3180 3245 3246  3181 3182 3247  3181 3246 3247  3182 3183 3248  3182 3247 3248  3183 3184 3249  3183 3248 3249  3185 3186 3251  3185 3250 3251  3186 3187 3252  3186 3251 3252  3187 3188 3253  3187 3252 3253  3188 3189 3254  3188 3253 3254  3189 3190 3255  3189 3254 3255  3190 3191 3256  3190 3255 3256  3191 3192 3257  3191 3256 3257  3192 3193 3258  3192 3257 3258  3193 3194 3259  3193 3258 3259  3194 3195 3260  3194 3259 3260  3195 3196 3261  3195 3260 3261  3196 3197 3262  3196 3261 3262  3197 3198 3263  3197 3262 3263  3198 3199 3264  3198 3263 3264  3199 3200 3265  3199 3264 3265  3200 3201 3266  3200 3265 3266  3201 3202 3267  3201 3266 3267  3202 3203 3268  3202 3267 3268  3203 3204 3269  3203 3268 3269  3204 3205 3270  3204 3269 3270  3205 3206 3271  3205 3270 3271  3206 3207 3272  3206 3271 3272  3207 3208 3273  3207 3272 3273  3208 3209 3274  3208 3273 3274  3209 3210 3275  3209 3274 3275  3210 3211 3276  3210 3275 3276  3211 3212 3277  3211 3276 3277  3212 3213 3278  3212 3277 3278  3213 3214 3279  3213 3278 3279  3214 3215 3280  3214 3279 3280  3215 3216 3281  3215 3280 3281  3216 3217 3282  3216 3281 3282  3217 3218 3283  3217 3282 3283  3218 3219 3284  3218 3283 3284  3219 3220 3285  3219 3284 3285  3220 3221 3286  3220 3285 3286  3221 3222 3287  3221 3286 3287  3222 3223 3288  3222 3287 3288  3223 3224 3289  3223 3288 3289  3224 3225 3290  3224 3289 3290  3225 3226 3291  3225 3290 3291  3226 3227 3292  3226 3291 3292  3227 3228 3293  3227 3292 3293  3228 3229 3294  3228 3293 3294  3229 3230 3295  3229 3294 3295  3230 3231 3296  3230 3295 3296  3231 3232 3297  3231 3296 3297  3232 3233 3298  3232 3297 3298  3233 3234 3299  3233 3298 3299  3234 3235 3300  3234 3299 3300  3235 3236 3301  3235 3300 3301  3236 3237 3302  3236 3301 3302  3237 3238 3303  3237 3302 3303  3238 3239 3304  3238 3303 3304  3239 3240 3305  3239 3304 3305  3240 3241 3306  3240 3305 3306  3241 3242 3307  3241 3306 3307  3242 3243 3308  3242 3307 3308  3243 3244 3309  3243 3308 3309  3244 3245 3310  3244 3309 3310  3245 3246 3311  3245 3310 3311  3246 3247 3312  3246 3311 3312  3247 3248 3313  3247 3312 3313  3248 3249 3314  3248 3313 3314  3250 3251 3316  3250 3315 3316  3251 3252 3317  3251 3316 3317  3252 3253 3318  3252 3317 3318  3253 3254 3319  3253 3318 3319  3254 3255 3320  3254 3319 3320  3255 3256 3321  3255 3320 3321  3256 3257 3322  3256 3321 3322  3257 3258 3323  3257 3322 3323  3258 3259 3324  3258 3323 3324  3259 3260 3325  3259 3324 3325  3260 3261 3326  3260 3325 3326  3261 3262 3327  3261 3326 3327  3262 3263 3328  3262 3327 3328  3263 3264 3329  3263 3328 3329  3264 3265 3330  3264 3329 3330  3265 3266 3331  3265 3330 3331  3266 3267 3332  3266 3331 3332  3267 3268 3333  3267 3332 3333  3268 3269 3334  3268 3333 3334  3269 3270 3335  3269 3334 3335  3270 3271 3336  3270 3335 3336  3271 3272 3337  3271 3336 3337  3272 3273 3338  3272 3337 3338  3273 3274 3339  3273 3338 3339  3274 3275 3340  3274 3339 3340  3275 3276 3341  3275 3340 3341  3276 3277 3342  3276 3341 3342  3277 3278 3343  3277 3342 3343  3278 3279 3344  3278 3343 3344  3279 3280 3345  3279 3344 3345  3280 3281 3346  3280 3345 3346  3281 3282 3347  3281 3346 3347  3282 3283 3348  3282 3347 3348  3283 3284 3349  3283 3348 3349  3284 3285 3350  3284 3349 3350  3285 3286 3351  3285 3350 3351  3286 3287 3352  3286 3351 3352  3287 3288 3353  3287 3352 3353  3288 3289 3354  3288 3353 3354  3289 3290 3355  3289 3354 3355  3290 3291 3356  3290 3355 3356  3291 3292 3357  3291 3356 3357  3292 3293 3358  3292 3357 3358  3293 3294 3359  3293 3358 3359  3294 3295 3360  3294 3359 3360  3295 3296 3361  3295 3360 3361  3296 3297 3362  3296 3361 3362  3297 3298 3363  3297 3362 3363  3298 3299 3364  3298 3363 3364  3299 3300 3365  3299 3364 3365  3300 3301 3366  3300 3365 3366  3301 3302 3367  3301 3366 3367  3302 3303 3368  3302 3367 3368  3303 3304 3369  3303 3368 3369  3304 3305 3370  3304 3369 3370  3305 3306 3371  3305 3370 3371  3306 3307 3372  3306 3371 3372  3307 3308 3373  3307 3372 3373  3308 3309 3374  3308 3373 3374  3309 3310 3375  3309 3374 3375  3310 3311 3376  3310 3375 3376  3311 3312 3377  3311 3376 3377  3312 3313 3378  3312 3377 3378  3313 3314 3379  3313 3378 3379  3315 3316 3381  3315 3380 3381  3316 3317 3382  3316 3381 3382  3317 3318 3383  3317 3382 3383  3318 3319 3384  3318 3383 3384  3319 3320 3385  3319 3384 3385  3320 3321 3386  3320 3385 3386  3321 3322 3387  3321 3386 3387  3322 3323 3388  3322 3387 3388  3323 3324 3389  3323 3388 3389  3324 3325 3390  3324 3389 3390  3325 3326 3391  3325 3390 3391  3326 3327 3392  3326 3391 3392  3327 3328 3393  3327 3392 3393  3328 3329 3394  3328 3393 3394  3329 3330 3395  3329 3394 3395  3330 3331 3396  3330 3395 3396  3331 3332 3397  3331 3396 3397  3332 3333 3398  3332 3397 3398  3333 3334 3399  3333 3398 3399  3334 3335 3400  3334 3399 3400  3335 3336 3401  3335 3400 3401  3336 3337 3402  3336 3401 3402  3337 3338 3403  3337 3402 3403  3338 3339 3404  3338 3403 3404  3339 3340 3405  3339 3404 3405  3340 3341 3406  3340 3405 3406  3341 3342 3407  3341 3406 3407  3342 3343 3408  3342 3407 3408  3343 3344 3409  3343 3408 3409  3344 3345 3410  3344 3409 3410  3345 3346 3411  3345 3410 3411  3346 3347 3412  3346 3411 3412  3347 3348 3413  3347 3412 3413  3348 3349 3414  3348 3413 3414  3349 3350 3415  3349 3414 3415  3350 3351 3416  3350 3415 3416  3351 3352 3417  3351 3416 3417  3352 3353 3418  3352 3417 3418  3353 3354 3419  3353 3418 3419  3354 3355 3420  3354 3419 3420  3355 3356 3421  3355 3420 3421  3356 3357 3422  3356 3421 3422  3357 3358 3423  3357 3422 3423  3358 3359 3424  3358 3423 3424  3359 3360 3425  3359 3424 3425  3360 3361 3426  3360 3425 3426  3361 3362 3427  3361 3426 3427  3362 3363 3428  3362 3427 3428  3363 3364 3429  3363 3428 3429  3364 3365 3430  3364 3429 3430  3365 3366 3431  3365 3430 3431  3366 3367 3432  3366 3431 3432  3367 3368 3433  3367 3432 3433  3368 3369 3434  3368 3433 3434  3369 3370 3435  3369 3434 3435  3370 3371 3436  3370 3435 3436  3371 3372 3437  3371 3436 3437  3372 3373 3438  3372 3437 3438  3373 3374 3439  3373 3438 3439  3374 3375 3440  3374 3439 3440  3375 3376 3441  3375 3440 3441  3376 3377 3442  3376 3441 3442  3377 3378 3443  3377 3442 3443  3378 3379 3444  3378 3443 3444  3380 3381 3446  3380 3445 3446  3381 3382 3447  3381 3446 3447  3382 3383 3448  3382 3447 3448  3383 3384 3449  3383 3448 3449  3384 3385 3450  3384 3449 3450  3385 3386 3451  3385 3450 3451  3386 3387 3452  3386 3451 3452  3387 3388 3453  3387 3452 3453  3388 3389 3454  3388 3453 3454  3389 3390 3455  3389 3454 3455  3390 3391 3456  3390 3455 3456  3391 3392 3457  3391 3456 3457  3392 3393 3458  3392 3457 3458  3393 3394 3459  3393 3458 3459  3394 3395 3460  3394 3459 3460  3395 3396 3461  3395 3460 3461  3396 3397 3462  3396 3461 3462  3397 3398 3463  3397 3462 3463  3398 3399 3464  3398 3463 3464  3399 3400 3465  3399 3464 3465  3400 3401 3466  3400 3465 3466  3401 3402 3467  3401 3466 3467  3402 3403 3468  3402 3467 3468  3403 3404 3469  3403 3468 3469  3404 3405 3470  3404 3469 3470  3405 3406 3471  3405 3470 3471  3406 3407 3472  3406 3471 3472  3407 3408 3473  3407 3472 3473  3408 3409 3474  3408 3473 3474  3409 3410 3475  3409 3474 3475  3410 3411 3476  3410 3475 3476  3411 3412 3477  3411 3476 3477  3412 3413 3478  3412 3477 3478  3413 3414 3479  3413 3478 3479  3414 3415 3480  3414 3479 3480  3415 3416 3481  3415 3480 3481  3416 3417 3482  3416 3481 3482  3417 3418 3483  3417 3482 3483  3418 3419 3484  3418 3483 3484  3419 3420 3485  3419 3484 3485  3420 3421 3486  3420 3485 3486  3421 3422 3487  3421 3486 3487  3422 3423 3488  3422 3487 3488  3423 3424 3489  3423 3488 3489  3424 3425 3490  3424 3489 3490  3425 3426 3491  3425 3490 3491  3426 3427 3492  3426 3491 3492  3427 3428 3493  3427 3492 3493  3428 3429 3494  3428 3493 3494  3429 3430 3495  3429 3494 3495  3430 3431 3496  3430 3495 3496  3431 3432 3497  3431 3496 3497  3432 3433 3498  3432 3497 3498  3433 3434 3499  3433 3498 3499  3434 3435 3500  3434 3499 3500  3435 3436 3501  3435 3500 3501  3436 3437 3502  3436 3501 3502  3437 3438 3503  3437 3502 3503  3438 3439 3504  3438 3503 3504  3439 3440 3505  3439 3504 3505  3440 3441 3506  3440 3505 3506  3441 3442 3507  3441 3506 3507  3442 3443 3508  3442 3507 3508  3443 3444 3509  3443 3508 3509  3445 3446 3511  3445 3510 3511  3446 3447 3512  3446 3511 3512  3447 3448 3513  3447 3512 3513  3448 3449 3514  3448 3513 3514  3449 3450 3515  3449 3514 3515  3450 3451 3516  3450 3515 3516  3451 3452 3517  3451 3516 3517  3452 3453 3518  3452 3517 3518  3453 3454 3519  3453 3518 3519  3454 3455 3520  3454 3519 3520  3455 3456 3521  3455 3520 3521  3456 3457 3522  3456 3521 3522  3457 3458 3523  3457 3522 3523  3458 3459 3524  3458 3523 3524  3459 3460 3525  3459 3524 3525  3460 3461 3526  3460 3525 3526  3461 3462 3527  3461 3526 3527  3462 3463 3528  3462 3527 3528  3463 3464 3529  3463 3528 3529  3464 3465 3530  3464 3529 3530  3465 3466 3531  3465 3530 3531  3466 3467 3532  3466 3531 3532  3467 3468 3533  3467 3532 3533  3468 3469 3534  3468 3533 3534  3469 3470 3535  3469 3534 3535  3470 3471 3536  3470 3535 3536  3471 3472 3537  3471 3536 3537  3472 3473 3538  3472 3537 3538  3473 3474 3539  3473 3538 3539  3474 3475 3540  3474 3539 3540  3475 3476 3541  3475 3540 3541  3476 3477 3542  3476 3541 3542  3477 3478 3543  3477 3542 3543  3478 3479 3544  3478 3543 3544  3479 3480 3545  3479 3544 3545  3480 3481 3546  3480 3545 3546  3481 3482 3547  3481 3546 3547  3482 3483 3548  3482 3547 3548  3483 3484 3549  3483 3548 3549  3484 3485 3550  3484 3549 3550  3485 3486 3551  3485 3550 3551  3486 3487 3552  3486 3551 3552  3487 3488 3553  3487 3552 3553  3488 3489 3554  3488 3553 3554  3489 3490 3555  3489 3554 3555  3490 3491 3556  3490 3555 3556  3491 3492 3557  3491 3556 3557  3492 3493 3558  3492 3557 3558  3493 3494 3559  3493 3558 3559  3494 3495 3560  3494 3559 3560  3495 3496 3561  3495 3560 3561  3496 3497 3562  3496 3561 3562  3497 3498 3563  3497 3562 3563  3498 3499 3564  3498 3563 3564  3499 3500 3565  3499 3564 3565  3500 3501 3566  3500 3565 3566  3501 3502 3567  3501 3566 3567  3502 3503 3568  3502 3567 3568  3503 3504 3569  3503 3568 3569  3504 3505 3570  3504 3569 3570  3505 3506 3571  3505 3570 3571  3506 3507 3572  3506 3571 3572  3507 3508 3573  3507 3572 3573  3508 3509 3574  3508 3573 3574  3510 3511 3576  3510 3575 3576  3511 3512 3577  3511 3576 3577  3512 3513 3578  3512 3577 3578  3513 3514 3579  3513 3578 3579  3514 3515 3580  3514 3579 3580  3515 3516 3581  3515 3580 3581  3516 3517 3582  3516 3581 3582  3517 3518 3583  3517 3582 3583  3518 3519 3584  3518 3583 3584  3519 3520 3585  3519 3584 3585  3520 3521 3586  3520 3585 3586  3521 3522 3587  3521 3586 3587  3522 3523 3588  3522 3587 3588  3523 3524 3589  3523 3588 3589  3524 3525 3590  3524 3589 3590  3525 3526 3591  3525 3590 3591  3526 3527 3592  3526 3591 3592  3527 3528 3593  3527 3592 3593  3528 3529 3594  3528 3593 3594  3529 3530 3595  3529 3594 3595  3530 3531 3596  3530 3595 3596  3531 3532 3597  3531 3596 3597  3532 3533 3598  3532 3597 3598  3533 3534 3599  3533 3598 3599  3534 3535 3600  3534 3599 3600  3535 3536 3601  3535 3600 3601  3536 3537 3602  3536 3601 3602  3537 3538 3603  3537 3602 3603  3538 3539 3604  3538 3603 3604  3539 3540 3605  3539 3604 3605  3540 3541 3606  3540 3605 3606  3541 3542 3607  3541 3606 3607  3542 3543 3608  3542 3607 3608  3543 3544 3609  3543 3608 3609  3544 3545 3610  3544 3609 3610  3545 3546 3611  3545 3610 3611  3546 3547 3612  3546 3611 3612  3547 3548 3613  3547 3612 3613  3548 3549 3614  3548 3613 3614  3549 3550 3615  3549 3614 3615  3550 3551 3616  3550 3615 3616  3551 3552 3617  3551 3616 3617  3552 3553 3618  3552 3617 3618  3553 3554 3619  3553 3618 3619  3554 3555 3620  3554 3619 3620  3555 3556 3621  3555 3620 3621  3556 3557 3622  3556 3621 3622  3557 3558 3623  3557 3622 3623  3558 3559 3624  3558 3623 3624  3559 3560 3625  3559 3624 3625  3560 3561 3626  3560 3625 3626  3561 3562 3627  3561 3626 3627  3562 3563 3628  3562 3627 3628  3563 3564 3629  3563 3628 3629  3564 3565 3630  3564 3629 3630  3565 3566 3631  3565 3630 3631  3566 3567 3632  3566 3631 3632  3567 3568 3633  3567 3632 3633  3568 3569 3634  3568 3633 3634  3569 3570 3635  3569 3634 3635  3570 3571 3636  3570 3635 3636  3571 3572 3637  3571 3636 3637  3572 3573 3638  3572 3637 3638  3573 3574 3639  3573 3638 3639  3575 3576 3641  3575 3640 3641  3576 3577 3642  3576 3641 3642  3577 3578 3643  3577 3642 3643  3578 3579 3644  3578 3643 3644  3579 3580 3645  3579 3644 3645  3580 3581 3646  3580 3645 3646  3581 3582 3647  3581 3646 3647  3582 3583 3648  3582 3647 3648  3583 3584 3649  3583 3648 3649  3584 3585 3650  3584 3649 3650  3585 3586 3651  3585 3650 3651  3586 3587 3652  3586 3651 3652  3587 3588 3653  3587 3652 3653  3588 3589 3654  3588 3653 3654  3589 3590 3655  3589 3654 3655  3590 3591 3656  3590 3655 3656  3591 3592 3657  3591 3656 3657  3592 3593 3658  3592 3657 3658  3593 3594 3659  3593 3658 3659  3594 3595 3660  3594 3659 3660  3595 3596 3661  3595 3660 3661  3596 3597 3662  3596 3661 3662  3597 3598 3663  3597 3662 3663  3598 3599 3664  3598 3663 3664  3599 3600 3665  3599 3664 3665  3600 3601 3666  3600 3665 3666  3601 3602 3667  3601 3666 3667  3602 3603 3668  3602 3667 3668  3603 3604 3669  3603 3668 3669  3604 3605 3670  3604 3669 3670  3605 3606 3671  3605 3670 3671  3606 3607 3672  3606 3671 3672  3607 3608 3673  3607 3672 3673  3608 3609 3674  3608 3673 3674  3609 3610 3675  3609 3674 3675  3610 3611 3676  3610 3675 3676  3611 3612 3677  3611 3676 3677  3612 3613 3678  3612 3677 3678  3613 3614 3679  3613 3678 3679  3614 3615 3680  3614 3679 3680  3615 3616 3681  3615 3680 3681  3616 3617 3682  3616 3681 3682  3617 3618 3683  3617 3682 3683  3618 3619 3684  3618 3683 3684  3619 3620 3685  3619 3684 3685  3620 3621 3686  3620 3685 3686  3621 3622 3687  3621 3686 3687  3622 3623 3688  3622 3687 3688  3623 3624 3689  3623 3688 3689  3624 3625 3690  3624 3689 3690  3625 3626 3691  3625 3690 3691  3626 3627 3692  3626 3691 3692  3627 3628 3693  3627 3692 3693  3628 3629 3694  3628 3693 3694  3629 3630 3695  3629 3694 3695  3630 3631 3696  3630 3695 3696  3631 3632 3697  3631 3696 3697  3632 3633 3698  3632 3697 3698  3633 3634 3699  3633 3698 3699  3634 3635 3700  3634 3699 3700  3635 3636 3701  3635 3700 3701  3636 3637 3702  3636 3701 3702  3637 3638 3703  3637 3702 3703  3638 3639 3704  3638 3703 3704  3640 3641 3706  3640 3705 3706  3641 3642 3707  3641 3706 3707  3642 3643 3708  3642 3707 3708  3643 3644 3709  3643 3708 3709  3644 3645 3710  3644 3709 3710  3645 3646 3711  3645 3710 3711  3646 3647 3712  3646 3711 3712  3647 3648 3713  3647 3712 3713  3648 3649 3714  3648 3713 3714  3649 3650 3715  3649 3714 3715  3650 3651 3716  3650 3715 3716  3651 3652 3717  3651 3716 3717  3652 3653 3718  3652 3717 3718  3653 3654 3719  3653 3718 3719  3654 3655 3720  3654 3719 3720  3655 3656 3721  3655 3720 3721  3656 3657 3722  3656 3721 3722  3657 3658 3723  3657 3722 3723  3658 3659 3724  3658 3723 3724  3659 3660 3725  3659 3724 3725  3660 3661 3726  3660 3725 3726  3661 3662 3727  3661 3726 3727  3662 3663 3728  3662 3727 3728  3663 3664 3729  3663 3728 3729  3664 3665 3730  3664 3729 3730  3665 3666 3731  3665 3730 3731  3666 3667 3732  3666 3731 3732  3667 3668 3733  3667 3732 3733  3668 3669 3734  3668 3733 3734  3669 3670 3735  3669 3734 3735  3670 3671 3736  3670 3735 3736  3671 3672 3737  3671 3736 3737  3672 3673 3738  3672 3737 3738  3673 3674 3739  3673 3738 3739  3674 3675 3740  3674 3739 3740  3675 3676 3741  3675 3740 3741  3676 3677 3742  3676 3741 3742  3677 3678 3743  3677 3742 3743  3678 3679 3744  3678 3743 3744  3679 3680 3745  3679 3744 3745  3680 3681 3746  3680 3745 3746  3681 3682 3747  3681 3746 3747  3682 3683 3748  3682 3747 3748  3683 3684 3749  3683 3748 3749  3684 3685 3750  3684 3749 3750  3685 3686 3751  3685 3750 3751  3686 3687 3752  3686 3751 3752  3687 3688 3753  3687 3752 3753  3688 3689 3754  3688 3753 3754  3689 3690 3755  3689 3754 3755  3690 3691 3756  3690 3755 3756  3691 3692 3757  3691 3756 3757  3692 3693 3758  3692 3757 3758  3693 3694 3759  3693 3758 3759  3694 3695 3760  3694 3759 3760  3695 3696 3761  3695 3760 3761  3696 3697 3762  3696 3761 3762  3697 3698 3763  3697 3762 3763  3698 3699 3764  3698 3763 3764  3699 3700 3765  3699 3764 3765  3700 3701 3766  3700 3765 3766  3701 3702 3767  3701 3766 3767  3702 3703 3768  3702 3767 3768  3703 3704 3769  3703 3768 3769  3705 3706 3771  3705 3770 3771  3706 3707 3772  3706 3771 3772  3707 3708 3773  3707 3772 3773  3708 3709 3774  3708 3773 3774  3709 3710 3775  3709 3774 3775  3710 3711 3776  3710 3775 3776  3711 3712 3777  3711 3776 3777  3712 3713 3778  3712 3777 3778  3713 3714 3779  3713 3778 3779  3714 3715 3780  3714 3779 3780  3715 3716 3781  3715 3780 3781  3716 3717 3782  3716 3781 3782  3717 3718 3783  3717 3782 3783  3718 3719 3784  3718 3783 3784  3719 3720 3785  3719 3784 3785  3720 3721 3786  3720 3785 3786  3721 3722 3787  3721 3786 3787  3722 3723 3788  3722 3787 3788  3723 3724 3789  3723 3788 3789  3724 3725 3790  3724 3789 3790  3725 3726 3791  3725 3790 3791  3726 3727 3792  3726 3791 3792  3727 3728 3793  3727 3792 3793  3728 3729 3794  3728 3793 3794  3729 3730 3795  3729 3794 3795  3730 3731 3796  3730 3795 3796  3731 3732 3797  3731 3796 3797  3732 3733 3798  3732 3797 3798  3733 3734 3799  3733 3798 3799  3734 3735 3800  3734 3799 3800  3735 3736 3801  3735 3800 3801  3736 3737 3802  3736 3801 3802  3737 3738 3803  3737 3802 3803  3738 3739 3804  3738 3803 3804  3739 3740 3805  3739 3804 3805  3740 3741 3806  3740 3805 3806  3741 3742 3807  3741 3806 3807  3742 3743 3808  3742 3807 3808  3743 3744 3809  3743 3808 3809  3744 3745 3810  3744 3809 3810  3745 3746 3811  3745 3810 3811  3746 3747 3812  3746 3811 3812  3747 3748 3813  3747 3812 3813  3748 3749 3814  3748 3813 3814  3749 3750 3815  3749 3814 3815  3750 3751 3816  3750 3815 3816  3751 3752 3817  3751 3816 3817  3752 3753 3818  3752 3817 3818  3753 3754 3819  3753 3818 3819  3754 3755 3820  3754 3819 3820  3755 3756 3821  3755 3820 3821  3756 3757 3822  3756 3821 3822  3757 3758 3823  3757 3822 3823  3758 3759 3824  3758 3823 3824  3759 3760 3825  3759 3824 3825  3760 3761 3826  3760 3825 3826  3761 3762 3827  3761 3826 3827  3762 3763 3828  3762 3827 3828  3763 3764 3829  3763 3828 3829  3764 3765 3830  3764 3829 3830  3765 3766 3831  3765 3830 3831  3766 3767 3832  3766 3831 3832  3767 3768 3833  3767 3832 3833  3768 3769 3834  3768 3833 3834  3770 3771 3836  3770 3835 3836  3771 3772 3837  3771 3836 3837  3772 3773 3838  3772 3837 3838  3773 3774 3839  3773 3838 3839  3774 3775 3840  3774 3839 3840  3775 3776 3841  3775 3840 3841  3776 3777 3842  3776 3841 3842  3777 3778 3843  3777 3842 3843  3778 3779 3844  3778 3843 3844  3779 3780 3845  3779 3844 3845  3780 3781 3846  3780 3845 3846  3781 3782 3847  3781 3846 3847  3782 3783 3848  3782 3847 3848  3783 3784 3849  3783 3848 3849  3784 3785 3850  3784 3849 3850  3785 3786 3851  3785 3850 3851  3786 3787 3852  3786 3851 3852  3787 3788 3853  3787 3852 3853  3788 3789 3854  3788 3853 3854  3789 3790 3855  3789 3854 3855  3790 3791 3856  3790 3855 3856  3791 3792 3857  3791 3856 3857  3792 3793 3858  3792 3857 3858  3793 3794 3859  3793 3858 3859  3794 3795 3860  3794 3859 3860  3795 3796 3861  3795 3860 3861  3796 3797 3862  3796 3861 3862  3797 3798 3863  3797 3862 3863  3798 3799 3864  3798 3863 3864  3799 3800 3865  3799 3864 3865  3800 3801 3866  3800 3865 3866  3801 3802 3867  3801 3866 3867  3802 3803 3868  3802 3867 3868  3803 3804 3869  3803 3868 3869  3804 3805 3870  3804 3869 3870  3805 3806 3871  3805 3870 3871  3806 3807 3872  3806 3871 3872  3807 3808 3873  3807 3872 3873  3808 3809 3874  3808 3873 3874  3809 3810 3875  3809 3874 3875  3810 3811 3876  3810 3875 3876  3811 3812 3877  3811 3876 3877  3812 3813 3878  3812 3877 3878  3813 3814 3879  3813 3878 3879  3814 3815 3880  3814 3879 3880  3815 3816 3881  3815 3880 3881  3816 3817 3882  3816 3881 3882  3817 3818 3883  3817 3882 3883  3818 3819 3884  3818 3883 3884  3819 3820 3885  3819 3884 3885  3820 3821 3886  3820 3885 3886  3821 3822 3887  3821 3886 3887  3822 3823 3888  3822 3887 3888  3823 3824 3889  3823 3888 3889  3824 3825 3890  3824 3889 3890  3825 3826 3891  3825 3890 3891  3826 3827 3892  3826 3891 3892  3827 3828 3893  3827 3892 3893  3828 3829 3894  3828 3893 3894  3829 3830 3895  3829 3894 3895  3830 3831 3896  3830 3895 3896  3831 3832 3897  3831 3896 3897  3832 3833 3898  3832 3897 3898  3833 3834 3899  3833 3898 3899  3835 3836 3901  3835 3900 3901  3836 3837 3902  3836 3901 3902  3837 3838 3903  3837 3902 3903  3838 3839 3904  3838 3903 3904  3839 3840 3905  3839 3904 3905  3840 3841 3906  3840 3905 3906  3841 3842 3907  3841 3906 3907  3842 3843 3908  3842 3907 3908  3843 3844 3909  3843 3908 3909  3844 3845 3910  3844 3909 3910  3845 3846 3911  3845 3910 3911  3846 3847 3912  3846 3911 3912  3847 3848 3913  3847 3912 3913  3848 3849 3914  3848 3913 3914  3849 3850 3915  3849 3914 3915  3850 3851 3916  3850 3915 3916  3851 3852 3917  3851 3916 3917  3852 3853 3918  3852 3917 3918  3853 3854 3919  3853 3918 3919  3854 3855 3920  3854 3919 3920  3855 3856 3921  3855 3920 3921  3856 3857 3922  3856 3921 3922  3857 3858 3923  3857 3922 3923  3858 3859 3924  3858 3923 3924  3859 3860 3925  3859 3924 3925  3860 3861 3926  3860 3925 3926  3861 3862 3927  3861 3926 3927  3862 3863 3928  3862 3927 3928  3863 3864 3929  3863 3928 3929  3864 3865 3930  3864 3929 3930  3865 3866 3931  3865 3930 3931  3866 3867 3932  3866 3931 3932  3867 3868 3933  3867 3932 3933  3868 3869 3934  3868 3933 3934  3869 3870 3935  3869 3934 3935  3870 3871 3936  3870 3935 3936  3871 3872 3937  3871 3936 3937  3872 3873 3938  3872 3937 3938  3873 3874 3939  3873 3938 3939  3874 3875 3940  3874 3939 3940  3875 3876 3941  3875 3940 3941  3876 3877 3942  3876 3941 3942  3877 3878 3943  3877 3942 3943  3878 3879 3944  3878 3943 3944  3879 3880 3945  3879 3944 3945  3880 3881 3946  3880 3945 3946  3881 3882 3947  3881 3946 3947  3882 3883 3948  3882 3947 3948  3883 3884 3949  3883 3948 3949  3884 3885 3950  3884 3949 3950  3885 3886 3951  3885 3950 3951  3886 3887 3952  3886 3951 3952  3887 3888 3953  3887 3952 3953  3888 3889 3954  3888 3953 3954  3889 3890 3955  3889 3954 3955  3890 3891 3956  3890 3955 3956  3891 3892 3957  3891 3956 3957  3892 3893 3958  3892 3957 3958  3893 3894 3959  3893 3958 3959  3894 3895 3960  3894 3959 3960  3895 3896 3961  3895 3960 3961  3896 3897 3962  3896 3961 3962  3897 3898 3963  3897 3962 3963  3898 3899 3964  3898 3963 3964  3900 3901 3966  3900 3965 3966  3901 3902 3967  3901 3966 3967  3902 3903 3968  3902 3967 3968  3903 3904 3969  3903 3968 3969  3904 3905 3970  3904 3969 3970  3905 3906 3971  3905 3970 3971  3906 3907 3972  3906 3971 3972  3907 3908 3973  3907 3972 3973  3908 3909 3974  3908 3973 3974  3909 3910 3975  3909 3974 3975  3910 3911 3976  3910 3975 3976  3911 3912 3977  3911 3976 3977  3912 3913 3978  3912 3977 3978  3913 3914 3979  3913 3978 3979  3914 3915 3980  3914 3979 3980  3915 3916 3981  3915 3980 3981  3916 3917 3982  3916 3981 3982  3917 3918 3983  3917 3982 3983  3918 3919 3984  3918 3983 3984  3919 3920 3985  3919 3984 3985  3920 3921 3986  3920 3985 3986  3921 3922 3987  3921 3986 3987  3922 3923 3988  3922 3987 3988  3923 3924 3989  3923 3988 3989  3924 3925 3990  3924 3989 3990  3925 3926 3991  3925 3990 3991  3926 3927 3992  3926 3991 3992  3927 3928 3993  3927 3992 3993  3928 3929 3994  3928 3993 3994  3929 3930 3995  3929 3994 3995  3930 3931 3996  3930 3995 3996  3931 3932 3997  3931 3996 3997  3932 3933 3998  3932 3997 3998  3933 3934 3999  3933 3998 3999  3934 3935 4000  3934 3999 4000  3935 3936 4001  3935 4000 4001  3936 3937 4002  3936 4001 4002  3937 3938 4003  3937 4002 4003  3938 3939 4004  3938 4003 4004  3939 3940 4005  3939 4004 4005  3940 3941 4006  3940 4005 4006  3941 3942 4007  3941 4006 4007  3942 3943 4008  3942 4007 4008  3943 3944 4009  3943 4008 4009  3944 3945 4010  3944 4009 4010  3945 3946 4011  3945 4010 4011  3946 3947 4012  3946 4011 4012  3947 3948 4013  3947 4012 4013  3948 3949 4014  3948 4013 4014  3949 3950 4015  3949 4014 4015  3950 3951 4016  3950 4015 4016  3951 3952 4017  3951 4016 4017  3952 3953 4018  3952 4017 4018  3953 3954 4019  3953 4018 4019  3954 3955 4020  3954 4019 4020  3955 3956 4021  3955 4020 4021  3956 3957 4022  3956 4021 4022  3957 3958 4023  3957 4022 4023  3958 3959 4024  3958 4023 4024  3959 3960 4025  3959 4024 4025  3960 3961 4026  3960 4025 4026  3961 3962 4027  3961 4026 4027  3962 3963 4028  3962 4027 4028  3963 3964 4029  3963 4028 4029  3965 3966 4031  3965 4030 4031  3966 3967 4032  3966 4031 4032  3967 3968 4033  3967 4032 4033  3968 3969 4034  3968 4033 4034  3969 3970 4035  3969 4034 4035  3970 3971 4036  3970 4035 4036  3971 3972 4037  3971 4036 4037  3972 3973 4038  3972 4037 4038  3973 3974 4039  3973 4038 4039  3974 3975 4040  3974 4039 4040  3975 3976 4041  3975 4040 4041  3976 3977 4042  3976 4041 4042  3977 3978 4043  3977 4042 4043  3978 3979 4044  3978 4043 4044  3979 3980 4045  3979 4044 4045  3980 3981 4046  3980 4045 4046  3981 3982 4047  3981 4046 4047  3982 3983 4048  3982 4047 4048  3983 3984 4049  3983 4048 4049  3984 3985 4050  3984 4049 4050  3985 3986 4051  3985 4050 4051  3986 3987 4052  3986 4051 4052  3987 3988 4053  3987 4052 4053  3988 3989 4054  3988 4053 4054  3989 3990 4055  3989 4054 4055  3990 3991 4056  3990 4055 4056  3991 3992 4057  3991 4056 4057  3992 3993 4058  3992 4057 4058  3993 3994 4059  3993 4058 4059  3994 3995 4060  3994 4059 4060  3995 3996 4061  3995 4060 4061  3996 3997 4062  3996 4061 4062  3997 3998 4063  3997 4062 4063  3998 3999 4064  3998 4063 4064  3999 4000 4065  3999 4064 4065  4000 4001 4066  4000 4065 4066  4001 4002 4067  4001 4066 4067  4002 4003 4068  4002 4067 4068  4003 4004 4069  4003 4068 4069  4004 4005 4070  4004 4069 4070  4005 4006 4071  4005 4070 4071  4006 4007 4072  4006 4071 4072  4007 4008 4073  4007 4072 4073  4008 4009 4074  4008 4073 4074  4009 4010 4075  4009 4074 4075  4010 4011 4076  4010 4075 4076  4011 4012 4077  4011 4076 4077  4012 4013 4078  4012 4077 4078  4013 4014 4079  4013 4078 4079  4014 4015 4080  4014 4079 4080  4015 4016 4081  4015 4080 4081  4016 4017 4082  4016 4081 4082  4017 4018 4083  4017 4082 4083  4018 4019 4084  4018 4083 4084  4019 4020 4085  4019 4084 4085  4020 4021 4086  4020 4085 4086  4021 4022 4087  4021 4086 4087  4022 4023 4088  4022 4087 4088  4023 4024 4089  4023 4088 4089  4024 4025 4090  4024 4089 4090  4025 4026 4091  4025 4090 4091  4026 4027 4092  4026 4091 4092  4027 4028 4093  4027 4092 4093  4028 4029 4094  4028 4093 4094  4030 4031 4096  4030 4095 4096  4031 4032 4097  4031 4096 4097  4032 4033 4098  4032 4097 4098  4033 4034 4099  4033 4098 4099  4034 4035 4100  4034 4099 4100  4035 4036 4101  4035 4100 4101  4036 4037 4102  4036 4101 4102  4037 4038 4103  4037 4102 4103  4038 4039 4104  4038 4103 4104  4039 4040 4105  4039 4104 4105  4040 4041 4106  4040 4105 4106  4041 4042 4107  4041 4106 4107  4042 4043 4108  4042 4107 4108  4043 4044 4109  4043 4108 4109  4044 4045 4110  4044 4109 4110  4045 4046 4111  4045 4110 4111  4046 4047 4112  4046 4111 4112  4047 4048 4113  4047 4112 4113  4048 4049 4114  4048 4113 4114  4049 4050 4115  4049 4114 4115  4050 4051 4116  4050 4115 4116  4051 4052 4117  4051 4116 4117  4052 4053 4118  4052 4117 4118  4053 4054 4119  4053 4118 4119  4054 4055 4120  4054 4119 4120  4055 4056 4121  4055 4120 4121  4056 4057 4122  4056 4121 4122  4057 4058 4123  4057 4122 4123  4058 4059 4124  4058 4123 4124  4059 4060 4125  4059 4124 4125  4060 4061 4126  4060 4125 4126  4061 4062 4127  4061 4126 4127  4062 4063 4128  4062 4127 4128  4063 4064 4129  4063 4128 4129  4064 4065 4130  4064 4129 4130  4065 4066 4131  4065 4130 4131  4066 4067 4132  4066 4131 4132  4067 4068 4133  4067 4132 4133  4068 4069 4134  4068 4133 4134  4069 4070 4135  4069 4134 4135  4070 4071 4136  4070 4135 4136  4071 4072 4137  4071 4136 4137  4072 4073 4138  4072 4137 4138  4073 4074 4139  4073 4138 4139  4074 4075 4140  4074 4139 4140  4075 4076 4141  4075 4140 4141  4076 4077 4142  4076 4141 4142  4077 4078 4143  4077 4142 4143  4078 4079 4144  4078 4143 4144  4079 4080 4145  4079 4144 4145  4080 4081 4146  4080 4145 4146  4081 4082 4147  4081 4146 4147  4082 4083 4148  4082 4147 4148  4083 4084 4149  4083 4148 4149  4084 4085 4150  4084 4149 4150  4085 4086 4151  4085 4150 4151  4086 4087 4152  4086 4151 4152  4087 4088 4153  4087 4152 4153  4088 4089 4154  4088 4153 4154  4089 4090 4155  4089 4154 4155  4090 4091 4156  4090 4155 4156  4091 4092 4157  4091 4156 4157  4092 4093 4158  4092 4157 4158  4093 4094 4159  4093 4158 4159  4095 4096 4161  4095 4160 4161  4096 4097 4162  4096 4161 4162  4097 4098 4163  4097 4162 4163  4098 4099 4164  4098 4163 4164  4099 4100 4165  4099 4164 4165  4100 4101 4166  4100 4165 4166  4101 4102 4167  4101 4166 4167  4102 4103 4168  4102 4167 4168  4103 4104 4169  4103 4168 4169  4104 4105 4170  4104 4169 4170  4105 4106 4171  4105 4170 4171  4106 4107 4172  4106 4171 4172  4107 4108 4173  4107 4172 4173  4108 4109 4174  4108 4173 4174  4109 4110 4175  4109 4174 4175  4110 4111 4176  4110 4175 4176  4111 4112 4177  4111 4176 4177  4112 4113 4178  4112 4177 4178  4113 4114 4179  4113 4178 4179  4114 4115 4180  4114 4179 4180  4115 4116 4181  4115 4180 4181  4116 4117 4182  4116 4181 4182  4117 4118 4183  4117 4182 4183  4118 4119 4184  4118 4183 4184  4119 4120 4185  4119 4184 4185  4120 4121 4186  4120 4185 4186  4121 4122 4187  4121 4186 4187  4122 4123 4188  4122 4187 4188  4123 4124 4189  4123 4188 4189  4124 4125 4190  4124 4189 4190  4125 4126 4191  4125 4190 4191  4126 4127 4192  4126 4191 4192  4127 4128 4193  4127 4192 4193  4128 4129 4194  4128 4193 4194  4129 4130 4195  4129 4194 4195  4130 4131 4196  4130 4195 4196  4131 4132 4197  4131 4196 4197  4132 4133 4198  4132 4197 4198  4133 4134 4199  4133 4198 4199  4134 4135 4200  4134 4199 4200  4135 4136 4201  4135 4200 4201  4136 4137 4202  4136 4201 4202  4137 4138 4203  4137 4202 4203  4138 4139 4204  4138 4203 4204  4139 4140 4205  4139 4204 4205  4140 4141 4206  4140 4205 4206  4141 4142 4207  4141 4206 4207  4142 4143 4208  4142 4207 4208  4143 4144 4209  4143 4208 4209  4144 4145 4210  4144 4209 4210  4145 4146 4211  4145 4210 4211  4146 4147 4212  4146 4211 4212  4147 4148 4213  4147 4212 4213  4148 4149 4214  4148 4213 4214  4149 4150 4215  4149 4214 4215  4150 4151 4216  4150 4215 4216  4151 4152 4217  4151 4216 4217  4152 4153 4218  4152 4217 4218  4153 4154 4219  4153 4218 4219  4154 4155 4220  4154 4219 4220  4155 4156 4221  4155 4220 4221  4156 4157 4222  4156 4221 4222  4157 4158 4223  4157 4222 4223  4158 4159 4224  4158 4223 4224  </DataArray>
<DataArray  type="UInt32"  Name="offsets"  format="ascii">3 6 9 12 15 18 21 24 27 30 33 36 39 42 45 48 51 54 57 60 63 66 69 72 75 78 81 84 87 90 93 96 99 102 105 108 111 114 117 120 123 126 129 132 135 138 141 144 147 150 153 156 159 162 165 168 171 174 177 180 183 186 189 192 195 198 201 204 207 210 213 216 219 222 225 228 231 234 237 240 243 246 249 252 255 258 261 264 267 270 273 276 279 282 285 288 291 294 297 300 303 306 309 312 315 318 321 324 327 330 333 336 339 342 345 348 351 354 357 360 363 366 369 372 375 378 381 384 387 390 393 396 399 402 405 408 411 414 417 420 423 426 429 432 435 438 441 444 447 450 453 456 459 462 465 468 471 474 477 480 483 486 489 492 495 498 501 504 507 510 513 516 519 522 525 528 531 534 537 540 543 546 549 552 555 558 561 564 567 570 573 576 579 582 585 588 591 594 597 600 603 606 609 612 615 618 621 624 627 630 633 636 639 642 645 648 651 654 657 660 663 666 669 672 675 678 681 684 687 690 693 696 699 702 705 708 711 714 717 720 723 726 729 732 735 738 741 744 747 750 753 756 759 762 765 768 771 774 777 780 783 786 789 792 795 798 801 804 807 810 813 816 819 822 825 828 831 834 837 840 843 846 849 852 855 858 861 864 867 870 873 876 879 882 885 888 891 894 897 900 903 906 909 912 915 918 921 924 927 930 933 936 939 942 945 948 951 954 957 960 963 966 969 972 975 978 981 984 987 990 993 996 999 1002 1005 1008 1011 1014 1017 1020 1023 1026 1029 1032 1035 1038 1041 1044 1047 1050 1053 1056 1059 1062 1065 1068 1071 1074 1077 1080 1083 1086 1089 1092 1095 1098 1101 1104 1107 1110 1113 1116 1119 1122 1125 1128 1131 1134 1137 1140 1143 1146 1149 1152 1155 1158 1161 1164 1167 1170 1173 1176 1179 1182 1185 1188 1191 1194 1197 1200 1203 1206 1209 1212 1215 1218 1221 1224 1227 1230 1233 1236 1239 1242 1245 1248 1251 1254 1257 1260 1263 1266 1269 1272 1275 1278 1281 1284 1287 1290 1293 1296 1299 1302 1305 1308 1311 1314 1317 1320 1323 1326 1329 1332 1335 1338 1341 1344 1347 1350 1353 1356 1359 1362 1365 1368 1371 1374 1377 1380 1383 1386 1389 1392 1395 1398 1401 1404 1407 1410 1413 1416 1419 1422 1425 1428 1431 1434 1437 1440 1443 1446 1449 1452 1455 1458 1461 1464 1467 1470 1473 1476 1479 1482 1485 1488 1491 1494 1497 1500 1503 1506 1509 1512 1515 1518 1521 1524 1527 1530 1533 1536 1539 1542 1545 1548 1551 1554 1557 1560 1563 1566 1569 1572 1575 1578 1581 1584 1587 1590 1593 1596 1599 1602 1605 1608 1611 1614 1617 1620 1623 1626 1629 1632 1635 1638 1641 1644 1647 1650 1653 1656 1659 1662 1665 1668 1671 1674 1677 1680 1683 1686 1689 1692 1695 1698 1701 1704 1707 1710 1713 1716 1719 1722 1725 1728 1731 1734 1737 1740 1743 1746 1749 1752 1755 1758 1761 1764 1767 1770 1773 1776 1779 1782 1785 1788 1791 1794 1797 1800 1803 1806 1809 1812 1815 1818 1821 1824 1827 1830 1833 1836 1839 1842 1845 1848 1851 1854 1857 1860 1863 1866 1869 1872 1875 1878 1881 1884 1887 1890 1893 1896 1899 1902 1905 1908 1911 1914 1917 1920 1923 1926 1929 1932 1935 1938 1941 1944 1947 1950 1953 1956 1959 1962 1965 1968 1971 1974 1977 1980 1983 1986 1989 1992 1995 1998 2001 2004 2007 2010 2013 2016 2019 2022 2025 2028 2031 2034 2037 2040 2043 2046 2049 2052 2055 2058 2061 2064 2067 2070 2073 2076 2079 2082 2085 2088 2091 2094 2097 2100 2103 2106 2109 2112 2115 2118 2121 2124 2127 2130 2133 2136 2139 2142 2145 2148 2151 2154 2157 2160 2163 2166 2169 2172 2175 2178 2181 2184 2187 2190 2193 2196 2199 2202 2205 2208 2211 2214 2217 2220 2223 2226 2229 2232 2235 2238 2241 2244 2247 2250 2253 2256 2259 2262 2265 2268 2271 2274 2277 2280 2283 2286 2289 2292 2295 2298 2301 2304 2307 2310 2313 2316 2319 2322 2325 2328 2331 2334 2337 2340 2343 2346 2349 2352 2355 2358 2361 2364 2367 2370 2373 2376 2379 2382 2385 2388 2391 2394 2397 2400 2403 2406 2409 2412 2415 2418 2421 2424 2427 2430 2433 2436 2439 2442 2445 2448 2451 2454 2457 2460 2463 2466 2469 2472 2475 2478 2481 2484 2487 2490 2493 2496 2499 2502 2505 2508 2511 2514 2517 2520 2523 2526 2529 2532 2535 2538 2541 2544 2547 2550 2553 2556 2559 2562 2565 2568 2571 2574 2577 2580 2583 2586 2589 2592 2595 2598 2601 2604 2607 2610 2613 2616 2619 2622 2625 2628 2631 2634 2637 2640 2643 2646 2649 2652 2655 2658 2661 2664 2667 2670 2673 2676 2679 2682 2685 2688 2691 2694 2697 2700 2703 2706 2709 2712 2715 2718 2721 2724 2727 2730 2733 2736 2739 2742 2745 2748 2751 2754 2757 2760 2763 2766 2769 2772 2775 2778 2781 2784 2787 2790 2793 2796 2799 2802 2805 2808 2811 2814 2817 2820 2823 2826 2829 2832 2835 2838 2841 2844 2847 2850 2853 2856 2859 2862 2865 2868 2871 2874 2877 2880 2883 2886 2889 2892 2895 2898 2901 2904 2907 2910 2913 2916 2919 2922 2925 2928 2931 2934 2937 2940 2943 2946 2949 2952 2955 2958 2961 2964 2967 2970 2973 2976 2979 2982 2985 2988 2991 2994 2997 3000 3003 3006 3009 3012 3015 3018 3021 3024 3027 3030 3033 3036 3039 3042 3045 3048 3051 3054 3057 3060 3063 3066 3069 3072 3075 3078 3081 3084 3087 3090 3093 3096 3099 3102 3105 3108 3111 3114 3117 3120 3123 3126 3129 3132 3135 3138 3141 3144 3147 3150 3153 3156 3159 3162 3165 3168 3171 3174 3177 3180 3183 3186 3189 3192 3195 3198 3201 3204 3207 3210 3213 3216 3219 3222 3225 3228 3231 3234 3237 3240 3243 3246 3249 3252 3255 3258 3261 3264 3267 3270 3273 3276 3279 3282 3285 3288 3291 3294 3297 3300 3303 3306 3309 3312 3315 3318 3321 3324 3327 3330 3333 3336 3339 3342 3345 3348 3351 3354 3357 3360 3363 3366 3369 3372 3375 3378 3381 3384 3387 3390 3393 3396 3399 3402 3405 3408 3411 3414 3417 3420 3423 3426 3429 3432 3435 3438 3441 3444 3447 3450 3453 3456 3459 3462 3465 3468 3471 3474 3477 3480 3483 3486 3489 3492 3495 3498 3501 3504 3507 3510 3513 3516 3519 3522 3525 3528 3531 3534 3537 3540 3543 3546 3549 3552 3555 3558 3561 3564 3567 3570 3573 3576 3579 3582 3585 3588 3591 3594 3597 3600 3603 3606 3609 3612 3615 3618 3621 3624 3627 3630 3633 3636 3639 3642 3645 3648 3651 3654 3657 3660 3663 3666 3669 3672 3675 3678 3681 3684 3687 3690 3693 3696 3699 3702 3705 3708 3711 3714 3717 3720 3723 3726 3729 3732 3735 3738 3741 3744 3747 3750 3753 3756 3759 3762 3765 3768 3771 3774 3777 3780 3783 3786 3789 3792 3795 3798 3801 3804 3807 3810 3813 3816 3819 3822 3825 3828 3831 3834 3837 3840 3843 3846 3849 3852 3855 3858 3861 3864 3867 3870 3873 3876 3879 3882 3885 3888 3891 3894 3897 3900 3903 3906 3909 3912 3915 3918 3921 3924 3927 3930 3933 3936 3939 3942 3945 3948 3951 3954 3957 3960 3963 3966 3969 3972 3975 3978 3981 3984 3987 3990 3993 3996 3999 4002 4005 4008 4011 4014 4017 4020 4023 4026 4029 4032 4035 4038 4041 4044 4047 4050 4053 4056 4059 4062 4065 4068 4071 4074 4077 4080 4083 4086 4089 4092 4095 4098 4101 4104 4107 4110 4113 4116 4119 4122 4125 4128 4131 4134 4137 4140 4143 4146 4149 4152 4155 4158 4161 4164 4167 4170 4173 4176 4179 4182 4185 4188 4191 4194 4197 4200 4203 4206 4209 4212 4215 4218 4221 4224 4227 4230 4233 4236 4239 4242 4245 4248 4251 4254 4257 4260 4263 4266 4269 4272 4275 4278 4281 4284 4287 4290 4293 4296 4299 4302 4305 4308 4311 4314 4317 4320 4323 4326 4329 4332 4335 4338 4341 4344 4347 4350 4353 4356 4359 4362 4365 4368 4371 4374 4377 4380 4383 4386 4389 4392 4395 4398 4401 4404 4407 4410 4413 4416 4419 4422 4425 4428 4431 4434 4437 4440 4443 4446 4449 4452 4455 4458 4461 4464 4467 4470 4473 4476 4479 4482 4485 4488 4491 4494 4497 4500 4503 4506 4509 4512 4515 4518 4521 4524 4527 4530 4533 4536 4539 4542 4545 4548 4551 4554 4557 4560 4563 4566 4569 4572 4575 4578 4581 4584 4587 4590 4593 4596 4599 4602 4605 4608 4611 4614 4617 4620 4623 4626 4629 4632 4635 4638 4641 4644 4647 4650 4653 4656 4659 4662 4665 4668 4671 4674 4677 4680 4683 4686 4689 4692 4695 4698 4701 4704 4707 4710 4713 4716 4719 4722 4725 4728 4731 4734 4737 4740 4743 4746 4749 4752 4755 4758 4761 4764 4767 4770 4773 4776 4779 4782 4785 4788 4791 4794 4797 4800 4803 4806 4809 4812 4815 4818 4821 4824 4827 4830 4833 4836 4839 4842 4845 4848 4851 4854 4857 4860 4863 4866 4869 4872 4875 4878 4881 4884 4887 4890 4893 4896 4899 4902 4905 4908 4911 4914 4917 4920 4923 4926 4929 4932 4935 4938 4941 4944 4947 4950 4953 4956 4959 4962 4965 4968 4971 4974 4977 4980 4983 4986 4989 4992 4995 4998 5001 5004 5007 5010 5013 5016 5019 5022 5025 5028 5031 5034 5037 5040 5043 5046 5049 5052 5055 5058 5061 5064 5067 5070 5073 5076 5079 5082 5085 5088 5091 5094 5097 5100 5103 5106 5109 5112 5115 5118 5121 5124 5127 5130 5133 5136 5139 5142 5145 5148 5151 5154 5157 5160 5163 5166 5169 5172 5175 5178 5181 5184 5187 5190 5193 5196 5199 5202 5205 5208 5211 5214 5217 5220 5223 5226 5229 5232 5235 5238 5241 5244 5247 5250 5253 5256 5259 5262 5265 5268 5271 5274 5277 5280 5283 5286 5289 5292 5295 5298 5301 5304 5307 5310 5313 5316 5319 5322 5325 5328 5331 5334 5337 5340 5343 5346 5349 5352 5355 5358 5361 5364 5367 5370 5373 5376 5379 5382 5385 5388 5391 5394 5397 5400 5403 5406 5409 5412 5415 5418 5421 5424 5427 5430 5433 5436 5439 5442 5445 5448 5451 5454 5457 5460 5463 5466 5469 5472 5475 5478 5481 5484 5487 5490 5493 5496 5499 5502 5505 5508 5511 5514 5517 5520 5523 5526 5529 5532 5535 5538 5541 5544 5547 5550 5553 5556 5559 5562 5565 5568 5571 5574 5577 5580 5583 5586 5589 5592 5595 5598 5601 5604 5607 5610 5613 5616 5619 5622 5625 5628 5631 5634 5637 5640 5643 5646 5649 5652 5655 5658 5661 5664 5667 5670 5673 5676 5679 5682 5685 5688 5691 5694 5697 5700 5703 5706 5709 5712 5715 5718 5721 5724 5727 5730 5733 5736 5739 5742 5745 5748 5751 5754 5757 5760 5763 5766 5769 5772 5775 5778 5781 5784 5787 5790 5793 5796 5799 5802 5805 5808 5811 5814 5817 5820 5823 5826 5829 5832 5835 5838 5841 5844 5847 5850 5853 5856 5859 5862 5865 5868 5871 5874 5877 5880 5883 5886 5889 5892 5895 5898 5901 5904 5907 5910 5913 5916 5919 5922 5925 5928 5931 5934 5937 5940 5943 5946 5949 5952 5955 5958 5961 5964 5967 5970 5973 5976 5979 5982 5985 5988 5991 5994 5997 6000 6003 6006 6009 6012 6015 6018 6021 6024 6027 6030 6033 6036 6039 6042 6045 6048 6051 6054 6057 6060 6063 6066 6069 6072 6075 6078 6081 6084 6087 6090 6093 6096 6099 6102 6105 6108 6111 6114 6117 6120 6123 6126 6129 6132 6135 6138 6141 6144 6147 6150 6153 6156 6159 6162 6165 6168 6171 6174 6177 6180 6183 6186 6189 6192 6195 6198 6201 6204 6207 6210 6213 6216 6219 6222 6225 6228 6231 6234 6237 6240 6243 6246 6249 6252 6255 6258 6261 6264 6267 6270 6273 6276 6279 6282 6285 6288 6291 6294 6297 6300 6303 6306 6309 6312 6315 6318 6321 6324 6327 6330 6333 6336 6339 6342 6345 6348 6351 6354 6357 6360 6363 6366 6369 6372 6375 6378 6381 6384 6387 6390 6393 6396 6399 6402 6405 6408 6411 6414 6417 6420 6423 6426 6429 6432 6435 6438 6441 6444 6447 6450 6453 6456 6459 6462 6465 6468 6471 6474 6477 6480 6483 6486 6489 6492 6495 6498 6501 6504 6507 6510 6513 6516 6519 6522 6525 6528 6531 6534 6537 6540 6543 6546 6549 6552 6555 6558 6561 6564 6567 6570 6573 6576 6579 6582 6585 6588 6591 6594 6597 6600 6603 6606 6609 6612 6615 6618 6621 6624 6627 6630 6633 6636 6639 6642 6645 6648 6651 6654 6657 6660 6663 6666 6669 6672 6675 6678 6681 6684 6687 6690 6693 6696 6699 6702 6705 6708 6711 6714 6717 6720 6723 6726 6729 6732 6735 6738 6741 6744 6747 6750 6753 6756 6759 6762 6765 6768 6771 6774 6777 6780 6783 6786 6789 6792 6795 6798 6801 6804 6807 6810 6813 6816 6819 6822 6825 6828 6831 6834 6837 6840 6843 6846 6849 6852 6855 6858 6861 6864 6867 6870 6873 6876 6879 6882 6885 6888 6891 6894 6897 6900 6903 6906 6909 6912 6915 6918 6921 6924 6927 6930 6933 6936 6939 6942 6945 6948 6951 6954 6957 6960 6963 6966 6969 6972 6975 6978 6981 6984 6987 6990 6993 6996 6999 7002 7005 7008 7011 7014 7017 7020 7023 7026 7029 7032 7035 7038 7041 7044 7047 7050 7053 7056 7059 7062 7065 7068 7071 7074 7077 7080 7083 7086 7089 7092 7095 7098 7101 7104 7107 7110 7113 7116 7119 7122 7125 7128 7131 7134 7137 7140 7143 7146 7149 7152 7155 7158 7161 7164 7167 7170 7173 7176 7179 7182 7185 7188 7191 7194 7197 7200 7203 7206 7209 7212 7215 7218 7221 7224 7227 7230 7233 7236 7239 7242 7245 7248 7251 7254 7257 7260 7263 7266 7269 7272 7275 7278 7281 7284 7287 7290 7293 7296 7299 7302 7305 7308 7311 7314 7317 7320 7323 7326 7329 7332 7335 7338 7341 7344 7347 7350 7353 7356 7359 7362 7365 7368 7371 7374 7377 7380 7383 7386 7389 7392 7395 7398 7401 7404 7407 7410 7413 7416 7419 7422 7425 7428 7431 7434 7437 7440 7443 7446 7449 7452 7455 7458 7461 7464 7467 7470 7473 7476 7479 7482 7485 7488 7491 7494 7497 7500 7503 7506 7509 7512 7515 7518 7521 7524 7527 7530 7533 7536 7539 7542 7545 7548 7551 7554 7557 7560 7563 7566 7569 7572 7575 7578 7581 7584 7587 7590 7593 7596 7599 7602 7605 7608 7611 7614 7617 7620 7623 7626 7629 7632 7635 7638 7641 7644 7647 7650 7653 7656 7659 7662 7665 7668 7671 7674 7677 7680 7683 7686 7689 7692 7695 7698 7701 7704 7707 7710 7713 7716 7719 7722 7725 7728 7731 7734 7737 7740 7743 7746 7749 7752 7755 7758 7761 7764 7767 7770 7773 7776 7779 7782 7785 7788 7791 7794 7797 7800 7803 7806 7809 7812 7815 7818 7821 7824 7827 7830 7833 7836 7839 7842 7845 7848 7851 7854 7857 7860 7863 7866 7869 7872 7875 7878 7881 7884 7887 7890 7893 7896 7899 7902 7905 7908 7911 7914 7917 7920 7923 7926 7929 7932 7935 7938 7941 7944 7947 7950 7953 7956 7959 7962 7965 7968 7971 7974 7977 7980 7983 7986 7989 7992 7995 7998 8001 8004 8007 8010 8013 8016 8019 8022 8025 8028 8031 8034 8037 8040 8043 8046 8049 8052 8055 8058 8061 8064 8067 8070 8073 8076 8079 8082 8085 8088 8091 8094 8097 8100 8103 8106 8109 8112 8115 8118 8121 8124 8127 8130 8133 8136 8139 8142 8145 8148 8151 8154 8157 8160 8163 8166 8169 8172 8175 8178 8181 8184 8187 8190 8193 8196 8199 8202 8205 8208 8211 8214 8217 8220 8223 8226 8229 8232 8235 8238 8241 8244 8247 8250 8253 8256 8259 8262 8265 8268 8271 8274 8277 8280 8283 8286 8289 8292 8295 8298 8301 8304 8307 8310 8313 8316 8319 8322 8325 8328 8331 8334 8337 8340 8343 8346 8349 8352 8355 8358 8361 8364 8367 8370 8373 8376 8379 8382 8385 8388 8391 8394 8397 8400 8403 8406 8409 8412 8415 8418 8421 8424 8427 8430 8433 8436 8439 8442 8445 8448 8451 8454 8457 8460 8463 8466 8469 8472 8475 8478 8481 8484 8487 8490 8493 8496 8499 8502 8505 8508 8511 8514 8517 8520 8523 8526 8529 8532 8535 8538 8541 8544 8547 8550 8553 8556 8559 8562 8565 8568 8571 8574 8577 8580 8583 8586 8589 8592 8595 8598 8601 8604 8607 8610 8613 8616 8619 8622 8625 8628 8631 8634 8637 8640 8643 8646 8649 8652 8655 8658 8661 8664 8667 8670 8673 8676 8679 8682 8685 8688 8691 8694 8697 8700 8703 8706 8709 8712 8715 8718 8721 8724 8727 8730 8733 8736 8739 8742 8745 8748 8751 8754 8757 8760 8763 8766 8769 8772 8775 8778 8781 8784 8787 8790 8793 8796 8799 8802 8805 8808 8811 8814 8817 8820 8823 8826 8829 8832 8835 8838 8841 8844 8847 8850 8853 8856 8859 8862 8865 8868 8871 8874 8877 8880 8883 8886 8889 8892 8895 8898 8901 8904 8907 8910 8913 8916 8919 8922 8925 8928 8931 8934 8937 8940 8943 8946 8949 8952 8955 8958 8961 8964 8967 8970 8973 8976 8979 8982 8985 8988 8991 8994 8997 9000 9003 9006 9009 9012 9015 9018 9021 9024 9027 9030 9033 9036 9039 9042 9045 9048 9051 9054 9057 9060 9063 9066 9069 9072 9075 9078 9081 9084 9087 9090 9093 9096 9099 9102 9105 9108 9111 9114 9117 9120 9123 9126 9129 9132 9135 9138 9141 9144 9147 9150 9153 9156 9159 9162 9165 9168 9171 9174 9177 9180 9183 9186 9189 9192 9195 9198 9201 9204 9207 9210 9213 9216 9219 9222 9225 9228 9231 9234 9237 9240 9243 9246 9249 9252 9255 9258 9261 9264 9267 9270 9273 9276 9279 9282 9285 9288 9291 9294 9297 9300 9303 9306 9309 9312 9315 9318 9321 9324 9327 9330 9333 9336 9339 9342 9345 9348 9351 9354 9357 9360 9363 9366 9369 9372 9375 9378 9381 9384 9387 9390 9393 9396 9399 9402 9405 9408 9411 9414 9417 9420 9423 9426 9429 9432 9435 9438 9441 9444 9447 9450 9453 9456 9459 9462 9465 9468 9471 9474 9477 9480 9483 9486 9489 9492 9495 9498 9501 9504 9507 9510 9513 9516 9519 9522 9525 9528 9531 9534 9537 9540 9543 9546 9549 9552 9555 9558 9561 9564 9567 9570 9573 9576 9579 9582 9585 9588 9591 9594 9597 9600 9603 9606 9609 9612 9615 9618 9621 9624 9627 9630 9633 9636 9639 9642 9645 9648 9651 9654 9657 9660 9663 9666 9669 9672 9675 9678 9681 9684 9687 9690 9693 9696 9699 9702 9705 9708 9711 9714 9717 9720 9723 9726 9729 9732 9735 9738 9741 9744 9747 9750 9753 9756 9759 9762 9765 9768 9771 9774 9777 9780 9783 9786 9789 9792 9795 9798 9801 9804 9807 9810 9813 9816 9819 9822 9825 9828 9831 9834 9837 9840 9843 9846 9849 9852 9855 9858 9861 9864 9867 9870 9873 9876 9879 9882 9885 9888 9891 9894 9897 9900 9903 9906 9909 9912 9915 9918 9921 9924 9927 9930 9933 9936 9939 9942 9945 9948 9951 9954 9957 9960 9963 9966 9969 9972 9975 9978 9981 9984 9987 9990 9993 9996 9999 10002 10005 10008 10011 10014 10017 10020 10023 10026 10029 10032 10035 10038 10041 10044 10047 10050 10053 10056 10059 10062 10065 10068 10071 10074 10077 10080 10083 10086 10089 10092 10095 10098 10101 10104 10107 10110 10113 10116 10119 10122 10125 10128 10131 10134 10137 10140 10143 10146 10149 10152 10155 10158 10161 10164 10167 10170 10173 10176 10179 10182 10185 10188 10191 10194 10197 10200 10203 10206 10209 10212 10215 10218 10221 10224 10227 10230 10233 10236 10239 10242 10245 10248 10251 10254 10257 10260 10263 10266 10269 10272 10275 10278 10281 10284 10287 10290 10293 10296 10299 10302 10305 10308 10311 10314 10317 10320 10323 10326 10329 10332 10335 10338 10341 10344 10347 10350 10353 10356 10359 10362 10365 10368 10371 10374 10377 10380 10383 10386 10389 10392 10395 10398 10401 10404 10407 10410 10413 10416 10419 10422 10425 10428 10431 10434 10437 10440 10443 10446 10449 10452 10455 10458 10461 10464 10467 10470 10473 10476 10479 10482 10485 10488 10491 10494 10497 10500 10503 10506 10509 10512 10515 10518 10521 10524 10527 10530 10533 10536 10539 10542 10545 10548 10551 10554 10557 10560 10563 10566 10569 10572 10575 10578 10581 10584 10587 10590 10593 10596 10599 10602 10605 10608 10611 10614 10617 10620 10623 10626 10629 10632 10635 10638 10641 10644 10647 10650 10653 10656 10659 10662 10665 10668 10671 10674 10677 10680 10683 10686 10689 10692 10695 10698 10701 10704 10707 10710 10713 10716 10719 10722 10725 10728 10731 10734 10737 10740 10743 10746 10749 10752 10755 10758 10761 10764 10767 10770 10773 10776 10779 10782 10785 10788 10791 10794 10797 10800 10803 10806 10809 10812 10815 10818 10821 10824 10827 10830 10833 10836 10839 10842 10845 10848 10851 10854 10857 10860 10863 10866 10869 10872 10875 10878 10881 10884 10887 10890 10893 10896 10899 10902 10905 10908 10911 10914 10917 10920 10923 10926 10929 10932 10935 10938 10941 10944 10947 10950 10953 10956 10959 10962 10965 10968 10971 10974 10977 10980 10983 10986 10989 10992 10995 10998 11001 11004 11007 11010 11013 11016 11019 11022 11025 11028 11031 11034 11037 11040 11043 11046 11049 11052 11055 11058 11061 11064 11067 11070 11073 11076 11079 11082 11085 11088 11091 11094 11097 11100 11103 11106 11109 11112 11115 11118 11121 11124 11127 11130 11133 11136 11139 11142 11145 11148 11151 11154 11157 11160 11163 11166 11169 11172 11175 11178 11181 11184 11187 11190 11193 11196 11199 11202 11205 11208 11211 11214 11217 11220 11223 11226 11229 11232 11235 11238 11241 11244 11247 11250 11253 11256 11259 11262 11265 11268 11271 11274 11277 11280 11283 11286 11289 11292 11295 11298 11301 11304 11307 11310 11313 11316 11319 11322 11325 11328 11331 11334 11337 11340 11343 11346 11349 11352 11355 11358 11361 11364 11367 11370 11373 11376 11379 11382 11385 11388 11391 11394 11397 11400 11403 11406 11409 11412 11415 11418 11421 11424 11427 11430 11433 11436 11439 11442 11445 11448 11451 11454 11457 11460 11463 11466 11469 11472 11475 11478 11481 11484 11487 11490 11493 11496 11499 11502 11505 11508 11511 11514 11517 11520 11523 11526 11529 11532 11535 11538 11541 11544 11547 11550 11553 11556 11559 11562 11565 11568 11571 11574 11577 11580 11583 11586 11589 11592 11595 11598 11601 11604 11607 11610 11613 11616 11619 11622 11625 11628 11631 11634 11637 11640 11643 11646 11649 11652 11655 11658 11661 11664 11667 11670 11673 11676 11679 11682 11685 11688 11691 11694 11697 11700 11703 11706 11709 11712 11715 11718 11721 11724 11727 11730 11733 11736 11739 11742 11745 11748 11751 11754 11757 11760 11763 11766 11769 11772 11775 11778 11781 11784 11787 11790 11793 11796 11799 11802 11805 11808 11811 11814 11817 11820 11823 11826 11829 11832 11835 11838 11841 11844 11847 11850 11853 11856 11859 11862 11865 11868 11871 11874 11877 11880 11883 11886 11889 11892 11895 11898 11901 11904 11907 11910 11913 11916 11919 11922 11925 11928 11931 11934 11937 11940 11943 11946 11949 11952 11955 11958 11961 11964 11967 11970 11973 11976 11979 11982 11985 11988 11991 11994 11997 12000 12003 12006 12009 12012 12015 12018 12021 12024 12027 12030 12033 12036 12039 12042 12045 12048 12051 12054 12057 12060 12063 12066 12069 12072 12075 12078 12081 12084 12087 12090 12093 12096 12099 12102 12105 12108 12111 12114 12117 12120 12123 12126 12129 12132 12135 12138 12141 12144 12147 12150 12153 12156 12159 12162 12165 12168 12171 12174 12177 12180 12183 12186 12189 12192 12195 12198 12201 12204 12207 12210 12213 12216 12219 12222 12225 12228 12231 12234 12237 12240 12243 12246 12249 12252 12255 12258 12261 12264 12267 12270 12273 12276 12279 12282 12285 12288 12291 12294 12297 12300 12303 12306 12309 12312 12315 12318 12321 12324 12327 12330 12333 12336 12339 12342 12345 12348 12351 12354 12357 12360 12363 12366 12369 12372 12375 12378 12381 12384 12387 12390 12393 12396 12399 12402 12405 12408 12411 12414 12417 12420 12423 12426 12429 12432 12435 12438 12441 12444 12447 12450 12453 12456 12459 12462 12465 12468 12471 12474 12477 12480 12483 12486 12489 12492 12495 12498 12501 12504 12507 12510 12513 12516 12519 12522 12525 12528 12531 12534 12537 12540 12543 12546 12549 12552 12555 12558 12561 12564 12567 12570 12573 12576 12579 12582 12585 12588 12591 12594 12597 12600 12603 12606 12609 12612 12615 12618 12621 12624 12627 12630 12633 12636 12639 12642 12645 12648 12651 12654 12657 12660 12663 12666 12669 12672 12675 12678 12681 12684 12687 12690 12693 12696 12699 12702 12705 12708 12711 12714 12717 12720 12723 12726 12729 12732 12735 12738 12741 12744 12747 12750 12753 12756 12759 12762 12765 12768 12771 12774 12777 12780 12783 12786 12789 12792 12795 12798 12801 12804 12807 12810 12813 12816 12819 12822 12825 12828 12831 12834 12837 12840 12843 12846 12849 12852 12855 12858 12861 12864 12867 12870 12873 12876 12879 12882 12885 12888 12891 12894 12897 12900 12903 12906 12909 12912 12915 12918 12921 12924 12927 12930 12933 12936 12939 12942 12945 12948 12951 12954 12957 12960 12963 12966 12969 12972 12975 12978 12981 12984 12987 12990 12993 12996 12999 13002 13005 13008 13011 13014 13017 13020 13023 13026 13029 13032 13035 13038 13041 13044 13047 13050 13053 13056 13059 13062 13065 13068 13071 13074 13077 13080 13083 13086 13089 13092 13095 13098 13101 13104 13107 13110 13113 13116 13119 13122 13125 13128 13131 13134 13137 13140 13143 13146 13149 13152 13155 13158 13161 13164 13167 13170 13173 13176 13179 13182 13185 13188 13191 13194 13197 13200 13203 13206 13209 13212 13215 13218 13221 13224 13227 13230 13233 13236 13239 13242 13245 13248 13251 13254 13257 13260 13263 13266 13269 13272 13275 13278 13281 13284 13287 13290 13293 13296 13299 13302 13305 13308 13311 13314 13317 13320 13323 13326 13329 13332 13335 13338 13341 13344 13347 13350 13353 13356 13359 13362 13365 13368 13371 13374 13377 13380 13383 13386 13389 13392 13395 13398 13401 13404 13407 13410 13413 13416 13419 13422 13425 13428 13431 13434 13437 13440 13443 13446 13449 13452 13455 13458 13461 13464 13467 13470 13473 13476 13479 13482 13485 13488 13491 13494 13497 13500 13503 13506 13509 13512 13515 13518 13521 13524 13527 13530 13533 13536 13539 13542 13545 13548 13551 13554 13557 13560 13563 13566 13569 13572 13575 13578 13581 13584 13587 13590 13593 13596 13599 13602 13605 13608 13611 13614 13617 13620 13623 13626 13629 13632 13635 13638 13641 13644 13647 13650 13653 13656 13659 13662 13665 13668 13671 13674 13677 13680 13683 13686 13689 13692 13695 13698 13701 13704 13707 13710 13713 13716 13719 13722 13725 13728 13731 13734 13737 13740 13743 13746 13749 13752 13755 13758 13761 13764 13767 13770 13773 13776 13779 13782 13785 13788 13791 13794 13797 13800 13803 13806 13809 13812 13815 13818 13821 13824 13827 13830 13833 13836 13839 13842 13845 13848 13851 13854 13857 13860 13863 13866 13869 13872 13875 13878 13881 13884 13887 13890 13893 13896 13899 13902 13905 13908 13911 13914 13917 13920 13923 13926 13929 13932 13935 13938 13941 13944 13947 13950 13953 13956 13959 13962 13965 13968 13971 13974 13977 13980 13983 13986 13989 13992 13995 13998 14001 14004 14007 14010 14013 14016 14019 14022 14025 14028 14031 14034 14037 14040 14043 14046 14049 14052 14055 14058 14061 14064 14067 14070 14073 14076 14079 14082 14085 14088 14091 14094 14097 14100 14103 14106 14109 14112 14115 14118 14121 14124 14127 14130 14133 14136 14139 14142 14145 14148 14151 14154 14157 14160 14163 14166 14169 14172 14175 14178 14181 14184 14187 14190 14193 14196 14199 14202 14205 14208 14211 14214 14217 14220 14223 14226 14229 14232 14235 14238 14241 14244 14247 14250 14253 14256 14259 14262 14265 14268 14271 14274 14277 14280 14283 14286 14289 14292 14295 14298 14301 14304 14307 14310 14313 14316 14319 14322 14325 14328 14331 14334 14337 14340 14343 14346 14349 14352 14355 14358 14361 14364 14367 14370 14373 14376 14379 14382 14385 14388 14391 14394 14397 14400 14403 14406 14409 14412 14415 14418 14421 14424 14427 14430 14433 14436 14439 14442 14445 14448 14451 14454 14457 14460 14463 14466 14469 14472 14475 14478 14481 14484 14487 14490 14493 14496 14499 14502 14505 14508 14511 14514 14517 14520 14523 14526 14529 14532 14535 14538 14541 14544 14547 14550 14553 14556 14559 14562 14565 14568 14571 14574 14577 14580 14583 14586 14589 14592 14595 14598 14601 14604 14607 14610 14613 14616 14619 14622 14625 14628 14631 14634 14637 14640 14643 14646 14649 14652 14655 14658 14661 14664 14667 14670 14673 14676 14679 14682 14685 14688 14691 14694 14697 14700 14703 14706 14709 14712 14715 14718 14721 14724 14727 14730 14733 14736 14739 14742 14745 14748 14751 14754 14757 14760 14763 14766 14769 14772 14775 14778 14781 14784 14787 14790 14793 14796 14799 14802 14805 14808 14811 14814 14817 14820 14823 14826 14829 14832 14835 14838 14841 14844 14847 14850 14853 14856 14859 14862 14865 14868 14871 14874 14877 14880 14883 14886 14889 14892 14895 14898 14901 14904 14907 14910 14913 14916 14919 14922 14925 14928 14931 14934 14937 14940 14943 14946 14949 14952 14955 14958 14961 14964 14967 14970 14973 14976 14979 14982 14985 14988 14991 14994 14997 15000 15003 15006 15009 15012 15015 15018 15021 15024 15027 15030 15033 15036 15039 15042 15045 15048 15051 15054 15057 15060 15063 15066 15069 15072 15075 15078 15081 15084 15087 15090 15093 15096 15099 15102 15105 15108 15111 15114 15117 15120 15123 15126 15129 15132 15135 15138 15141 15144 15147 15150 15153 15156 15159 15162 15165 15168 15171 15174 15177 15180 15183 15186 15189 15192 15195 15198 15201 15204 15207 15210 15213 15216 15219 15222 15225 15228 15231 15234 15237 15240 15243 15246 15249 15252 15255 15258 15261 15264 15267 15270 15273 15276 15279 15282 15285 15288 15291 15294 15297 15300 15303 15306 15309 15312 15315 15318 15321 15324 15327 15330 15333 15336 15339 15342 15345 15348 15351 15354 15357 15360 15363 15366 15369 15372 15375 15378 15381 15384 15387 15390 15393 15396 15399 15402 15405 15408 15411 15414 15417 15420 15423 15426 15429 15432 15435 15438 15441 15444 15447 15450 15453 15456 15459 15462 15465 15468 15471 15474 15477 15480 15483 15486 15489 15492 15495 15498 15501 15504 15507 15510 15513 15516 15519 15522 15525 15528 15531 15534 15537 15540 15543 15546 15549 15552 15555 15558 15561 15564 15567 15570 15573 15576 15579 15582 15585 15588 15591 15594 15597 15600 15603 15606 15609 15612 15615 15618 15621 15624 15627 15630 15633 15636 15639 15642 15645 15648 15651 15654 15657 15660 15663 15666 15669 15672 15675 15678 15681 15684 15687 15690 15693 15696 15699 15702 15705 15708 15711 15714 15717 15720 15723 15726 15729 15732 15735 15738 15741 15744 15747 15750 15753 15756 15759 15762 15765 15768 15771 15774 15777 15780 15783 15786 15789 15792 15795 15798 15801 15804 15807 15810 15813 15816 15819 15822 15825 15828 15831 15834 15837 15840 15843 15846 15849 15852 15855 15858 15861 15864 15867 15870 15873 15876 15879 15882 15885 15888 15891 15894 15897 15900 15903 15906 15909 15912 15915 15918 15921 15924 15927 15930 15933 15936 15939 15942 15945 15948 15951 15954 15957 15960 15963 15966 15969 15972 15975 15978 15981 15984 15987 15990 15993 15996 15999 16002 16005 16008 16011 16014 16017 16020 16023 16026 16029 16032 16035 16038 16041 16044 16047 16050 16053 16056 16059 16062 16065 16068 16071 16074 16077 16080 16083 16086 16089 16092 16095 16098 16101 16104 16107 16110 16113 16116 16119 16122 16125 16128 16131 16134 16137 16140 16143 16146 16149 16152 16155 16158 16161 16164 16167 16170 16173 16176 16179 16182 16185 16188 16191 16194 16197 16200 16203 16206 16209 16212 16215 16218 16221 16224 16227 16230 16233 16236 16239 16242 16245 16248 16251 16254 16257 16260 16263 16266 16269 16272 16275 16278 16281 16284 16287 16290 16293 16296 16299 16302 16305 16308 16311 16314 16317 16320 16323 16326 16329 16332 16335 16338 16341 16344 16347 16350 16353 16356 16359 16362 16365 16368 16371 16374 16377 16380 16383 16386 16389 16392 16395 16398 16401 16404 16407 16410 16413 16416 16419 16422 16425 16428 16431 16434 16437 16440 16443 16446 16449 16452 16455 16458 16461 16464 16467 16470 16473 16476 16479 16482 16485 16488 16491 16494 16497 16500 16503 16506 16509 16512 16515 16518 16521 16524 16527 16530 16533 16536 16539 16542 16545 16548 16551 16554 16557 16560 16563 16566 16569 16572 16575 16578 16581 16584 16587 16590 16593 16596 16599 16602 16605 16608 16611 16614 16617 16620 16623 16626 16629 16632 16635 16638 16641 16644 16647 16650 16653 16656 16659 16662 16665 16668 16671 16674 16677 16680 16683 16686 16689 16692 16695 16698 16701 16704 16707 16710 16713 16716 16719 16722 16725 16728 16731 16734 16737 16740 16743 16746 16749 16752 16755 16758 16761 16764 16767 16770 16773 16776 16779 16782 16785 16788 16791 16794 16797 16800 16803 16806 16809 16812 16815 16818 16821 16824 16827 16830 16833 16836 16839 16842 16845 16848 16851 16854 16857 16860 16863 16866 16869 16872 16875 16878 16881 16884 16887 16890 16893 16896 16899 16902 16905 16908 16911 16914 16917 16920 16923 16926 16929 16932 16935 16938 16941 16944 16947 16950 16953 16956 16959 16962 16965 16968 16971 16974 16977 16980 16983 16986 16989 16992 16995 16998 17001 17004 17007 17010 17013 17016 17019 17022 17025 17028 17031 17034 17037 17040 17043 17046 17049 17052 17055 17058 17061 17064 17067 17070 17073 17076 17079 17082 17085 17088 17091 17094 17097 17100 17103 17106 17109 17112 17115 17118 17121 17124 17127 17130 17133 17136 17139 17142 17145 17148 17151 17154 17157 17160 17163 17166 17169 17172 17175 17178 17181 17184 17187 17190 17193 17196 17199 17202 17205 17208 17211 17214 17217 17220 17223 17226 17229 17232 17235 17238 17241 17244 17247 17250 17253 17256 17259 17262 17265 17268 17271 17274 17277 17280 17283 17286 17289 17292 17295 17298 17301 17304 17307 17310 17313 17316 17319 17322 17325 17328 17331 17334 17337 17340 17343 17346 17349 17352 17355 17358 17361 17364 17367 17370 17373 17376 17379 17382 17385 17388 17391 17394 17397 17400 17403 17406 17409 17412 17415 17418 17421 17424 17427 17430 17433 17436 17439 17442 17445 17448 17451 17454 17457 17460 17463 17466 17469 17472 17475 17478 17481 17484 17487 17490 17493 17496 17499 17502 17505 17508 17511 17514 17517 17520 17523 17526 17529 17532 17535 17538 17541 17544 17547 17550 17553 17556 17559 17562 17565 17568 17571 17574 17577 17580 17583 17586 17589 17592 17595 17598 17601 17604 17607 17610 17613 17616 17619 17622 17625 17628 17631 17634 17637 17640 17643 17646 17649 17652 17655 17658 17661 17664 17667 17670 17673 17676 17679 17682 17685 17688 17691 17694 17697 17700 17703 17706 17709 17712 17715 17718 17721 17724 17727 17730 17733 17736 17739 17742 17745 17748 17751 17754 17757 17760 17763 17766 17769 17772 17775 17778 17781 17784 17787 17790 17793 17796 17799 17802 17805 17808 17811 17814 17817 17820 17823 17826 17829 17832 17835 17838 17841 17844 17847 17850 17853 17856 17859 17862 17865 17868 17871 17874 17877 17880 17883 17886 17889 17892 17895 17898 17901 17904 17907 17910 17913 17916 17919 17922 17925 17928 17931 17934 17937 17940 17943 17946 17949 17952 17955 17958 17961 17964 17967 17970 17973 17976 17979 17982 17985 17988 17991 17994 17997 18000 18003 18006 18009 18012 18015 18018 18021 18024 18027 18030 18033 18036 18039 18042 18045 18048 18051 18054 18057 18060 18063 18066 18069 18072 18075 18078 18081 18084 18087 18090 18093 18096 18099 18102 18105 18108 18111 18114 18117 18120 18123 18126 18129 18132 18135 18138 18141 18144 18147 18150 18153 18156 18159 18162 18165 18168 18171 18174 18177 18180 18183 18186 18189 18192 18195 18198 18201 18204 18207 18210 18213 18216 18219 18222 18225 18228 18231 18234 18237 18240 18243 18246 18249 18252 18255 18258 18261 18264 18267 18270 18273 18276 18279 18282 18285 18288 18291 18294 18297 18300 18303 18306 18309 18312 18315 18318 18321 18324 18327 18330 18333 18336 18339 18342 18345 18348 18351 18354 18357 18360 18363 18366 18369 18372 18375 18378 18381 18384 18387 18390 18393 18396 18399 18402 18405 18408 18411 18414 18417 18420 18423 18426 18429 18432 18435 18438 18441 18444 18447 18450 18453 18456 18459 18462 18465 18468 18471 18474 18477 18480 18483 18486 18489 18492 18495 18498 18501 18504 18507 18510 18513 18516 18519 18522 18525 18528 18531 18534 18537 18540 18543 18546 18549 18552 18555 18558 18561 18564 18567 18570 18573 18576 18579 18582 18585 18588 18591 18594 18597 18600 18603 18606 18609 18612 18615 18618 18621 18624 18627 18630 18633 18636 18639 18642 18645 18648 18651 18654 18657 18660 18663 18666 18669 18672 18675 18678 18681 18684 18687 18690 18693 18696 18699 18702 18705 18708 18711 18714 18717 18720 18723 18726 18729 18732 18735 18738 18741 18744 18747 18750 18753 18756 18759 18762 18765 18768 18771 18774 18777 18780 18783 18786 18789 18792 18795 18798 18801 18804 18807 18810 18813 18816 18819 18822 18825 18828 18831 18834 18837 18840 18843 18846 18849 18852 18855 18858 18861 18864 18867 18870 18873 18876 18879 18882 18885 18888 18891 18894 18897 18900 18903 18906 18909 18912 18915 18918 18921 18924 18927 18930 18933 18936 18939 18942 18945 18948 18951 18954 18957 18960 18963 18966 18969 18972 18975 18978 18981 18984 18987 18990 18993 18996 18999 19002 19005 19008 19011 19014 19017 19020 19023 19026 19029 19032 19035 19038 19041 19044 19047 19050 19053 19056 19059 19062 19065 19068 19071 19074 19077 19080 19083 19086 19089 19092 19095 19098 19101 19104 19107 19110 19113 19116 19119 19122 19125 19128 19131 19134 19137 19140 19143 19146 19149 19152 19155 19158 19161 19164 19167 19170 19173 19176 19179 19182 19185 19188 19191 19194 19197 19200 19203 19206 19209 19212 19215 19218 19221 19224 19227 19230 19233 19236 19239 19242 19245 19248 19251 19254 19257 19260 19263 19266 19269 19272 19275 19278 19281 19284 19287 19290 19293 19296 19299 19302 19305 19308 19311 19314 19317 19320 19323 19326 19329 19332 19335 19338 19341 19344 19347 19350 19353 19356 19359 19362 19365 19368 19371 19374 19377 19380 19383 19386 19389 19392 19395 19398 19401 19404 19407 19410 19413 19416 19419 19422 19425 19428 19431 19434 19437 19440 19443 19446 19449 19452 19455 19458 19461 19464 19467 19470 19473 19476 19479 19482 19485 19488 19491 19494 19497 19500 19503 19506 19509 19512 19515 19518 19521 19524 19527 19530 19533 19536 19539 19542 19545 19548 19551 19554 19557 19560 19563 19566 19569 19572 19575 19578 19581 19584 19587 19590 19593 19596 19599 19602 19605 19608 19611 19614 19617 19620 19623 19626 19629 19632 19635 19638 19641 19644 19647 19650 19653 19656 19659 19662 19665 19668 19671 19674 19677 19680 19683 19686 19689 19692 19695 19698 19701 19704 19707 19710 19713 19716 19719 19722 19725 19728 19731 19734 19737 19740 19743 19746 19749 19752 19755 19758 19761 19764 19767 19770 19773 19776 19779 19782 19785 19788 19791 19794 19797 19800 19803 19806 19809 19812 19815 19818 19821 19824 19827 19830 19833 19836 19839 19842 19845 19848 19851 19854 19857 19860 19863 19866 19869 19872 19875 19878 19881 19884 19887 19890 19893 19896 19899 19902 19905 19908 19911 19914 19917 19920 19923 19926 19929 19932 19935 19938 19941 19944 19947 19950 19953 19956 19959 19962 19965 19968 19971 19974 19977 19980 19983 19986 19989 19992 19995 19998 20001 20004 20007 20010 20013 20016 20019 20022 20025 20028 20031 20034 20037 20040 20043 20046 20049 20052 20055 20058 20061 20064 20067 20070 20073 20076 20079 20082 20085 20088 20091 20094 20097 20100 20103 20106 20109 20112 20115 20118 20121 20124 20127 20130 20133 20136 20139 20142 20145 20148 20151 20154 20157 20160 20163 20166 20169 20172 20175 20178 20181 20184 20187 20190 20193 20196 20199 20202 20205 20208 20211 20214 20217 20220 20223 20226 20229 20232 20235 20238 20241 20244 20247 20250 20253 20256 20259 20262 20265 20268 20271 20274 20277 20280 20283 20286 20289 20292 20295 20298 20301 20304 20307 20310 20313 20316 20319 20322 20325 20328 20331 20334 20337 20340 20343 20346 20349 20352 20355 20358 20361 20364 20367 20370 20373 20376 20379 20382 20385 20388 20391 20394 20397 20400 20403 20406 20409 20412 20415 20418 20421 20424 20427 20430 20433 20436 20439 20442 20445 20448 20451 20454 20457 20460 20463 20466 20469 20472 20475 20478 20481 20484 20487 20490 20493 20496 20499 20502 20505 20508 20511 20514 20517 20520 20523 20526 20529 20532 20535 20538 20541 20544 20547 20550 20553 20556 20559 20562 20565 20568 20571 20574 20577 20580 20583 20586 20589 20592 20595 20598 20601 20604 20607 20610 20613 20616 20619 20622 20625 20628 20631 20634 20637 20640 20643 20646 20649 20652 20655 20658 20661 20664 20667 20670 20673 20676 20679 20682 20685 20688 20691 20694 20697 20700 20703 20706 20709 20712 20715 20718 20721 20724 20727 20730 20733 20736 20739 20742 20745 20748 20751 20754 20757 20760 20763 20766 20769 20772 20775 20778 20781 20784 20787 20790 20793 20796 20799 20802 20805 20808 20811 20814 20817 20820 20823 20826 20829 20832 20835 20838 20841 20844 20847 20850 20853 20856 20859 20862 20865 20868 20871 20874 20877 20880 20883 20886 20889 20892 20895 20898 20901 20904 20907 20910 20913 20916 20919 20922 20925 20928 20931 20934 20937 20940 20943 20946 20949 20952 20955 20958 20961 20964 20967 20970 20973 20976 20979 20982 20985 20988 20991 20994 20997 21000 21003 21006 21009 21012 21015 21018 21021 21024 21027 21030 21033 21036 21039 21042 21045 21048 21051 21054 21057 21060 21063 21066 21069 21072 21075 21078 21081 21084 21087 21090 21093 21096 21099 21102 21105 21108 21111 21114 21117 21120 21123 21126 21129 21132 21135 21138 21141 21144 21147 21150 21153 21156 21159 21162 21165 21168 21171 21174 21177 21180 21183 21186 21189 21192 21195 21198 21201 21204 21207 21210 21213 21216 21219 21222 21225 21228 21231 21234 21237 21240 21243 21246 21249 21252 21255 21258 21261 21264 21267 21270 21273 21276 21279 21282 21285 21288 21291 21294 21297 21300 21303 21306 21309 21312 21315 21318 21321 21324 21327 21330 21333 21336 21339 21342 21345 21348 21351 21354 21357 21360 21363 21366 21369 21372 21375 21378 21381 21384 21387 21390 21393 21396 21399 21402 21405 21408 21411 21414 21417 21420 21423 21426 21429 21432 21435 21438 21441 21444 21447 21450 21453 21456 21459 21462 21465 21468 21471 21474 21477 21480 21483 21486 21489 21492 21495 21498 21501 21504 21507 21510 21513 21516 21519 21522 21525 21528 21531 21534 21537 21540 21543 21546 21549 21552 21555 21558 21561 21564 21567 21570 21573 21576 21579 21582 21585 21588 21591 21594 21597 21600 21603 21606 21609 21612 21615 21618 21621 21624 21627 21630 21633 21636 21639 21642 21645 21648 21651 21654 21657 21660 21663 21666 21669 21672 21675 21678 21681 21684 21687 21690 21693 21696 21699 21702 21705 21708 21711 21714 21717 21720 21723 21726 21729 21732 21735 21738 21741 21744 21747 21750 21753 21756 21759 21762 21765 21768 21771 21774 21777 21780 21783 21786 21789 21792 21795 21798 21801 21804 21807 21810 21813 21816 21819 21822 21825 21828 21831 21834 21837 21840 21843 21846 21849 21852 21855 21858 21861 21864 21867 21870 21873 21876 21879 21882 21885 21888 21891 21894 21897 21900 21903 21906 21909 21912 21915 21918 21921 21924 21927 21930 21933 21936 21939 21942 21945 21948 21951 21954 21957 21960 21963 21966 21969 21972 21975 21978 21981 21984 21987 21990 21993 21996 21999 22002 22005 22008 22011 22014 22017 22020 22023 22026 22029 22032 22035 22038 22041 22044 22047 22050 22053 22056 22059 22062 22065 22068 22071 22074 22077 22080 22083 22086 22089 22092 22095 22098 22101 22104 22107 22110 22113 22116 22119 22122 22125 22128 22131 22134 22137 22140 22143 22146 22149 22152 22155 22158 22161 22164 22167 22170 22173 22176 22179 22182 22185 22188 22191 22194 22197 22200 22203 22206 22209 22212 22215 22218 22221 22224 22227 22230 22233 22236 22239 22242 22245 22248 22251 22254 22257 22260 22263 22266 22269 22272 22275 22278 22281 22284 22287 22290 22293 22296 22299 22302 22305 22308 22311 22314 22317 22320 22323 22326 22329 22332 22335 22338 22341 22344 22347 22350 22353 22356 22359 22362 22365 22368 22371 22374 22377 22380 22383 22386 22389 22392 22395 22398 22401 22404 22407 22410 22413 22416 22419 22422 22425 22428 22431 22434 22437 22440 22443 22446 22449 22452 22455 22458 22461 22464 22467 22470 22473 22476 22479 22482 22485 22488 22491 22494 22497 22500 22503 22506 22509 22512 22515 22518 22521 22524 22527 22530 22533 22536 22539 22542 22545 22548 22551 22554 22557 22560 22563 22566 22569 22572 22575 22578 22581 22584 22587 22590 22593 22596 22599 22602 22605 22608 22611 22614 22617 22620 22623 22626 22629 22632 22635 22638 22641 22644 22647 22650 22653 22656 22659 22662 22665 22668 22671 22674 22677 22680 22683 22686 22689 22692 22695 22698 22701 22704 22707 22710 22713 22716 22719 22722 22725 22728 22731 22734 22737 22740 22743 22746 22749 22752 22755 22758 22761 22764 22767 22770 22773 22776 22779 22782 22785 22788 22791 22794 22797 22800 22803 22806 22809 22812 22815 22818 22821 22824 22827 22830 22833 22836 22839 22842 22845 22848 22851 22854 22857 22860 22863 22866 22869 22872 22875 22878 22881 22884 22887 22890 22893 22896 22899 22902 22905 22908 22911 22914 22917 22920 22923 22926 22929 22932 22935 22938 22941 22944 22947 22950 22953 22956 22959 22962 22965 22968 22971 22974 22977 22980 22983 22986 22989 22992 22995 22998 23001 23004 23007 23010 23013 23016 23019 23022 23025 23028 23031 23034 23037 23040 23043 23046 23049 23052 23055 23058 23061 23064 23067 23070 23073 23076 23079 23082 23085 23088 23091 23094 23097 23100 23103 23106 23109 23112 23115 23118 23121 23124 23127 23130 23133 23136 23139 23142 23145 23148 23151 23154 23157 23160 23163 23166 23169 23172 23175 23178 23181 23184 23187 23190 23193 23196 23199 23202 23205 23208 23211 23214 23217 23220 23223 23226 23229 23232 23235 23238 23241 23244 23247 23250 23253 23256 23259 23262 23265 23268 23271 23274 23277 23280 23283 23286 23289 23292 23295 23298 23301 23304 23307 23310 23313 23316 23319 23322 23325 23328 23331 23334 23337 23340 23343 23346 23349 23352 23355 23358 23361 23364 23367 23370 23373 23376 23379 23382 23385 23388 23391 23394 23397 23400 23403 23406 23409 23412 23415 23418 23421 23424 23427 23430 23433 23436 23439 23442 23445 23448 23451 23454 23457 23460 23463 23466 23469 23472 23475 23478 23481 23484 23487 23490 23493 23496 23499 23502 23505 23508 23511 23514 23517 23520 23523 23526 23529 23532 23535 23538 23541 23544 23547 23550 23553 23556 23559 23562 23565 23568 23571 23574 23577 23580 23583 23586 23589 23592 23595 23598 23601 23604 23607 23610 23613 23616 23619 23622 23625 23628 23631 23634 23637 23640 23643 23646 23649 23652 23655 23658 23661 23664 23667 23670 23673 23676 23679 23682 23685 23688 23691 23694 23697 23700 23703 23706 23709 23712 23715 23718 23721 23724 23727 23730 23733 23736 23739 23742 23745 23748 23751 23754 23757 23760 23763 23766 23769 23772 23775 23778 23781 23784 23787 23790 23793 23796 23799 23802 23805 23808 23811 23814 23817 23820 23823 23826 23829 23832 23835 23838 23841 23844 23847 23850 23853 23856 23859 23862 23865 23868 23871 23874 23877 23880 23883 23886 23889 23892 23895 23898 23901 23904 23907 23910 23913 23916 23919 23922 23925 23928 23931 23934 23937 23940 23943 23946 23949 23952 23955 23958 23961 23964 23967 23970 23973 23976 23979 23982 23985 23988 23991 23994 23997 24000 24003 24006 24009 24012 24015 24018 24021 24024 24027 24030 24033 24036 24039 24042 24045 24048 24051 24054 24057 24060 24063 24066 24069 24072 24075 24078 24081 24084 24087 24090 24093 24096 24099 24102 24105 24108 24111 24114 24117 24120 24123 24126 24129 24132 24135 24138 24141 24144 24147 24150 24153 24156 24159 24162 24165 24168 24171 24174 24177 24180 24183 24186 24189 24192 24195 24198 24201 24204 24207 24210 24213 24216 24219 24222 24225 24228 24231 24234 24237 24240 24243 24246 24249 24252 24255 24258 24261 24264 24267 24270 24273 24276 24279 24282 24285 24288 24291 24294 24297 24300 24303 24306 24309 24312 24315 24318 24321 24324 24327 24330 24333 24336 24339 24342 24345 24348 24351 24354 24357 24360 24363 24366 24369 24372 24375 24378 24381 24384 24387 24390 24393 24396 24399 24402 24405 24408 24411 24414 24417 24420 24423 24426 24429 24432 24435 24438 24441 24444 24447 24450 24453 24456 24459 24462 24465 24468 24471 24474 24477 24480 24483 24486 24489 24492 24495 24498 24501 24504 24507 24510 24513 24516 24519 24522 24525 24528 24531 24534 24537 24540 24543 24546 24549 24552 24555 24558 24561 24564 24567 24570 24573 24576 </DataArray>
<DataArray  type="UInt8"  Name="types"  format="ascii">5 5 5 5 5 5 5 5 5 5 5 5 5 5 5 5 5 5 5 5 5 5 5 5 5 5 5 5 5 5 5 5 5 5 5 5 5 5 5 5 5 5 5 5 5 5 5 5 5 5 5 5 5 5 5 5 5 5 5 5 5 5 5 5 5 5 5 5 5 5 5 5 5 5 5 5 5 5 5 5 5 5 5 5 5 5 5 5 5 5 5 5 5 5 5 5 5 5 5 5 5 5 5 5 5 5 5 5 5 5 5 5 5 5 5 5 5 5 5 5 5 5 5 5 5 5 5 5 5 5 5 5 5 5 5 5 5 5 5 5 5 5 5 5 5 5 5 5 5 5 5 5 5 5 5 5 5 5 5 5 5 5 5 5 5 5 5 5 5 5 5 5 5 5 5 5 5 5 5 5 5 5 5 5 5 5 5 5 5 5 5 5 5 5 5 5 5 5 5 5 5 5 5 5 5 5 5 5 5 5 5 5 5 5 5 5 5 5 5 5 5 5 5 5 5 5 5 5 5 5 5 5 5 5 5 5 5 5 5 5 5 5 5 5 5 5 5 5 5 5 5 5 5 5 5 5 5 5 5 5 5 5 5 5 5 5 5 5 5 5 5 5 5 5 5 5 5 5 5 5 5 5 5 5 5 5 5 5 5 5 5 5 5 5 5 5 5 5 5 5 5 5 5 5 5 5 5 5 5 5 5 5 5 5 5 5 5 5 5 5 5 5 5 5 5 5 5 5 5 5 5 5 5 5 5 5 5 5 5 5 5 5 5 5 5 5 5 5 5 5 5 5 5 5 5 5 5 5 5 5 5 5 5 5 5 5 5 5 5 5 5 5 5 5 5 5 5 5 5 5 5 5 5 5 5 5 5 5 5 5 5 5 5 5 5 5 5 5 5 5 5 5 5 5 5 5 5 5 5 5 5 5 5 5 5 5 5 5 5 5 5 5 5 5 5 5 5 5 5 5 5 5 5 5 5 5 5 5 5 5 5 5 5 5 5 5 5 5 5 5 5 5 5 5 5 5 5 5 5 5 5 5 5 5 5 5 5 5 5 5 5 5 5 5 5 5 5 5 5 5 5 5 5 5 5 5 5 5 5 5 5 5 5 5 5 5 5 5 5 5 5 5 5 5 5 5 5 5 5 5 5 5 5 5 5 5 5 5 5 5 5 5 5 5 5 5 5 5 5 5 5 5 5 5 5 5 5 5 5 5 5 5 5 5 5 5 5 5 5 5 5 5 5 5 5 5 5 5 5 5 5 5 5 5 5 5 5 5 5 5 5 5 5 5 5 5 5 5 5 5 5 5 5 5 5 5 5 5 5 5 5 5 5 5 5 5 5 5 5 5 5 5 5 5 5 5 5 5 5 5 5 5 5 5 5 5 5 5 5 5 5 5 5 5 5 5 5 5 5 5 5 5 5 5 5 5 5 5 5 5 5 5 5 5 5 5 5 5 5 5 5 5 5 5 5 5 5 5 5 5 5 5 5 5 5 5 5 5 5 5 5 5 5 5 5 5 5 5 5 5 5 5 5 5 5 5 5 5 5 5 5 5 5 5 5 5 5 5 5 5 5 5 5 5 5 5 5 5 5 5 5 5 5 5 5 5 5 5 5 5 5 5 5 5 5 5 5 5 5 5 5 5 5 5 5 5 5 5 5 5 5 5 5 5 5 5 5 5 5 5 5 5 5 5 5 5 5 5 5 5 5 5 5 5 5 5 5 5 5 5 5 5 5 5 5 5 5 5 5 5 5 5 5 5 5 5 5 5 5 5 5 5 5 5 5 5 5 5 5 5 5 5 5 5 5 5 5 5 5 5 5 5 5 5 5 5 5 5 5 5 5 5 5 5 5 5 5 5 5 5 5 5 5 5 5 5 5 5 5 5 5 5 5 5 5 5 5 5 5 5 5 5 5 5 5 5 5 5 5 5 5 5 5 5 5 5 5 5 5 5 5 5 5 5 5 5 5 5 5 5 5 5 5 5 5 5 5 5 5 5 5 5 5 5 5 5 5 5 5 5 5 5 5 5 5 5 5 5 5 5 5 5 5 5 5 5 5 5 5 5 5 5 5 5 5 5 5 5 5 5 5 5 5 5 5 5 5 5 5 5 5 5 5 5 5 5 5 5 5 5 5 5 5 5 5 5 5 5 5 5 5 5 5 5 5 5 5 5 5 5 5 5 5 5 5 5 5 5 5 5 5 5 5 5 5 5 5 5 5 5 5 5 5 5 5 5 5 5 5 5 5 5 5 5 5 5 5 5 5 5 5 5 5 5 5 5 5 5 5 5 5 5 5 5 5 5 5 5 5 5 5 5 5 5 5 5 5 5 5 5 5 5 5 5 5 5 5 5 5 5 5 5 5 5 5 5 5 5 5 5 5 5 5 5 5 5 5 5 5 5 5 5 5 5 5 5 5 5 5 5 5 5 5 5 5 5 5 5 5 5 5 5 5 5 5 5 5 5 5 5 5 5 5 5 5 5 5 5 5 5 5 5 5 5 5 5 5 5 5 5 5 5 5 5 5 5 5 5 5 5 5 5 5 5 5 5 5 5 5 5 5 5 5 5 5 5 5 5 5 5 5 5 5 5 5 5 5 5 5 5 5 5 5 5 5 5 5 5 5 5 5 5 5 5 5 5 5 5 5 5 5 5 5 5 5 5 5 5 5 5 5 5 5 5 5 5 5 5 5 5 5 5 5 5 5 5 5 5 5 5 5 5 5 5 5 5 5 5 5 5 5 5 5 5 5 5 5 5 5 5 5 5 5 5 5 5 5 5 5 5 5 5 5 5 5 5 5 5 5 5 5 5 5 5 5 5 5 5 5 5 5 5 5 5 5 5 5 5 5 5 5 5 5 5 5 5 5 5 5 5 5 5 5 5 5 5 5 5 5 5 5 5 5 5 5 5 5 5 5 5 5 5 5 5 5 5 5 5 5 5 5 5 5 5 5 5 5 5 5 5 5 5 5 5 5 5 5 5 5 5 5 5 5 5 5 5 5 5 5 5 5 5 5 5 5 5 5 5 5 5 5 5 5 5 5 5 5 5 5 5 5 5 5 5 5 5 5 5 5 5 5 5 5 5 5 5 5 5 5 5 5 5 5 5 5 5 5 5 5 5 5 5 5 5 5 5 5 5 5 5 5 5 5 5 5 5 5 5 5 5 5 5 5 5 5 5 5 5 5 5 5 5 5 5 5 5 5 5 5 5 5 5 5 5 5 5 5 5 5 5 5 5 5 5 5 5 5 5 5 5 5 5 5 5 5 5 5 5 5 5 5 5 5 5 5 5 5 5 5 5 5 5 5 5 5 5 5 5 5 5 5 5 5 5 5 5 5 5 5 5 5 5 5 5 5 5 5 5 5 5 5 5 5 5 5 5 5 5 5 5 5 5 5 5 5 5 5 5 5 5 5 5 5 5 5 5 5 5 5 5 5 5 5 5 5 5 5 5 5 5 5 5 5 5 5 5 5 5 5 5 5 5 5 5 5 5 5 5 5 5 5 5 5 5 5 5 5 5 5 5 5 5 5 5 5 5 5 5 5 5 5 5 5 5 5 5 5 5 5 5 5 5 5 5 5 5 5 5 5 5 5 5 5 5 5 5 5 5 5 5 5 5 5 5 5 5 5 5 5 5 5 5 5 5 5 5 5 5 5 5 5 5 5 5 5 5 5 5 5 5 5 5 5 5 5 5 5 5 5 5 5 5 5 5 5 5 5 5 5 5 5 5 5 5 5 5 5 5 5 5 5 5 5 5 5 5 5 5 5 5 5 5 5 5 5 5 5 5 5 5 5 5 5 5 5 5 5 5 5 5 5 5 5 5 5 5 5 5 5 5 5 5 5 5 5 5 5 5 5 5 5 5 5 5 5 5 5 5 5 5 5 5 5 5 5 5 5 5 5 5 5 5 5 5 5 5 5 5 5 5 5 5 5 5 5 5 5 5 5 5 5 5 5 5 5 5 5 5 5 5 5 5 5 5 5 5 5 5 5 5 5 5 5 5 5 5 5 5 5 5 5 5 5 5 5 5 5 5 5 5 5 5 5 5 5 5 5 5 5 5 5 5 5 5 5 5 5 5 5 5 5 5 5 5 5 5 5 5 5 5 5 5 5 5 5 5 5 5 5 5 5 5 5 5 5 5 5 5 5 5 5 5 5 5 5 5 5 5 5 5 5 5 5 5 5 5 5 5 5 5 5 5 5 5 5 5 5 5 5 5 5 5 5 5 5 5 5 5 5 5 5 5 5 5 5 5 5 5 5 5 5 5 5 5 5 5 5 5 5 5 5 5 5 5 5 5 5 5 5 5 5 5 5 5 5 5 5 5 5 5 5 5 5 5 5 5 5 5 5 5 5 5 5 5 5 5 5 5 5 5 5 5 5 5 5 5 5 5 5 5 5 5 5 5 5 5 5 5 5 5 5 5 5 5 5 5 5 5 5 5 5 5 5 5 5 5 5 5 5 5 5 5 5 5 5 5 5 5 5 5 5 5 5 5 5 5 5 5 5 5 5 5 5 5 5 5 5 5 5 5 5 5 5 5 5 5 5 5 5 5 5 5 5 5 5 5 5 5 5 5 5 5 5 5 5 5 5 5 5 5 5 5 5 5 5 5 5 5 5 5 5 5 5 5 5 5 5 5 5 5 5 5 5 5 5 5 5 5 5 5 5 5 5 5 5 5 5 5 5 5 5 5 5 5 5 5 5 5 5 5 5 5 5 5 5 5 5 5 5 5 5 5 5 5 5 5 5 5 5 5 5 5 5 5 5 5 5 5 5 5 5 5 5 5 5 5 5 5 5 5 5 5 5 5 5 5 5 5 5 5 5 5 5 5 5 5 5 5 5 5 5 5 5 5 5 5 5 5 5 5 5 5 5 5 5 5 5 5 5 5 5 5 5 5 5 5 5 5 5 5 5 5 5 5 5 5 5 5 5 5 5 5 5 5 5 5 5 5 5 5 5 5 5 5 5 5 5 5 5 5 5 5 5 5 5 5 5 5 5 5 5 5 5 5 5 5 5 5 5 5 5 5 5 5 5 5 5 5 5 5 5 5 5 5 5 5 5 5 5 5 5 5 5 5 5 5 5 5 5 5 5 5 5 5 5 5 5 5 5 5 5 5 5 5 5 5 5 5 5 5 5 5 5 5 5 5 5 5 5 5 5 5 5 5 5 5 5 5 5 5 5 5 5 5 5 5 5 5 5 5 5 5 5 5 5 5 5 5 5 5 5 5 5 5 5 5 5 5 5 5 5 5 5 5 5 5 5 5 5 5 5 5 5 5 5 5 5 5 5 5 5 5 5 5 5 5 5 5 5 5 5 5 5 5 5 5 5 5 5 5 5 5 5 5 5 5 5 5 5 5 5 5 5 5 5 5 5 5 5 5 5 5 5 5 5 5 5 5 5 5 5 5 5 5 5 5 5 5 5 5 5 5 5 5 5 5 5 5 5 5 5 5 5 5 5 5 5 5 5 5 5 5 5 5 5 5 5 5 5 5 5 5 5 5 5 5 5 5 5 5 5 5 5 5 5 5 5 5 5 5 5 5 5 5 5 5 5 5 5 5 5 5 5 5 5 5 5 5 5 5 5 5 5 5 5 5 5 5 5 5 5 5 5 5 5 5 5 5 5 5 5 5 5 5 5 5 5 5 5 5 5 5 5 5 5 5 5 5 5 5 5 5 5 5 5 5 5 5 5 5 5 5 5 5 5 5 5 5 5 5 5 5 5 5 5 5 5 5 5 5 5 5 5 5 5 5 5 5 5 5 5 5 5 5 5 5 5 5 5 5 5 5 5 5 5 5 5 5 5 5 5 5 5 5 5 5 5 5 5 5 5 5 5 5 5 5 5 5 5 5 5 5 5 5 5 5 5 5 5 5 5 5 5 5 5 5 5 5 5 5 5 5 5 5 5 5 5 5 5 5 5 5 5 5 5 5 5 5 5 5 5 5 5 5 5 5 5 5 5 5 5 5 5 5 5 5 5 5 5 5 5 5 5 5 5 5 5 5 5 5 5 5 5 5 5 5 5 5 5 5 5 5 5 5 5 5 5 5 5 5 5 5 5 5 5 5 5 5 5 5 5 5 5 5 5 5 5 5 5 5 5 5 5 5 5 5 5 5 5 5 5 5 5 5 5 5 5 5 5 5 5 5 5 5 5 5 5 5 5 5 5 5 5 5 5 5 5 5 5 5 5 5 5 5 5 5 5 5 5 5 5 5 5 5 5 5 5 5 5 5 5 5 5 5 5 5 5 5 5 5 5 5 5 5 5 5 5 5 5 5 5 5 5 5 5 5 5 5 5 5 5 5 5 5 5 5 5 5 5 5 5 5 5 5 5 5 5 5 5 5 5 5 5 5 5 5 5 5 5 5 5 5 5 5 5 5 5 5 5 5 5 5 5 5 5 5 5 5 5 5 5 5 5 5 5 5 5 5 5 5 5 5 5 5 5 5 5 5 5 5 5 5 5 5 5 5 5 5 5 5 5 5 5 5 5 5 5 5 5 5 5 5 5 5 5 5 5 5 5 5 5 5 5 5 5 5 5 5 5 5 5 5 5 5 5 5 5 5 5 5 5 5 5 5 5 5 5 5 5 5 5 5 5 5 5 5 5 5 5 5 5 5 5 5 5 5 5 5 5 5 5 5 5 5 5 5 5 5 5 5 5 5 5 5 5 5 5 5 5 5 5 5 5 5 5 5 5 5 5 5 5 5 5 5 5 5 5 5 5 5 5 5 5 5 5 5 5 5 5 5 5 5 5 5 5 5 5 5 5 5 5 5 5 5 5 5 5 5 5 5 5 5 5 5 5 5 5 5 5 5 5 5 5 5 5 5 5 5 5 5 5 5 5 5 5 5 5 5 5 5 5 5 5 5 5 5 5 5 5 5 5 5 5 5 5 5 5 5 5 5 5 5 5 5 5 5 5 5 5 5 5 5 5 5 5 5 5 5 5 5 5 5 5 5 5 5 5 5 5 5 5 5 5 5 5 5 5 5 5 5 5 5 5 5 5 5 5 5 5 5 5 5 5 5 5 5 5 5 5 5 5 5 5 5 5 5 5 5 5 5 5 5 5 5 5 5 5 5 5 5 5 5 5 5 5 5 5 5 5 5 5 5 5 5 5 5 5 5 5 5 5 5 5 5 5 5 5 5 5 5 5 5 5 5 5 5 5 5 5 5 5 5 5 5 5 5 5 5 5 5 5 5 5 5 5 5 5 5 5 5 5 5 5 5 5 5 5 5 5 5 5 5 5 5 5 5 5 5 5 5 5 5 5 5 5 5 5 5 5 5 5 5 5 5 5 5 5 5 5 5 5 5 5 5 5 5 5 5 5 5 5 5 5 5 5 5 5 5 5 5 5 5 5 5 5 5 5 5 5 5 5 5 5 5 5 5 5 5 5 5 5 5 5 5 5 5 5 5 5 5 5 5 5 5 5 5 5 5 5 5 5 5 5 5 5 5 5 5 5 5 5 5 5 5 5 5 5 5 5 5 5 5 5 5 5 5 5 5 5 5 5 5 5 5 5 5 5 5 5 5 5 5 5 5 5 5 5 5 5 5 5 5 5 5 5 5 5 5 5 5 5 5 5 5 5 5 5 5 5 5 5 5 5 5 5 5 5 5 5 5 5 5 5 5 5 5 5 5 5 5 5 5 5 5 5 5 5 5 5 5 5 5 5 5 5 5 5 5 5 5 5 5 5 5 5 5 5 5 5 5 5 5 5 5 5 5 5 5 5 5 5 5 5 5 5 5 5 5 5 5 5 5 5 5 5 5 5 5 5 5 5 5 5 5 5 5 5 5 5 5 5 5 5 5 5 5 5 5 5 5 5 5 5 5 5 5 5 5 5 5 5 5 5 5 5 5 5 5 5 5 5 5 5 5 5 5 5 5 5 5 5 5 5 5 5 5 5 5 5 5 5 5 5 5 5 5 5 5 5 5 5 5 5 5 5 5 5 5 5 5 5 5 5 5 5 5 5 5 5 5 5 5 5 5 5 5 5 5 5 5 5 5 5 5 5 5 5 5 5 5 5 5 5 5 5 5 5 5 5 5 5 5 5 5 5 5 5 5 5 5 5 5 5 5 5 5 5 5 5 5 5 5 5 5 5 5 5 5 5 5 5 5 5 5 5 5 5 5 5 5 5 5 5 5 5 5 5 5 5 5 5 5 5 5 5 5 5 5 5 5 5 5 5 5 5 5 5 5 5 5 5 5 5 5 5 5 5 5 5 5 5 5 5 5 5 5 5 5 5 5 5 5 5 5 5 5 5 5 5 5 5 5 5 5 5 5 5 5 5 5 5 5 5 5 5 5 5 5 5 5 5 5 5 5 5 5 5 5 5 5 5 5 5 5 5 5 5 5 5 5 5 5 5 5 5 5 5 5 5 5 5 5 5 5 5 5 5 5 5 5 5 5 5 5 5 5 5 5 5 5 5 5 5 5 5 5 5 5 5 5 5 5 5 5 5 5 5 5 5 5 5 5 5 5 5 5 5 5 5 5 5 5 5 5 5 5 5 5 5 5 5 5 5 5 5 5 5 5 5 5 5 5 5 5 5 5 5 5 5 5 5 5 5 5 5 5 5 5 5 5 5 5 5 5 5 5 5 5 5 5 5 5 5 5 5 5 5 5 5 5 5 5 5 5 5 5 5 5 5 5 5 5 5 5 5 5 5 5 5 5 5 5 5 5 5 5 5 5 5 5 5 5 5 5 5 5 5 5 5 5 5 5 5 5 5 5 5 5 5 5 5 5 5 5 5 5 5 5 5 5 5 5 5 5 5 5 5 5 5 5 5 5 5 5 5 5 5 5 5 5 5 5 5 5 5 5 5 5 5 5 5 5 5 5 5 5 5 5 5 5 5 5 5 5 5 5 5 5 5 5 5 5 5 5 5 5 5 5 5 5 5 5 5 5 5 5 5 5 5 5 5 5 5 5 5 5 5 5 5 5 5 5 5 5 5 5 5 5 5 5 5 5 5 5 5 5 5 5 5 5 5 5 5 5 5 5 5 5 5 5 5 5 5 5 5 5 5 5 5 5 5 5 5 5 5 5 5 5 5 5 5 5 5 5 5 5 5 5 5 5 5 5 5 5 5 5 5 5 5 5 5 5 5 5 5 5 5 5 5 5 5 5 5 5 5 5 5 5 5 5 5 5 5 5 5 5 5 5 5 5 5 5 5 5 5 5 5 5 5 5 5 5 5 5 5 5 5 5 5 5 5 5 5 5 5 5 5 5 5 5 5 5 5 5 5 5 5 5 5 5 5 5 5 5 5 5 5 5 5 5 5 5 5 5 5 5 5 5 5 5 5 5 5 5 5 5 5 5 5 5 5 5 5 5 5 5 5 5 5 5 5 5 5 5 5 5 5 5 5 5 5 5 5 5 5 5 5 5 5 5 5 5 5 5 5 5 5 5 5 5 5 5 5 5 5 5 5 5 5 5 5 5 5 5 5 5 5 5 5 5 5 5 5 5 5 5 5 5 5 5 5 5 5 5 5 5 5 5 5 5 5 5 5 5 5 5 5 5 5 5 5 5 5 5 5 5 5 5 5 5 5 5 5 5 5 5 5 5 5 5 5 5 5 5 5 5 5 5 5 5 5 5 5 5 5 5 5 5 5 5 5 5 5 5 5 5 5 5 5 5 5 5 5 5 5 5 5 5 5 5 5 5 5 5 5 5 5 5 5 5 5 5 5 5 5 5 5 5 5 5 5 5 5 5 5 5 5 5 5 5 5 5 5 5 5 5 5 5 5 5 5 5 5 5 5 5 5 5 5 5 5 5 5 5 5 5 5 5 5 5 5 5 5 5 5 5 5 5 5 5 5 5 5 5 5 5 5 5 5 5 5 5 5 5 5 5 5 5 5 5 5 5 5 5 5 5 5 5 5 5 5 5 5 5 5 5 5 5 5 5 5 5 5 5 5 5 5 5 5 5 5 5 5 5 5 5 5 5 5 5 5 5 5 5 5 5 5 5 5 5 5 5 5 5 5 5 5 5 5 5 5 5 5 5 5 5 5 5 5 5 5 5 5 5 5 5 5 5 5 5 5 5 5 5 5 5 5 5 5 5 5 5 5 5 5 5 5 5 5 5 5 5 5 5 5 5 5 5 5 5 5 5 5 5 5 5 5 5 5 5 5 5 5 5 5 5 5 5 5 5 5 5 5 5 5 5 5 5 5 5 5 5 5 5 5 5 5 5 5 5 5 5 5 5 5 5 5 5 5 5 5 5 5 5 5 5 5 5 5 5 5 5 5 5 5 5 5 5 5 5 5 5 5 5 5 5 5 5 5 5 5 5 5 5 5 5 5 5 5 5 5 5 5 5 5 5 5 5 5 5 5 5 5 5 5 5 5 5 5 5 5 5 5 5 5 5 5 5 5 5 5 5 5 5 5 5 5 5 5 5 5 5 5 5 5 5 5 5 5 5 5 5 5 5 5 5 5 5 5 5 5 5 5 5 5 5 5 5 5 5 5 5 5 5 5 5 5 5 5 5 5 5 5 5 5 5 5 5 5 5 5 5 5 5 5 5 5 5 5 5 5 5 5 5 5 5 5 5 5 5 5 5 5 5 5 5 5 5 5 5 5 5 5 5 5 5 5 5 5 5 5 5 5 5 5 5 5 5 5 5 5 5 5 5 5 5 5 5 5 5 5 5 5 5 5 5 5 5 5 5 5 5 5 5 5 5 5 5 5 5 5 5 5 5 5 5 5 5 5 5 5 5 5 5 5 5 5 5 5 5 5 5 5 5 5 5 5 5 5 5 5 5 5 5 5 5 5 5 5 5 5 5 5 5 5 5 5 5 5 5 5 5 5 5 5 5 5 5 5 5 5 5 5 5 5 5 5 5 5 5 5 5 5 5 5 5 5 5 5 5 5 5 5 5 5 5 5 5 5 5 5 5 5 5 5 5 5 5 5 5 5 5 5 5 5 5 5 5 5 5 5 5 5 5 5 5 5 5 5 5 5 5 5 5 5 5 5 5 5 5 5 5 5 5 5 5 5 5 5 5 5 5 5 5 5 5 5 5 5 5 5 5 5 5 5 5 5 5 5 5 5 5 5 5 5 5 5 5 5 5 5 5 5 5 5 5 5 5 5 5 5 5 5 5 5 5 5 5 5 5 5 5 5 5 5 5 5 5 5 5 5 5 5 5 5 5 5 5 5 5 5 5 5 5 5 5 5 5 5 5 5 5 5 5 5 5 5 5 5 5 5 5 5 5 5 5 5 5 5 5 5 5 5 5 5 5 5 5 5 5 5 5 5 5 5 5 5 5 5 5 5 5 5 5 5 5 5 5 5 5 5 5 5 5 5 5 5 5 5 5 5 5 5 5 5 5 5 5 5 5 5 5 5 5 5 5 5 5 5 5 5 5 5 5 5 5 5 5 5 5 5 5 5 5 5 5 5 5 5 5 5 5 5 5 5 5 5 5 5 5 5 5 5 5 5 5 5 5 5 5 5 5 5 5 5 5 5 5 5 5 5 5 5 5 5 5 5 5 5 5 5 5 5 5 5 5 5 5 5 5 5 5 5 5 5 5 5 5 5 5 5 5 5 5 5 5 5 5 5 5 5 5 5 5 5 5 5 5 5 5 5 5 5 5 5 5 5 5 5 5 5 5 5 5 5 5 5 5 5 5 5 5 5 5 5 5 5 5 5 5 5 5 5 5 5 5 5 5 5 5 5 5 5 5 5 5 5 5 5 5 5 5 5 5 5 5 5 5 5 5 5 5 5 5 5 5 5 5 5 5 5 5 5 5 5 5 5 5 5 5 5 5 5 5 5 5 5 5 5 5 5 5 5 5 5 5 5 5 5 5 5 5 5 5 5 5 5 5 5 5 5 5 5 5 5 5 5 5 5 5 5 5 5 5 5 5 5 5 5 5 5 5 5 5 5 5 5 5 5 5 5 5 5 5 5 5 5 5 5 5 5 5 5 5 5 5 5 5 5 5 5 5 5 5 5 5 5 5 5 5 5 5 5 5 5 5 5 5 5 5 5 5 5 5 5 5 5 5 5 5 5 5 5 5 5 5 5 5 5 5 5 5 5 5 5 5 5 5 5 5 5 5 5 5 5 5 5 5 5 5 5 5 5 5 5 5 5 5 5 5 5 5 5 5 5 5 5 5 5 5 5 5 5 5 5 5 5 5 5 5 5 5 5 5 5 5 5 5 5 5 5 5 5 5 5 5 5 5 5 5 5 5 5 5 5 5 5 5 5 5 5 5 5 5 5 5 5 5 5 5 5 5 5 5 5 5 5 5 5 5 5 5 5 5 5 5 5 5 5 5 5 5 5 5 5 5 5 5 5 5 5 5 5 5 5 5 5 5 5 5 5 5 5 5 5 5 5 5 5 5 5 5 5 5 5 5 5 5 5 5 5 5 5 5 5 5 5 5 5 5 5 5 5 5 5 5 5 5 5 5 5 5 5 5 5 5 5 5 5 5 5 5 5 5 5 5 5 5 5 5 5 5 5 5 5 5 5 5 5 5 5 5 5 5 5 5 5 5 5 5 5 5 5 5 5 5 5 5 5 5 5 5 5 5 5 5 5 5 5 5 5 5 5 5 5 5 5 5 5 5 5 5 5 5 5 5 5 5 5 5 5 5 5 5 5 5 5 5 5 5 5 5 5 5 5 5 5 5 5 5 5 5 5 5 5 5 5 5 5 5 5 5 5 5 5 5 5 5 5 5 5 5 5 5 5 5 5 5 5 5 5 5 5 5 5 5 5 5 5 5 5 5 5 5 5 5 5 5 5 5 5 5 5 5 5 5 5 5 5 5 5 5 5 5 5 5 5 5 5 5 5 5 5 5 5 5 5 5 5 5 5 5 5 5 5 5 5 5 5 5 5 5 5 5 5 5 5 5 5 5 5 5 5 5 5 5 5 5 5 5 5 5 5 5 5 5 5 5 5 5 5 5 5 5 5 5 5 5 5 5 5 5 5 5 5 5 5 5 5 5 5 5 5 5 5 5 5 5 5 5 5 5 5 5 5 5 5 5 5 5 5 5 5 5 5 5 5 5 5 5 5 5 5 5 5 5 5 5 5 5 5 5 5 5 5 5 5 5 5 5 5 5 5 5 5 5 5 5 5 5 5 5 5 5 5 5 5 5 5 5 5 5 5 5 5 5 5 5 5 5 5 5 5 5 5 5 5 5 5 5 5 5 5 5 5 5 5 5 5 5 5 5 5 5 5 5 5 5 5 5 5 5 5 5 5 5 5 5 5 5 5 5 5 5 5 5 5 5 5 5 5 5 5 5 5 5 5 5 5 5 5 5 5 5 5 5 5 5 5 5 5 5 5 5 5 5 5 5 5 5 5 5 5 5 5 5 5 5 5 5 5 5 5 5 5 5 5 5 5 5 5 5 5 5 5 5 5 5 5 5 5 5 5 5 5 5 5 5 5 5 5 5 5 5 5 5 5 5 5 5 5 5 5 5 5 5 5 5 5 5 5 5 5 5 5 5 5 5 5 5 5 5 5 5 5 5 5 5 5 5 5 5 5 5 5 5 5 5 5 5 5 5 5 5 5 5 5 5 5 5 5 5 5 5 5 5 5 5 5 5 5 5 5 5 5 5 5 5 5 5 5 5 5 5 5 5 5 5 5 5 5 5 5 5 5 5 5 5 5 5 5 5 5 5 5 5 5 5 5 5 5 5 5 5 5 5 5 5 5 5 5 5 5 5 5 5 5 5 5 5 5 5 5 5 5 5 5 5 5 5 5 5 5 5 5 5 5 5 5 5 5 5 5 5 5 5 5 5 5 5 5 5 5 5 5 5 5 5 5 5 5 5 5 5 5 5 5 5 5 5 5 5 5 5 5 5 5 5 5 5 5 5 5 5 5 5 5 5 5 5 5 5 5 5 5 5 5 5 5 5 5 5 5 5 5 5 5 5 5 5 5 5 5 5 5 5 5 5 5 5 5 5 5 5 5 5 5 5 5 5 5 5 5 5 5 5 5 5 5 5 5 5 5 5 5 5 5 5 5 5 5 5 5 5 5 5 5 5 5 5 5 5 5 5 5 5 5 5 5 5 5 5 5 5 5 5 5 5 5 5 5 5 5 5 5 5 5 5 5 5 5 5 5 5 5 5 5 5 5 5 5 5 5 5 5 5 5 5 5 5 5 5 5 5 5 5 5 5 5 5 5 5 5 5 5 5 5 5 5 5 5 5 5 5 5 5 5 5 5 5 5 5 5 5 5 5 5 5 5 5 5 5 5 5 5 5 5 5 5 5 5 5 5 5 5 5 5 5 5 5 5 5 5 5 5 5 5 5 5 5 5 5 5 5 5 5 5 5 5 5 5 5 5 5 5 5 5 5 5 5 5 5 5 5 5 5 5 5 5 5 5 5 5 5 5 5 5 5 5 5 5 5 5 5 5 5 5 5 5 5 5 5 5 5 5 5 5 5 5 5 5 5 5 5 5 5 5 5 5 5 5 5 5 5 5 5 5 5 5 5 5 5 5 5 5 5 5 5 5 5 5 5 5 5 5 5 5 5 5 5 5 5 5 5 5 5 5 5 5 5 5 5 5 5 5 5 5 5 5 5 5 5 5 5 5 5 5 5 5 5 5 5 5 5 5 5 5 5 5 5 5 5 5 5 5 5 5 5 5 5 5 5 5 5 5 5 5 5 5 5 5 5 5 5 5 5 5 5 5 5 5 5 5 5 5 5 5 5 5 5 5 5 5 5 5 5 5 5 5 5 5 5 5 5 5 5 5 5 5 5 5 5 5 5 5 5 5 5 5 5 5 5 5 5 5 5 5 5 5 5 5 5 5 5 5 5 5 5 5 5 5 5 5 5 5 5 5 5 5 5 5 5 5 5 5 5 5 5 5 5 5 5 5 5 5 5 5 5 5 5 5 5 5 5 5 5 5 5 5 5 5 5 5 5 5 5 5 5 5 5 5 5 5 5 5 5 5 5 5 5 5 5 5 5 5 5 5 5 5 5 5 5 5 5 5 5 5 5 5 5 5 5 5 5 5 5 5 5 5 5 5 5 5 5 5 5 5 5 5 5 5 5 5 5 5 5 5 5 5 5 5 5 5 5 5 5 5 5 5 5 5 5 5 5 5 5 5 5 5 5 5 5 5 5 5 5 5 5 5 5 5 5 5 5 5 5 5 5 5 5 5 5 5 5 5 5 5 5 5 5 5 5 5 5 5 5 5 5 5 5 5 5 5 5 5 5 5 5 5 5 5 5 5 5 5 5 5 5 5 5 5 5 5 5 5 5 5 5 5 5 5 5 5 5 5 5 5 5 5 5 5 5 5 5 5 5 5 5 5 5 5 5 5 5 5 5 5 5 5 5 5 5 5 5 5 5 5 5 5 5 5 5 5 5 5 5 5 5 5 5 5 5 5 5 5 5 5 5 5 5 5 5 5 5 5 5 5 5 5 5 5 5 5 5 5 5 5 5 5 5 5 5 5 5 5 5 5 5 5 5 5 5 5 5 5 5 5 5 5 5 5 5 5 5 5 5 5 5 5 5 5 5 5 5 5 5 5 5 5 5 5 5 5 5 5 5 5 5 5 5 5 5 5 5 5 5 5 5 5 5 5 5 5 5 5 5 5 5 5 5 5 5 5 5 5 5 5 5 5 5 5 5 5 5 5 5 5 5 5 5 5 5 5 5 5 5 5 5 5 5 5 5 5 5 5 5 5 5 5 5 5 5 5 5 5 5 5 5 5 5 5 5 5 5 5 5 5 5 5 5 5 5 5 5 5 5 5 5 5 5 5 5 5 5 5 5 5 5 5 5 5 5 5 5 5 5 5 5 5 5 5 5 5 5 5 5 5 5 5 5 5 5 5 5 5 5 5 5 5 5 5 5 5 5 5 5 5 5 5 5 5 5 5 5 5 5 5 5 5 5 5 5 5 5 5 5 5 5 5 5 5 5 5 5 5 5 5 5 5 5 5 5 5 5 5 5 5 5 5 5 5 5 5 5 5 5 5 5 5 5 5 5 5 5 5 5 5 5 5 5 5 5 5 5 5 5 5 5 5 5 5 5 5 5 5 5 5 5 5 5 5 5 5 5 5 5 5 5 5 5 5 5 5 5 5 5 5 5 5 5 5 5 5 5 5 5 5 5 5 5 5 5 5 5 5 5 5 5 5 5 5 5 5 5 5 5 5 5 5 5 5 5 5 5 5 5 5 5 5 5 5 5 5 5 5 5 5 5 5 5 5 5 5 5 5 5 5 5 5 5 5 5 5 5 5 5 5 5 5 5 5 5 5 5 5 5 5 5 5 5 5 5 5 5 5 5 5 5 5 5 5 5 5 5 5 5 5 5 5 5 5 5 5 5 5 5 5 5 5 5 5 5 5 5 5 5 5 5 5 5 5 5 5 5 5 5 5 5 5 5 5 5 5 5 5 5 5 5 5 5 5 5 5 5 5 5 5 5 5 5 5 5 5 5 5 5 5 5 5 5 5 5 5 5 5 5 5 5 5 5 5 5 5 5 5 5 5 5 5 5 5 5 5 5 5 5 5 5 5 5 5 5 5 5 5 5 5 5 5 5 5 5 5 5 5 5 5 5 5 5 5 5 5 5 5 5 5 5 5 5 5 5 5 5 5 5 5 5 5 5 5 5 5 5 5 5 5 5 5 5 5 5 5 5 5 5 5 5 5 5 5 5 5 5 5 5 5 5 5 5 5 5 5 5 5 5 5 5 5 5 5 5 5 5 5 5 5 5 5 5 5 5 5 5 5 5 5 5 5 5 5 5 5 5 5 5 5 5 5 5 5 5 5 5 5 5 5 5 5 5 5 5 5 5 5 5 5 5 5 5 5 5 5 5 5 5 5 5 5 5 5 5 5 5 5 5 5 5 5 5 5 5 5 5 5 5 5 5 5 5 5 5 5 5 5 5 5 5 5 5 5 5 5 5 5 5 5 5 5 5 5 5 5 5 5 5 5 5 5 5 5 5 5 5 5 5 5 5 5 5 5 5 5 5 5 5 5 5 5 5 5 5 5 5 5 5 5 5 5 5 5 5 5 5 5 5 5 5 5 5 5 5 5 5 5 5 5 5 5 5 5 5 5 5 5 5 5 5 5 5 5 5 5 5 5 5 5 5 5 5 5 5 5 5 5 5 5 5 5 5 5 5 5 5 5 5 5 5 5 5 5 5 5 5 5 5 5 5 5 5 5 5 5 5 5 5 5 5 5 5 5 5 5 5 5 5 5 5 5 5 5 5 5 5 5 5 5 5 5 5 5 5 5 5 5 5 5 5 5 5 5 5 5 5 5 5 5 5 5 5 5 5 5 5 5 5 5 5 5 5 5 5 5 5 5 5 5 5 5 5 5 5 5 5 5 5 5 5 5 5 5 5 5 5 5 5 5 5 5 5 5 5 5 5 5 5 5 5 5 5 5 5 5 5 5 5 5 5 5 5 5 5 5 5 5 5 5 5 5 5 5 5 5 5 5 5 5 5 5 5 5 5 5 5 5 5 5 5 5 5 5 5 5 5 5 5 5 5 5 5 5 5 5 5 5 5 5 5 5 5 5 5 5 5 5 5 5 5 5 5 5 5 5 5 5 5 5 5 5 5 5 5 5 5 5 5 5 5 5 5 5 5 5 5 5 5 5 5 5 5 5 5 5 5 5 5 5 5 5 5 5 5 5 5 5 5 5 5 5 5 5 5 5 5 5 5 5 5 5 5 5 5 5 5 5 5 5 5 5 5 5 5 5 5 5 5 5 5 5 5 5 5 5 5 5 5 5 5 5 5 5 5 5 5 5 5 5 5 5 5 5 5 5 5 5 5 5 5 5 5 5 5 5 5 5 5 5 5 5 5 5 5 5 5 5 5 5 5 5 5 5 5 5 5 5 5 5 5 5 5 5 5 5 5 5 5 5 5 5 5 5 5 5 5 5 5 5 5 5 5 5 5 5 5 5 5 5 5 5 5 5 5 5 5 5 5 5 5 5 5 5 5 5 5 5 5 5 5 5 5 5 5 5 5 5 5 5 5 5 5 5 5 5 5 5 5 5 5 5 5 5 5 5 5 5 5 5 5 5 5 5 5 5 5 5 5 5 5 5 5 5 5 5 5 5 5 5 5 5 5 5 5 5 5 5 5 5 5 5 5 5 5 5 5 5 5 5 5 5 5 5 5 5 5 5 5 5 5 5 5 5 5 5 5 5 5 5 5 5 5 5 5 5 5 5 5 5 5 5 5 5 5 5 5 5 5 5 5 5 5 5 5 5 5 5 5 5 5 5 5 5 5 5 5 5 5 5 5 5 5 5 5 5 5 5 5 5 5 5 5 5 5 5 5 5 5 5 5 5 5 5 5 5 5 5 5 5 5 5 5 5 5 5 5 5 5 5 5 5 5 5 5 5 5 5 5 5 5 5 5 5 5 </DataArray>
</Cells>
<PointData  Scalars="u"> 
<DataArray  type="Float64"  Name="u"  format="ascii">0.0000000000000000e+00  0.0000000000000000e+00  0.0000000000000000e+00  0.0000000000000000e+00  0.0000000000000000e+00  0.0000000000000000e+00  0.0000000000000000e+00  0.0000000000000000e+00  0.0000000000000000e+00  0.0000000000000000e+00  0.0000000000000000e+00  0.0000000000000000e+00  0.0000000000000000e+00  1.0000000000000000e+02  1.0000000000000000e+02  1.0000000000000000e+02  1.0000000000000000e+02  1.0000000000000000e+02  1.0000000000000000e+02  1.0000000000000000e+02  1.0000000000000000e+02  1.0000000000000000e+02  1.0000000000000000e+02  1.0000000000000000e+02  1.0000000000000000e+02  1.0000000000000000e+02  0.0000000000000000e+00  0.0000000000000000e+00  0.0000000000000000e+00  0.0000000000000000e+00  0.0000000000000000e+00  0.0000000000000000e+00  0.0000000000000000e+00  0.0000000000000000e+00  0.0000000000000000e+00  0.0000000000000000e+00  0.0000000000000000e+00  0.0000000000000000e+00  0.0000000000000000e+00  1.0000000000000000e+02  1.0000000000000000e+02  1.0000000000000000e+02  1.0000000000000000e+02  1.0000000000000000e+02  1.0000000000000000e+02  1.0000000000000000e+02  1.0000000000000000e+02  1.0000000000000000e+02  1.0000000000000000e+02  1.0000000000000000e+02  1.0000000000000000e+02  1.0000000000000000e+02  0.0000000000000000e+00  0.0000000000000000e+00  0.0000000000000000e+00  0.0000000000000000e+00  0.0000000000000000e+00  0.0000000000000000e+00  0.0000000000000000e+00  0.0000000000000000e+00  0.0000000000000000e+00  0.0000000000000000e+00  0.0000000000000000e+00  0.0000000000000000e+00  0.0000000000000000e+00  3.3973196307260030e+00  3.4266928036071826e+00  3.5172664046535909e+00  3.6768986762007945e+00  3.9205303724823435e+00  4.2737378387078486e+00  4.7798356204975825e+00  5.5145313481123148e+00  6.6183072403816769e+00  8.3746680368882203e+00  1.1419536115283924e+01  1.7364609448354933e+01  3.0853685019163809e+01  6.6998955924701605e+01  8.0441576931833012e+01  8.6289765529763599e+01  8.9178591158692100e+01  9.0704435847615684e+01  9.1477681186519447e+01  9.1738930971432922e+01  9.1553758328987470e+01  9.0858615953790931e+01  8.9415054545680107e+01  8.6615119977866371e+01  8.0865309369338348e+01  6.7534123444450259e+01  3.1517946080666832e+01  1.8181762232528797e+01  1.2421845465438889e+01  9.6064704587316108e+00  8.1417812335176993e+00  7.4193252699322869e+00  7.1999826976090917e+00  7.4193252699322834e+00  8.1417812335176993e+00  9.6064704587316125e+00  1.2421845465438887e+01  1.8181762232528797e+01  3.1517946080666839e+01  6.7534123444450259e+01  8.0865309369338348e+01  8.6615119977866371e+01  8.9415054545680150e+01  9.0858615953790988e+01  9.1553758328987485e+01  9.1738930971432907e+01  9.1477681186519419e+01  9.0704435847615670e+01  8.9178591158692100e+01  8.6289765529763585e+01  8.0441576931832998e+01  6.6998955924701562e+01  3.0853685019163798e+01  1.7364609448354940e+01  1.1419536115283933e+01  8.3746680368882291e+00  6.6183072403816849e+00  5.5145313481123202e+00  4.7798356204975896e+00  4.2737378387078584e+00  3.9205303724823537e+00  3.6768986762008051e+00  3.5172664046536029e+00  3.4266928036071942e+00  3.3973196307260141e+00  6.7358929156896448e+00  6.7921851790491381e+00  6.9654741388063854e+00  7.2697979276672449e+00  7.7314849750207308e+00  8.3945853618514708e+00  9.3310732951701674e+00  1.0659982531569998e+01  1.2584029576526174e+01  1.5460828791887284e+01  1.9938866975892534e+01  2.7185216658972010e+01  3.9051174703598690e+01  5.6700561747809445e+01  6.8477586272866887e+01  7.5538894028529299e+01  7.9720163257389160e+01  8.2161471045251176e+01  8.3467357927029184e+01  8.3924284370224839e+01  8.3617486390726071e+01  8.2465650940496332e+01  8.0186482251063183e+01  7.6180115996447029e+01  6.9311994055036763e+01  5.7753238327795898e+01  4.0355898645688256e+01  2.8787257384009472e+01  2.1899149170495146e+01  1.7862255135969860e+01  1.5541329205406901e+01  1.4335537148602356e+01  1.3961280250571798e+01  1.4335537148602354e+01  1.5541329205406900e+01  1.7862255135969868e+01  2.1899149170495150e+01  2.8787257384009475e+01  4.0355898645688256e+01  5.7753238327795913e+01  6.9311994055036763e+01  7.6180115996447029e+01  8.0186482251063197e+01  8.2465650940496360e+01  8.3617486390726071e+01  8.3924284370224768e+01  8.3467357927029155e+01  8.2161471045251147e+01  7.9720163257389146e+01  7.5538894028529256e+01  6.8477586272866859e+01  5.6700561747809459e+01  3.9051174703598697e+01  2.7185216658972017e+01  1.9938866975892552e+01  1.5460828791887302e+01  1.2584029576526191e+01  1.0659982531570011e+01  9.3310732951701816e+00  8.3945853618514885e+00  7.7314849750207504e+00  7.2697979276672662e+00  6.9654741388064068e+00  6.7921851790491612e+00  6.7358929156896679e+00  9.9618816739343004e+00  1.0040680858093346e+01  1.0282647043855562e+01  1.0705333920641070e+01  1.1341026238081863e+01  1.2242045338507133e+01  1.3489889666761620e+01  1.5210295906471341e+01  1.7596999742265737e+01  2.0945750578242208e+01  2.5689886337426930e+01  3.2386215508041886e+01  4.1465235388449507e+01  5.2274530090070741e+01  6.1229312383295763e+01  6.7668061054097521e+01  7.2001696797084094e+01  7.4753927148970661e+01  7.6305995106121301e+01  7.6873362191711124e+01  7.6526251923195673e+01  7.5200019166405212e+01  7.2685107521629249e+01  6.8606867701821841e+01  6.2449312526565755e+01  5.3810937166008337e+01  4.3365152790280810e+01  3.4712219487325697e+01  2.8525238696562369e+01  2.4402071709245813e+01  2.1825743303537692e+01  2.0420213868498440e+01  1.9974064007473391e+01  2.0420213868498429e+01  2.1825743303537681e+01  2.4402071709245813e+01  2.8525238696562361e+01  3.4712219487325697e+01  4.3365152790280810e+01  5.3810937166008358e+01  6.2449312526565762e+01  6.8606867701821841e+01  7.2685107521629234e+01  7.5200019166405227e+01  7.6526251923195659e+01  7.6873362191711081e+01  7.6305995106121259e+01  7.4753927148970646e+01  7.2001696797084065e+01  6.7668061054097464e+01  6.1229312383295706e+01  5.2274530090070741e+01  4.1465235388449514e+01  3.2386215508041886e+01  2.5689886337426955e+01  2.0945750578242240e+01  1.7596999742265769e+01  1.5210295906471361e+01  1.3489889666761643e+01  1.2242045338507161e+01  1.1341026238081893e+01  1.0705333920641102e+01  1.0282647043855594e+01  1.0040680858093378e+01  9.9618816739343359e+00  1.3030272063860869e+01  1.3126009535534379e+01  1.3419099257881443e+01  1.3927864472959614e+01  1.4685240718158514e+01  1.5742680087333579e+01  1.7176144126897835e+01  1.9094311685287998e+01  2.1647922907823236e+01  2.5035287441388878e+01  2.9488712287531101e+01  3.5204523647319064e+01  4.2149021252086698e+01  4.9703010840728247e+01  5.6497072116147748e+01  6.1902341007480949e+01  6.5864635727879062e+01  6.8546545647426044e+01  7.0129333156774223e+01  7.0736917367302695e+01  7.0414139943940242e+01  6.9123066280299568e+01  6.6747060967226673e+01  6.3112934762645317e+01  5.8067451183396074e+01  5.1676045019390912e+01  4.4581555862100920e+01  3.8171229078450139e+01  3.3087514419182781e+01  2.9395049700913333e+01  2.6939358430999594e+01  2.5545511014380317e+01  2.5094548042324885e+01  2.5545511014380288e+01  2.6939358430999576e+01  2.9395049700913333e+01  3.3087514419182774e+01  3.8171229078450132e+01  4.4581555862100920e+01  5.1676045019390934e+01  5.8067451183396088e+01  6.3112934762645331e+01  6.6747060967226673e+01  6.9123066280299597e+01  7.0414139943940228e+01  7.0736917367302652e+01  7.0129333156774209e+01  6.8546545647426072e+01  6.5864635727879062e+01  6.1902341007480871e+01  5.6497072116147713e+01  4.9703010840728254e+01  4.2149021252086712e+01  3.5204523647319078e+01  2.9488712287531129e+01  2.5035287441388920e+01  2.1647922907823268e+01  1.9094311685288023e+01  1.7176144126897867e+01  1.5742680087333619e+01  1.4685240718158553e+01  1.3927864472959659e+01  1.3419099257881488e+01  1.3126009535534422e+01  1.3030272063860911e+01  1.5907187510440417e+01  1.6013985962301863e+01  1.6339875979176224e+01  1.6901783995157434e+01  1.7729392074258989e+01  1.8867290165770839e+01  2.0377695068208137e+01  2.2342883799959559e+01  2.4865092762350329e+01  2.8058763991958973e+01  3.2025151723989531e+01  3.6794145541616572e+01  4.2223315131849958e+01  4.7891419904607808e+01  5.3153624233086035e+01  5.7579595131799287e+01  6.1007959459525189e+01  6.3438286556080257e+01  6.4927874506246823e+01  6.5530834176785135e+01  6.5270324204963032e+01  6.4131045043626187e+01  6.2067135304332538e+01  5.9030359198136743e+01  5.5031512424982303e+01  5.0244235866058325e+01  4.5113796560281813e+01  4.0303626545191150e+01  3.6258540200805292e+01  3.3151254244225150e+01  3.0991129705167033e+01  2.9727923715698331e+01  2.9313106133065542e+01  2.9727923715698275e+01  3.0991129705167012e+01  3.3151254244225143e+01  3.6258540200805292e+01  4.0303626545191143e+01  4.5113796560281827e+01  5.0244235866058347e+01  5.5031512424982317e+01  5.9030359198136750e+01  6.2067135304332538e+01  6.4131045043626187e+01  6.5270324204963032e+01  6.5530834176785120e+01  6.4927874506246837e+01  6.3438286556080314e+01  6.1007959459525210e+01  5.7579595131799280e+01  5.3153624233086042e+01  4.7891419904607837e+01  4.2223315131849986e+01  3.6794145541616594e+01  3.2025151723989573e+01  2.8058763991959029e+01  2.4865092762350368e+01  2.2342883799959598e+01  2.0377695068208187e+01  1.8867290165770893e+01  1.7729392074259042e+01  1.6901783995157487e+01  1.6339875979176274e+01  1.6013985962301913e+01  1.5907187510440469e+01  1.8570506053297080e+01  1.8682870824056430e+01  1.9024634701364153e+01  1.9610003454234899e+01  2.0463253417949179e+01  2.1619393433282653e+01  2.3124462180204315e+01  2.5034435683991774e+01  2.7410800349659539e+01  3.0309524040107181e+01  3.3758985074851481e+01  3.7723591663307744e+01  4.2058673829088775e+01  4.6485729412766986e+01  5.0646409779789280e+01  5.4254455827104970e+01  5.7149320422342186e+01  5.9270766611122994e+01  6.0613044135347678e+01  6.1188220628627995e+01  6.1005277655500556e+01  6.0063654384909611e+01  5.8360076008340535e+01  5.5909854300586872e+01  5.2784003452338091e+01  4.9155589459578302e+01  4.5325767967776855e+01  4.1670940341227343e+01  3.8491765594622109e+01  3.5960297370014949e+01  3.4145982429745061e+01  3.3061948010180373e+01  3.2702029058540695e+01  3.3061948010180267e+01  3.4145982429745033e+01  3.5960297370014942e+01  3.8491765594622109e+01  4.1670940341227343e+01  4.5325767967776862e+01  4.9155589459578323e+01  5.2784003452338091e+01  5.5909854300586858e+01  5.8360076008340535e+01  6.0063654384909618e+01  6.1005277655500549e+01  6.1188220628627988e+01  6.0613044135347700e+01  5.9270766611123065e+01  5.7149320422342228e+01  5.4254455827105012e+01  5.0646409779789309e+01  4.6485729412767029e+01  4.2058673829088818e+01  3.7723591663307786e+01  3.3758985074851530e+01  3.0309524040107227e+01  2.7410800349659588e+01  2.5034435683991823e+01  2.3124462180204375e+01  2.1619393433282713e+01  2.0463253417949243e+01  1.9610003454234970e+01  1.9024634701364214e+01  1.8682870824056494e+01  1.8570506053297141e+01  2.1009095054635043e+01  2.1122356579262622e+01  2.1465788547989039e+01  2.2050341702468859e+01  2.2894224710020179e+01  2.4022567969206285e+01  2.5466324535334717e+01  2.7259596406143686e+01  2.9434148912188867e+01  3.2009546743958730e+01  3.4977672872001477e+01  3.8282562207674154e+01  4.1802059108430413e+01  4.5346414137582094e+01  4.8691829646199118e+01  5.1642497974489196e+01  5.4064099791615618e+01  5.5882415330721848e+01  5.7065314795392894e+01  5.7603726546878626e+01  5.7498911403501573e+01  5.6758218832171181e+01  5.5399660043533117e+01  5.3464978543532077e+01  5.1039057624204887e+01  4.8268350552139964e+01  4.5362745510019941e+01  4.2562601257319251e+01  4.0077284466440830e+01  3.8052187211467491e+01  3.6570554633617903e+01  3.5671856836737106e+01  3.5371114080736618e+01  3.5671856836737078e+01  3.6570554633617895e+01  3.8052187211467505e+01  4.0077284466440844e+01  4.2562601257319280e+01  4.5362745510019963e+01  4.8268350552139978e+01  5.1039057624204887e+01  5.3464978543532055e+01  5.5399660043533110e+01  5.6758218832171188e+01  5.7498911403501566e+01  5.7603726546878626e+01  5.7065314795392908e+01  5.5882415330721869e+01  5.4064099791615639e+01  5.1642497974489224e+01  4.8691829646199153e+01  4.5346414137582123e+01  4.1802059108430463e+01  3.8282562207674218e+01  3.4977672872001534e+01  3.2009546743958794e+01  2.9434148912188927e+01  2.7259596406143743e+01  2.5466324535334781e+01  2.4022567969206349e+01  2.2894224710020250e+01  2.2050341702468931e+01  2.1465788547989114e+01  2.1122356579262696e+01  2.1009095054635115e+01  2.3221161006717839e+01  2.3331671890369989e+01  2.3665821208860521e+01  2.4231350097631317e+01  2.5040735750456395e+01  2.6110329198187586e+01  2.7458671585784593e+01  2.9103476493059375e+01  3.1056652148993525e+01  3.3316841151537396e+01  3.5859597461521524e+01  3.8626925186957003e+01  4.1520586259376628e+01  4.4406038382931854e+01  4.7131996692935921e+01  4.9559606633037099e+01  5.1582165438909243e+01  5.3129480124755929e+01  5.4162073168623436e+01  5.4662459359992027e+01  5.4628422579455908e+01  5.4070649496740486e+01  5.3015366790088684e+01  5.1511342205803373e+01  4.9638897948809444e+01  4.7516009614756719e+01  4.5294262262843723e+01  4.3139434711588926e+01  4.1202583802354489e+01  3.9600612375796295e+01  3.8412192056521931e+01  3.7683810622413525e+01  3.7438713590931563e+01  3.7683810622413567e+01  3.8412192056521974e+01  3.9600612375796331e+01  4.1202583802354511e+01  4.3139434711588947e+01  4.5294262262843745e+01  4.7516009614756747e+01  4.9638897948809444e+01  5.1511342205803359e+01  5.3015366790088677e+01  5.4070649496740486e+01  5.4628422579455915e+01  5.4662459359992042e+01  5.4162073168623444e+01  5.3129480124755922e+01  5.1582165438909264e+01  4.9559606633037127e+01  4.7131996692935964e+01  4.4406038382931925e+01  4.1520586259376707e+01  3.8626925186957081e+01  3.5859597461521609e+01  3.3316841151537474e+01  3.1056652148993596e+01  2.9103476493059446e+01  2.7458671585784661e+01  2.6110329198187664e+01  2.5040735750456477e+01  2.4231350097631392e+01  2.3665821208860606e+01  2.3331671890370071e+01  2.3221161006717921e+01  2.5212205191496345e+01  2.5317348766638975e+01  2.5634474299451753e+01  2.6168501728739482e+01  2.6927038995986500e+01  2.7919341487303079e+01  2.9154556116556673e+01  3.0638985831315711e+01  3.2372142039188454e+01  3.4341568251675781e+01  3.6516950635590256e+01  3.8844954819255726e+01  4.1247322359187244e+01  4.3625156441832807e+01  4.5870512109575593e+01  4.7881766425814043e+01  4.9575475206228347e+01  5.0891266560769175e+01  5.1791038394352910e+01  5.2255615145010168e+01  5.2281670057589537e+01  5.1880589785246158e+01  5.1079815414277753e+01  4.9926125540783289e+01  4.8489182350472809e+01  4.6862527695233759e+01  4.5158859215009308e+01  4.3498291523838240e+01  4.1993003655591899e+01  4.0735486432841292e+01  3.9793790594260024e+01  3.9212480005463611e+01  3.9016119038162529e+01  3.9212480005463647e+01  3.9793790594260095e+01  4.0735486432841356e+01  4.1993003655591927e+01  4.3498291523838247e+01  4.5158859215009329e+01  4.6862527695233780e+01  4.8489182350472817e+01  4.9926125540783282e+01  5.1079815414277753e+01  5.1880589785246173e+01  5.2281670057589551e+01  5.2255615145010168e+01  5.1791038394352910e+01  5.0891266560769189e+01  4.9575475206228361e+01  4.7881766425814057e+01  4.5870512109575650e+01  4.3625156441832893e+01  4.1247322359187358e+01  3.8844954819255811e+01  3.6516950635590348e+01  3.4341568251675866e+01  3.2372142039188532e+01  3.0638985831315797e+01  2.9154556116556762e+01  2.7919341487303164e+01  2.6927038995986596e+01  2.6168501728739571e+01  2.5634474299451846e+01  2.5317348766639064e+01  2.5212205191496437e+01  2.6992962225989601e+01  2.7091043685237793e+01  2.7386225493568045e+01  2.7881143521888347e+01  2.8579577017447036e+01  2.9485441638481539e+01  3.0601225561823313e+01  3.1925768676458347e+01  3.3451361924768776e+01  3.5160339180387005e+01  3.7021682009907977e+01  3.8988621095288394e+01  4.0998591916283871e+01  4.2976752915636510e+01  4.4843128877719614e+01  4.6521471754415089e+01  4.7946702399420928e+01  4.9069072517739535e+01  4.9855198703008860e+01  5.0287292768106141e+01  5.0362052720645941e+01  5.0090224172376871e+01  4.9497179540992875e+01  4.8624162192579213e+01  4.7529178217064796e+01  4.6286059600696262e+01  4.4980355378121452e+01  4.3701868513162800e+01  4.2535652863333581e+01  4.1554539105717012e+01  4.0815003882213276e+01  4.0356199767018424e+01  4.0200802550791337e+01  4.0356199767018460e+01  4.0815003882213333e+01  4.1554539105717069e+01  4.2535652863333617e+01  4.3701868513162815e+01  4.4980355378121466e+01  4.6286059600696262e+01  4.7529178217064782e+01  4.8624162192579185e+01  4.9497179540992867e+01  5.0090224172376878e+01  5.0362052720645949e+01  5.0287292768106148e+01  4.9855198703008867e+01  4.9069072517739556e+01  4.7946702399420957e+01  4.6521471754415131e+01  4.4843128877719678e+01  4.2976752915636595e+01  4.0998591916283971e+01  3.8988621095288494e+01  3.7021682009908076e+01  3.5160339180387112e+01  3.3451361924768889e+01  3.1925768676458453e+01  3.0601225561823419e+01  2.9485441638481642e+01  2.8579577017447139e+01  2.7881143521888447e+01  2.7386225493568155e+01  2.7091043685237903e+01  2.6992962225989711e+01  2.8577556341986480e+01  2.8667638254754561e+01  2.8938240467694296e+01  2.9390269847798823e+01  3.0024683913431762e+01  3.0841622487352737e+01  3.1839135815796695e+01  3.3011501387925584e+01  3.4347197803041340e+01  3.5826744535195516e+01  3.7420817128366252e+01  3.9089255635706053e+01  4.0781671295023351e+01  4.2440134426709747e+01  4.4003778731251259e+01  4.5414289314705776e+01  4.6620790119300750e+01  4.7583122407759184e+01  4.8273391131836846e+01  4.8676304503759603e+01  4.8789023884511202e+01  4.8621074642622517e+01  4.8194516384737653e+01  4.7544165471475850e+01  4.6717308724510893e+01  4.5772177112365050e+01  4.4774634183617437e+01  4.3793174287357914e+01  4.2893200178862585e+01  4.2132013244479914e+01  4.1555486061857657e+01  4.1196512629605458e+01  4.1074691630965951e+01  4.1196512629605522e+01  4.1555486061857714e+01  4.2132013244479971e+01  4.2893200178862635e+01  4.3793174287357949e+01  4.4774634183617451e+01  4.5772177112365071e+01  4.6717308724510872e+01  4.7544165471475807e+01  4.8194516384737646e+01  4.8621074642622531e+01  4.8789023884511209e+01  4.8676304503759617e+01  4.8273391131836860e+01  4.7583122407759205e+01  4.6620790119300793e+01  4.5414289314705840e+01  4.4003778731251323e+01  4.2440134426709811e+01  4.0781671295023436e+01  3.9089255635706124e+01  3.7420817128366338e+01  3.5826744535195623e+01  3.4347197803041453e+01  3.3011501387925712e+01  3.1839135815796812e+01  3.0841622487352851e+01  3.0024683913431875e+01  2.9390269847798933e+01  2.8938240467694413e+01  2.8667638254754682e+01  2.8577556341986600e+01  2.9981986632447200e+01  3.0063712524099678e+01  3.0308828274655777e+01  3.0717011488180884e+01  3.1287266301128472e+01  3.2017228581700962e+01  3.2902193826085153e+01  3.3933903256406012e+01  3.5099183364275490e+01  3.6378624028987453e+01  3.7745586332655456e+01  3.9165913024146207e+01  4.0598703201393732e+01  4.1998334764927876e+01  4.3317562305869906e+01  4.4511116653856064e+01  4.5539046355317112e+01  4.6369235862159627e+01  4.6978938912819757e+01  4.7355510230584251e+01  4.7496663671016762e+01  4.7410534128864370e+01  4.7115645883859386e+01  4.6640674584075562e+01  4.6023714097137869e+01  4.5310705940635671e+01  4.4552829956625317e+01  4.3802994273788855e+01  4.3111960320278968e+01  4.2524827631482431e+01  4.2078414491131973e+01  4.1799673058579948e+01  4.1704938713861473e+01  4.1799673058579998e+01  4.2078414491132030e+01  4.2524827631482481e+01  4.3111960320279003e+01  4.3802994273788876e+01  4.4552829956625331e+01  4.5310705940635664e+01  4.6023714097137848e+01  4.6640674584075533e+01  4.7115645883859386e+01  4.7410534128864377e+01  4.7496663671016769e+01  4.7355510230584265e+01  4.6978938912819778e+01  4.6369235862159677e+01  4.5539046355317168e+01  4.4511116653856121e+01  4.3317562305869998e+01  4.1998334764927961e+01  4.0598703201393818e+01  3.9165913024146285e+01  3.7745586332655535e+01  3.6378624028987559e+01  3.5099183364275603e+01  3.3933903256406126e+01  3.2902193826085274e+01  3.2017228581701076e+01  3.1287266301128586e+01  3.0717011488180997e+01  3.0308828274655902e+01  3.0063712524099806e+01  2.9981986632447324e+01  3.1222965139602966e+01  3.1296396934541185e+01  3.1516348618648276e+01  3.1881681529140465e+01  3.2390141221200281e+01  3.3037831712237484e+01  3.3818507650436956e+01  3.4722734447337814e+01  3.5737008368667155e+01  3.6842981883823391e+01  3.8016991149121871e+01  3.9230106926829578e+01  4.0448893721477496e+01  4.1636939125738095e+01  4.2757019073444482e+01  4.3773568639531433e+01  4.4655042785952013e+01  4.5375835772742491e+01  4.5917618426698276e+01  4.6270133834740889e+01  4.6431586440107225e+01  4.6408752317958808e+01  4.6216858437759960e+01  4.5879172883829149e+01  4.5426167139329351e+01  4.4894102596414442e+01  4.4322985428459340e+01  4.3754012530893235e+01  4.3226819196981992e+01  4.2776922470038876e+01  4.2433671212607862e+01  4.2218826399720946e+01  4.2145717107319996e+01  4.2218826399720996e+01  4.2433671212607926e+01  4.2776922470038940e+01  4.3226819196982042e+01  4.3754012530893242e+01  4.4322985428459333e+01  4.4894102596414456e+01  4.5426167139329316e+01  4.5879172883829121e+01  4.6216858437759974e+01  4.6408752317958850e+01  4.6431586440107232e+01  4.6270133834740911e+01  4.5917618426698297e+01  4.5375835772742512e+01  4.4655042785952062e+01  4.3773568639531504e+01  4.2757019073444582e+01  4.1636939125738195e+01  4.0448893721477596e+01  3.9230106926829663e+01  3.8016991149121949e+01  3.6842981883823512e+01  3.5737008368667276e+01  3.4722734447337942e+01  3.3818507650437084e+01  3.3037831712237590e+01  3.2390141221200395e+01  3.1881681529140586e+01  3.1516348618648397e+01  3.1296396934541313e+01  3.1222965139603097e+01  3.2317080056882311e+01  3.2382561455813835e+01  3.2578487736255667e+01  3.2903224788532420e+01  3.3353785342294699e+01  3.3925449395611757e+01  3.4611270616087381e+01  3.5401518513841133e+01  3.6283133779231953e+01  3.7239303988517086e+01  3.8249289453179060e+01  3.9288629812572708e+01  4.0329825631948594e+01  4.1343508943102542e+01  4.2300006222638515e+01  4.3171096044873167e+01  4.3931720376217015e+01  4.4561446016160005e+01  4.5045565186489995e+01  4.5375820241573784e+01  4.5550795936712454e+01  4.5576030265103732e+01  4.5463862665392448e+01  4.5232991374151723e+01  4.4907678979935895e+01  4.4516551877233418e+01  4.4090996629904289e+01  4.3663251224342794e+01  4.3264381466716912e+01  4.2922371839083311e+01  4.2660521489539633e+01  4.2496244220375971e+01  4.2440276915976554e+01  4.2496244220375999e+01  4.2660521489539683e+01  4.2922371839083382e+01  4.3264381466716948e+01  4.3663251224342794e+01  4.4090996629904282e+01  4.4516551877233411e+01  4.4907678979935881e+01  4.5232991374151716e+01  4.5463862665392469e+01  4.5576030265103782e+01  4.5550795936712476e+01  4.5375820241573798e+01  4.5045565186490009e+01  4.4561446016160033e+01  4.3931720376217072e+01  4.3171096044873238e+01  4.2300006222638594e+01  4.1343508943102655e+01  4.0329825631948694e+01  3.9288629812572800e+01  3.8249289453179152e+01  3.7239303988517193e+01  3.6283133779232067e+01  3.5401518513841253e+01  3.4611270616087495e+01  3.3925449395611864e+01  3.3353785342294813e+01  3.2903224788532548e+01  3.2578487736255788e+01  3.2382561455813963e+01  3.2317080056882439e+01  3.3280232176298597e+01  3.3338281095576178e+01  3.3511816082028133e+01  3.3798944546438882e+01  3.4196325963834326e+01  3.4698909911827499e+01  3.5299606904459658e+01  3.5988935212707389e+01  3.6754704245902445e+01  3.7581810837833949e+01  3.8452232862504573e+01  3.9345297238333615e+01  4.0238270050641638e+01  4.1107264792084976e+01  4.1928400829133835e+01  4.2679088941105732e+01  4.3339296657882883e+01  4.3892662729190519e+01  4.4327376061527900e+01  4.4636786008351805e+01  4.4819746800065083e+01  4.4880710140351241e+01  4.4829570584554389e+01  4.4681250967449401e+01  4.4455005529029094e+01  4.4173429302679054e+01  4.3861197989581612e+01  4.3543614269856732e+01  4.3245083606459588e+01  4.2987661930037824e+01  4.2789798686091402e+01  4.2665352076266757e+01  4.2622902115834229e+01  4.2665352076266764e+01  4.2789798686091437e+01  4.2987661930037888e+01  4.3245083606459595e+01  4.3543614269856718e+01  4.3861197989581584e+01  4.4173429302679040e+01  4.4455005529029073e+01  4.4681250967449408e+01  4.4829570584554403e+01  4.4880710140351269e+01  4.4819746800065090e+01  4.4636786008351812e+01  4.4327376061527922e+01  4.3892662729190562e+01  4.3339296657882947e+01  4.2679088941105796e+01  4.1928400829133906e+01  4.1107264792085054e+01  4.0238270050641724e+01  3.9345297238333700e+01  3.8452232862504658e+01  3.7581810837834063e+01  3.6754704245902552e+01  3.5988935212707517e+01  3.5299606904459765e+01  3.4698909911827613e+01  3.4196325963834433e+01  3.3798944546438996e+01  3.3511816082028240e+01  3.3338281095576306e+01  3.3280232176298739e+01  3.4127286457159734e+01  3.4178514668164169e+01  3.4331550949841798e+01  3.4584411351360650e+01  3.4933664054776187e+01  3.5374257383404256e+01  3.5899311877216327e+01  3.6499911186626392e+01  3.7164937153836462e+01  3.7881002254411726e+01  3.8632533920671648e+01  3.9402056227615553e+01  4.0170692540199397e+01  4.0918879345461896e+01  4.1627243360706110e+01  4.2277562232533057e+01  4.2853714585018288e+01  4.3342532181191281e+01  4.3734490322079282e+01  4.4024200930240418e+01  4.4210695114844825e+01  4.4297492911681744e+01  4.4292458565024461e+01  4.4207436382062482e+01  4.4057662866052013e+01  4.3860961814872120e+01  4.3636751755886365e+01  4.3404924259042950e+01  4.3184676759226896e+01  4.2993393588517002e+01  4.2845659248521400e+01  4.2752463282765426e+01  4.2720627394826863e+01  4.2752463282765426e+01  4.2845659248521400e+01  4.2993393588516994e+01  4.3184676759226875e+01  4.3404924259042900e+01  4.3636751755886309e+01  4.3860961814872077e+01  4.4057662866051977e+01  4.4207436382062461e+01  4.4292458565024461e+01  4.4297492911681772e+01  4.4210695114844853e+01  4.4024200930240440e+01  4.3734490322079303e+01  4.3342532181191316e+01  4.2853714585018345e+01  4.2277562232533107e+01  4.1627243360706174e+01  4.0918879345461953e+01  4.0170692540199475e+01  3.9402056227615638e+01  3.8632533920671733e+01  3.7881002254411840e+01  3.7164937153836568e+01  3.6499911186626512e+01  3.5899311877216448e+01  3.5374257383404398e+01  3.4933664054776315e+01  3.4584411351360757e+01  3.4331550949841898e+01  3.4178514668164269e+01  3.4127286457159833e+01  3.4871884316011993e+01  3.4916940170078966e+01  3.5051461697814233e+01  3.5273485854385733e+01  3.5579661520505539e+01  3.5965143689797046e+01  3.6423472034375003e+01  3.6946460502745396e+01  3.7524130928405278e+01  3.8144727105304874e+01  3.8794844338154725e+01  3.9459701211257560e+01  4.0123564537078508e+01  4.0770316688857108e+01  4.1384131035695674e+01  4.1950202043302113e+01  4.2455467268465966e+01  4.2889261088477021e+01  4.3243852115357527e+01  4.3514832275685770e+01  4.3701339817392061e+01  4.3806107826506469e+01  4.3835334381799235e+01  4.3798373129724048e+01  4.3707247738244334e+01  4.3576003334871046e+01  4.3419922960048787e+01  4.3254654251201799e+01  4.3095305582888059e+01  4.2955576416281893e+01  4.2846981436711779e+01  4.2778214411446683e+01  4.2754680897942364e+01  4.2778214411446683e+01  4.2846981436711751e+01  4.2955576416281886e+01  4.3095305582888017e+01  4.3254654251201693e+01  4.3419922960048687e+01  4.3576003334871004e+01  4.3707247738244291e+01  4.3798373129724013e+01  4.3835334381799214e+01  4.3806107826506462e+01  4.3701339817392125e+01  4.3514832275685791e+01  4.3243852115357548e+01  4.2889261088477056e+01  4.2455467268465988e+01  4.1950202043302141e+01  4.1384131035695738e+01  4.0770316688857186e+01  4.0123564537078593e+01  3.9459701211257638e+01  3.8794844338154810e+01  3.8144727105304973e+01  3.7524130928405370e+01  3.6946460502745509e+01  3.6423472034375138e+01  3.5965143689797195e+01  3.5579661520505667e+01  3.5273485854385839e+01  3.5051461697814325e+01  3.4916940170079044e+01  3.4871884316012057e+01  3.5526370466730235e+01  3.5565899998325463e+01  3.5683869816950455e+01  3.5878408847862502e+01  3.6146352483063168e+01  3.6483183820903434e+01  3.6882972067741235e+01  3.7338327861574911e+01  3.7840398951734379e+01  3.8378930900247788e+01  3.8942415115384826e+01  3.9518339742181482e+01  4.0093547707999974e+01  4.0654691837192388e+01  4.1188762049917358e+01  4.1683647636513733e+01  4.2128691357066366e+01  4.2515192788893302e+01  4.2836824775188028e+01  4.3089936239753065e+01  4.3273724052531286e+01  4.3390264195152703e+01  4.3444398005941956e+01  4.3443474016790162e+01  4.3396951622330207e+01  4.3315880826319002e+01  4.3212282498235822e+01  4.3098464202827358e+01  4.2986314904841649e+01  4.2886625057010718e+01  4.2808475670597090e+01  4.2758732028367156e+01  4.2741667374049243e+01  4.2758732028367163e+01  4.2808475670597076e+01  4.2886625057010704e+01  4.2986314904841599e+01  4.3098464202827294e+01  4.3212282498235773e+01  4.3315880826318981e+01  4.3396951622330171e+01  4.3443474016790127e+01  4.3444398005941949e+01  4.3390264195152717e+01  4.3273724052531321e+01  4.3089936239753101e+01  4.2836824775188077e+01  4.2515192788893366e+01  4.2128691357066430e+01  4.1683647636513783e+01  4.1188762049917415e+01  4.0654691837192452e+01  4.0093547708000045e+01  3.9518339742181553e+01  3.8942415115384897e+01  3.8378930900247866e+01  3.7840398951734471e+01  3.7338327861575038e+01  3.6882972067741363e+01  3.6483183820903548e+01  3.6146352483063282e+01  3.5878408847862595e+01  3.5683869816950526e+01  3.5565899998325541e+01  3.5526370466730306e+01  3.6101797554258027e+01  3.6136419539542210e+01  3.6239708723799602e+01  3.6409927237050667e+01  3.6644155742981198e+01  3.6938267043012246e+01  3.7286904554111608e+01  3.7683479924078654e+01  3.8120206116709561e+01  3.8588182428567080e+01  3.9077545480955294e+01  3.9577694934083567e+01  4.0077594715547505e+01  4.0566140901995084e+01  4.1032577690267637e+01  4.1466935095769095e+01  4.1860457734392519e+01  4.2205993934841807e+01  4.2498317956748231e+01  4.2734363855607178e+01  4.2913355957827321e+01  4.3036826895631108e+01  4.3108519430025702e+01  4.3134173309164403e+01  4.3121203907967292e+01  4.3078285849838956e+01  4.3014862003748163e+01  4.2940605157030170e+01  4.2864864776640438e+01  4.2796133236322270e+01  4.2741564160298694e+01  4.2706570657375664e+01  4.2694524541520309e+01  4.2706570657375664e+01  4.2741564160298694e+01  4.2796133236322241e+01  4.2864864776640388e+01  4.2940605157030120e+01  4.3014862003748107e+01  4.3078285849838892e+01  4.3121203907967278e+01  4.3134173309164396e+01  4.3108519430025723e+01  4.3036826895631137e+01  4.2913355957827356e+01  4.2734363855607221e+01  4.2498317956748295e+01  4.2205993934841878e+01  4.1860457734392575e+01  4.1466935095769159e+01  4.1032577690267694e+01  4.0566140901995155e+01  4.0077594715547562e+01  3.9577694934083645e+01  3.9077545480955365e+01  3.8588182428567130e+01  3.8120206116709632e+01  3.7683479924078796e+01  3.7286904554111750e+01  3.6938267043012374e+01  3.6644155742981297e+01  3.6409927237050745e+01  3.6239708723799666e+01  3.6136419539542274e+01  3.6101797554258084e+01  3.6607980671217447e+01  3.6638271881785762e+01  3.6728618301655075e+01  3.6877435633559351e+01  3.7082076208798696e+01  3.7338824054052765e+01  3.7642899181614339e+01  3.7988481163918678e+01  3.8368763162458052e+01  3.8776047216355664e+01  3.9201889445785753e+01  3.9637299797650037e+01  4.0072995318111367e+01  4.0499699364972876e+01  4.0908472713388967e+01  4.1291057321902535e+01  4.1640210549892757e+01  4.1950007259333169e+01  4.2216089261355933e+01  4.2435845268100095e+01  4.2608509027539704e+01  4.2735167999518723e+01  4.2818679509365360e+01  4.2863495881874456e+01  4.2875404850535645e+01  4.2861196661321358e+01  4.2828274509887699e+01  4.2784229644904727e+01  4.2736405808367678e+01  4.2691478951339221e+01  4.2655077076899786e+01  4.2631461899316498e+01  4.2623289477280693e+01  4.2631461899316498e+01  4.2655077076899786e+01  4.2691478951339207e+01  4.2736405808367643e+01  4.2784229644904684e+01  4.2828274509887670e+01  4.2861196661321365e+01  4.2875404850535652e+01  4.2863495881874485e+01  4.2818679509365410e+01  4.2735167999518765e+01  4.2608509027539746e+01  4.2435845268100124e+01  4.2216089261356018e+01  4.1950007259333248e+01  4.1640210549892828e+01  4.1291057321902613e+01  4.0908472713389031e+01  4.0499699364972919e+01  4.0072995318111410e+01  3.9637299797650087e+01  3.9201889445785810e+01  3.8776047216355749e+01  3.8368763162458144e+01  3.7988481163918792e+01  3.7642899181614460e+01  3.7338824054052878e+01  3.7082076208798789e+01  3.6877435633559415e+01  3.6728618301655132e+01  3.6638271881785812e+01  3.6607980671217490e+01  3.7053581367040238e+01  3.7080069014728323e+01  3.7159056967475600e+01  3.7289120786732965e+01  3.7467889404601486e+01  3.7692053782785827e+01  3.7957386954374293e+01  3.8258782387523681e+01  3.8590318152848297e+01  3.8945353828611779e+01  3.9316665288181994e+01  3.9696619492619476e+01  4.0077387394275043e+01  4.0451188526396066e+01  4.0810556476412813e+01  4.1148610928559336e+01  4.1459319883942797e+01  4.1737735291242167e+01  4.1980186561242334e+01  4.2184418927897511e+01  4.2349666884712661e+01  4.2476656565538718e+01  4.2567534726042581e+01  4.2625725858432439e+01  4.2655722950979445e+01  4.2662821435023162e+01  4.2652809729576553e+01  4.2631633104333353e+01  4.2605049860586305e+01  4.2578299683767170e+01  4.2555803296644740e+01  4.2540910385709878e+01  4.2535709568969473e+01  4.2540910385709850e+01  4.2555803296644740e+01  4.2578299683767156e+01  4.2605049860586298e+01  4.2631633104333297e+01  4.2652809729576525e+01  4.2662821435023154e+01  4.2655722950979502e+01  4.2625725858432475e+01  4.2567534726042666e+01  4.2476656565538789e+01  4.2349666884712732e+01  4.2184418927897553e+01  4.1980186561242405e+01  4.1737735291242259e+01  4.1459319883942868e+01  4.1148610928559428e+01  4.0810556476412913e+01  4.0451188526396088e+01  4.0077387394275057e+01  3.9696619492619497e+01  3.9316665288182044e+01  3.8945353828611893e+01  3.8590318152848404e+01  3.8258782387523780e+01  3.7957386954374428e+01  3.7692053782785933e+01  3.7467889404601564e+01  3.7289120786733022e+01  3.7159056967475642e+01  3.7080069014728366e+01  3.7053581367040273e+01  3.7446206767486856e+01  3.7469365842611722e+01  3.7538419766786049e+01  3.7652101141295425e+01  3.7808306840088420e+01  3.8004114718114785e+01  3.8235812465573375e+01  3.8498943278953448e+01  3.8788373232799692e+01  3.9098384657061160e+01  3.9422798385710962e+01  3.9755125490370844e+01  4.0088746239973290e+01  4.0417110869923434e+01  4.0733953737306869e+01  4.1033510031979226e+01  4.1310722766076964e+01  4.1561427460450346e+01  4.1782502764473726e+01  4.1971976997534959e+01  4.2129083017874713e+01  4.2254256651880929e+01  4.2349076970833828e+01  4.2416149874833266e+01  4.2458939659926642e+01  4.2481556398215318e+01  4.2488509869061978e+01  4.2484443182265835e+01  4.2473860845877070e+01  4.2460866626498401e+01  4.2448926040202139e+01  4.2440666777908746e+01  4.2437728027177457e+01  4.2440666777908724e+01  4.2448926040202124e+01  4.2460866626498373e+01  4.2473860845877041e+01  4.2484443182265792e+01  4.2488509869061964e+01  4.2481556398215332e+01  4.2458939659926671e+01  4.2416149874833309e+01  4.2349076970833892e+01  4.2254256651880993e+01  4.2129083017874791e+01  4.1971976997535023e+01  4.1782502764473790e+01  4.1561427460450425e+01  4.1310722766077021e+01  4.1033510031979290e+01  4.0733953737306919e+01  4.0417110869923455e+01  4.0088746239973304e+01  3.9755125490370865e+01  3.9422798385710998e+01  3.9098384657061203e+01  3.8788373232799742e+01  3.8498943278953504e+01  3.8235812465573446e+01  3.8004114718114870e+01  3.7808306840088470e+01  3.7652101141295461e+01  3.7538419766786056e+01  3.7469365842611730e+01  3.7446206767486863e+01  3.7792514017683743e+01  3.7812767821445661e+01  3.7873155115761435e+01  3.7972557171574294e+01  3.8109122096341970e+01  3.8280285784011589e+01  3.8482804910850980e+01  3.8712805029917043e+01  3.8965846842335864e+01  3.9237013181122201e+01  3.9521018107229864e+01  3.9812337843179655e+01  4.0105361205323831e+01  4.0394554976017496e+01  4.0674637570912012e+01  4.0940752695973757e+01  4.1188633687935464e+01  4.1414749020008557e+01  4.1616420038667258e+01  4.1791903279893909e+01  4.1940431537370344e+01  4.2062210053276488e+01  4.2158366630578548e+01  4.2230857010140170e+01  4.2282329415678518e+01  4.2315954628849497e+01  4.2335230166190215e+01  4.2343768909790917e+01  4.2345083714157731e+01  4.2342379936147260e+01  4.2338367459756654e+01  4.2335102658545502e+01  4.2333868983922883e+01  4.2335102658545495e+01  4.2338367459756640e+01  4.2342379936147246e+01  4.2345083714157710e+01  4.2343768909790882e+01  4.2335230166190215e+01  4.2315954628849518e+01  4.2282329415678539e+01  4.2230857010140213e+01  4.2158366630578612e+01  4.2062210053276551e+01  4.1940431537370401e+01  4.1791903279893965e+01  4.1616420038667329e+01  4.1414749020008621e+01  4.1188633687935514e+01  4.0940752695973792e+01  4.0674637570912026e+01  4.0394554976017510e+01  4.0105361205323831e+01  3.9812337843179662e+01  3.9521018107229871e+01  3.9237013181122187e+01  3.8965846842335850e+01  3.8712805029917057e+01  3.8482804910851002e+01  3.8280285784011603e+01  3.8109122096341977e+01  3.7972557171574280e+01  3.7873155115761406e+01  3.7812767821445632e+01  3.7792514017683729e+01  3.8098313660356823e+01  3.8116036309725750e+01  3.8168875703239749e+01  3.8255850332898333e+01  3.8375338589693584e+01  3.8525101410738635e+01  3.8702316363901929e+01  3.8903625087527928e+01  3.9125195925504464e+01  3.9362803117861844e+01  3.9611923018906694e+01  3.9867846569794125e+01  4.0125805762124870e+01  4.0381110257910734e+01  4.0629288874349918e+01  4.0866229493068325e+01  4.1088310269682573e+01  4.1292514892981188e+01  4.1476525090292853e+01  4.1638784546003066e+01  4.1778529798436239e+01  4.1895785393276128e+01  4.1991322488063716e+01  4.2066582119470340e+01  4.2123566363797792e+01  4.2164702535313950e+01  4.2192687257058488e+01  4.2210318576549788e+01  4.2220325164815662e+01  4.2225201944176284e+01  4.2227061204131729e+01  4.2227507412593745e+01  4.2227542591423067e+01  4.2227507412593724e+01  4.2227061204131715e+01  4.2225201944176320e+01  4.2220325164815677e+01  4.2210318576549817e+01  4.2192687257058509e+01  4.2164702535313978e+01  4.2123566363797799e+01  4.2066582119470368e+01  4.1991322488063787e+01  4.1895785393276213e+01  4.1778529798436310e+01  4.1638784546003144e+01  4.1476525090292931e+01  4.1292514892981245e+01  4.1088310269682609e+01  4.0866229493068346e+01  4.0629288874349925e+01  4.0381110257910734e+01  4.0125805762124855e+01  3.9867846569794096e+01  3.9611923018906658e+01  3.9362803117861802e+01  3.9125195925504428e+01  3.8903625087527907e+01  3.8702316363901915e+01  3.8525101410738614e+01  3.8375338589693555e+01  3.8255850332898284e+01  3.8168875703239692e+01  3.8116036309725686e+01  3.8098313660356759e+01  3.8368668004292033e+01  3.8384188053860782e+01  3.8430461054573485e+01  3.8506629867085692e+01  3.8611280518795411e+01  3.8742464905347497e+01  3.8897734046490186e+01  3.9074183030788298e+01  3.9268508654292212e+01  3.9477080345914011e+01  3.9696024280740929e+01  3.9921319654965281e+01  4.0148905015470810e+01  4.0374791419150682e+01  4.0595178175508600e+01  4.0806566132267072e+01  4.1005863004745322e+01  4.1190475191940770e+01  4.1358380883519921e+01  4.1508180015389279e+01  4.1639117717095402e+01  4.1751079233328049e+01  4.1844555808929933e+01  4.1920582615879653e+01  4.1980651384728276e+01  4.2026601891550087e+01  4.2060497750179984e+01  4.2084492974534172e+01  4.2100696424378825e+01  4.2111041471610498e+01  4.2117168000000220e+01  4.2120323196274697e+01  4.2121286556581907e+01  4.2120323196274640e+01  4.2117168000000177e+01  4.2111041471610520e+01  4.2100696424378874e+01  4.2084492974534207e+01  4.2060497750180019e+01  4.2026601891550101e+01  4.1980651384728304e+01  4.1920582615879674e+01  4.1844555808929961e+01  4.1751079233328113e+01  4.1639117717095480e+01  4.1508180015389385e+01  4.1358380883520006e+01  4.1190475191940820e+01  4.1005863004745329e+01  4.0806566132267079e+01  4.0595178175508586e+01  4.0374791419150675e+01  4.0148905015470746e+01  3.9921319654965210e+01  3.9696024280740865e+01  3.9477080345913940e+01  3.9268508654292155e+01  3.9074183030788234e+01  3.8897734046490136e+01  3.8742464905347454e+01  3.8611280518795347e+01  3.8506629867085621e+01  3.8430461054573392e+01  3.8384188053860669e+01  3.8368668004291933e+01  3.8607982249089766e+01  3.8621586846851798e+01  3.8662150594107700e+01  3.8728927562075562e+01  3.8820688713054864e+01  3.8935743645365733e+01  3.9071971885923006e+01  3.9226864334842880e+01  3.9397575314962097e+01  3.9580985330761067e+01  3.9773774103177757e+01  3.9972502753855245e+01  4.0173703225642406e+01  4.0373972227712621e+01  4.0570066276266729e+01  4.0758993855746070e+01  4.0938100425090852e+01  4.1105141986516671e+01  4.1258343236456767e+01  4.1396436914938761e+01  4.1518681821228029e+01  4.1624858014010719e+01  4.1715238898448298e+01  4.1790541150390069e+01  4.1851854667685643e+01  4.1900555895978123e+01  4.1938208877577203e+01  4.1966459147028097e+01  4.1986926086555144e+01  4.2001099517886679e+01  4.2010246127984026e+01  4.2015330815922873e+01  4.2016957242355133e+01  4.2015330815922852e+01  4.2010246127984004e+01  4.2001099517886679e+01  4.1986926086555158e+01  4.1966459147028104e+01  4.1938208877577203e+01  4.1900555895978094e+01  4.1851854667685622e+01  4.1790541150390062e+01  4.1715238898448305e+01  4.1624858014010748e+01  4.1518681821228071e+01  4.1396436914938803e+01  4.1258343236456803e+01  4.1105141986516671e+01  4.0938100425090845e+01  4.0758993855746041e+01  4.0570066276266679e+01  4.0373972227712542e+01  4.0173703225642321e+01  3.9972502753855153e+01  3.9773774103177651e+01  3.9580985330760946e+01  3.9397575314961983e+01  3.9226864334842773e+01  3.9071971885922906e+01  3.8935743645365648e+01  3.8820688713054764e+01  3.8728927562075462e+01  3.8662150594107601e+01  3.8621586846851685e+01  3.8607982249089645e+01  3.8820087298363440e+01  3.8832026490348952e+01  3.8867626912930007e+01  3.8926241074053991e+01  3.9006803125982742e+01  3.9107849077137644e+01  3.9227545516993224e+01  3.9363727107698118e+01  3.9513942939952237e+01  3.9675511558990436e+01  3.9845584047353775e+01  4.0021214031635530e+01  4.0199432905530969e+01  4.0377327989790615e+01  4.0552120846099612e+01  4.0721242589359626e+01  4.0882402853355352e+01  4.1033649092578280e+01  4.1173413160851730e+01  4.1300542586680976e+01  4.1414314638867253e+01  4.1514432103038502e+01  4.1601000620462472e+01  4.1674488419546705e+01  4.1735670239646090e+01  4.1785558147099565e+01  4.1825322717122624e+01  4.1856208649445890e+01  4.1879449256927003e+01  4.1896184385397056e+01  4.1907386178126323e+01  4.1913796697077650e+01  4.1915880780992886e+01  4.1913796697077643e+01  4.1907386178126288e+01  4.1896184385397021e+01  4.1879449256926968e+01  4.1856208649445854e+01  4.1825322717122582e+01  4.1785558147099508e+01  4.1735670239646034e+01  4.1674488419546648e+01  4.1601000620462450e+01  4.1514432103038523e+01  4.1414314638867246e+01  4.1300542586680976e+01  4.1173413160851737e+01  4.1033649092578294e+01  4.0882402853355330e+01  4.0721242589359591e+01  4.0552120846099534e+01  4.0377327989790516e+01  4.0199432905530841e+01  4.0021214031635431e+01  3.9845584047353640e+01  3.9675511558990252e+01  3.9513942939952074e+01  3.9363727107697962e+01  3.9227545516993075e+01  3.9107849077137480e+01  3.9006803125982586e+01  3.8926241074053848e+01  3.8867626912929865e+01  3.8832026490348802e+01  3.8820087298363298e+01  3.9008313963666097e+01  3.9018804903250569e+01  3.9050089493209420e+01  3.9101606695227666e+01  3.9172433639684463e+01  3.9261304020208918e+01  3.9366633997214166e+01  3.9486555639004123e+01  3.9618957778158318e+01  3.9761533917894575e+01  3.9911836495611389e+01  4.0067336419802231e+01  4.0225486375055240e+01  4.0383785979819287e+01  4.0539846528981450e+01  4.0691452802237549e+01  4.0836619306392677e+01  4.0973638369589324e+01  4.1101117727690919e+01  4.1218005632066145e+01  4.1323602044521458e+01  4.1417555138813654e+01  4.1499843060816360e+01  4.1570741667688104e+01  4.1630779724252427e+01  4.1680683735651407e+01  4.1721315194367840e+01  4.1753603476705848e+01  4.1778477906309902e+01  4.1796802588648234e+01  4.1809317502046568e+01  4.1816589013268569e+01  4.1818972487461146e+01  4.1816589013268540e+01  4.1809317502046511e+01  4.1796802588648177e+01  4.1778477906309831e+01  4.1753603476705784e+01  4.1721315194367783e+01  4.1680683735651343e+01  4.1630779724252370e+01  4.1570741667688054e+01  4.1499843060816332e+01  4.1417555138813633e+01  4.1323602044521415e+01  4.1218005632066109e+01  4.1101117727690877e+01  4.0973638369589246e+01  4.0836619306392599e+01  4.0691452802237464e+01  4.0539846528981343e+01  4.0383785979819166e+01  4.0225486375055112e+01  4.0067336419802096e+01  3.9911836495611226e+01  3.9761533917894383e+01  3.9618957778158119e+01  3.9486555639003925e+01  3.9366633997213960e+01  3.9261304020208719e+01  3.9172433639684272e+01  3.9101606695227467e+01  3.9050089493209228e+01  3.9018804903250384e+01  3.9008313963665920e+01  3.9175558749799819e+01  3.9184789665777807e+01  3.9212319461429423e+01  3.9257662573962762e+01  3.9320020717318542e+01  3.9398299366799350e+01  3.9491130812650383e+01  3.9596903672945913e+01  3.9713798615782331e+01  3.9839829838818147e+01  3.9972891597394970e+01  4.0110808776906786e+01  4.0251390195068495e+01  4.0392483025449842e+01  4.0532026487769343e+01  4.0668102784216444e+01  4.0798983200388491e+01  4.0923167351695419e+01  4.1039413748256479e+01  4.1146760169371234e+01  4.1244532768338772e+01  4.1332343346878346e+01  4.1410074816301233e+01  4.1477855466136930e+01  4.1536023254024109e+01  4.1585081876885802e+01  4.1625650847991508e+01  4.1658412156699761e+01  4.1684056302958503e+01  4.1703230560839430e+01  4.1716492228143096e+01  4.1724269366488912e+01  4.1726831142314587e+01  4.1724269366488876e+01  4.1716492228143032e+01  4.1703230560839337e+01  4.1684056302958396e+01  4.1658412156699676e+01  4.1625650847991430e+01  4.1585081876885724e+01  4.1536023254024045e+01  4.1477855466136887e+01  4.1410074816301183e+01  4.1332343346878275e+01  4.1244532768338679e+01  4.1146760169371177e+01  4.1039413748256415e+01  4.0923167351695326e+01  4.0798983200388356e+01  4.0668102784216323e+01  4.0532026487769208e+01  4.0392483025449700e+01  4.0251390195068346e+01  4.0110808776906630e+01  3.9972891597394799e+01  3.9839829838817941e+01  3.9713798615782110e+01  3.9596903672945672e+01  3.9491130812650134e+01  3.9398299366799115e+01  3.9320020717318314e+01  3.9257662573962527e+01  3.9212319461429203e+01  3.9184789665777593e+01  3.9175558749799606e+01  3.9324341703977581e+01  3.9332475548631443e+01  3.9356736112767713e+01  3.9396703421875415e+01  3.9451687288827557e+01  3.9520741917019542e+01  3.9602686213642095e+01  3.9696129624346852e+01  3.9799503173206958e+01  3.9911095224200736e+01  4.0029091278243577e+01  4.0151616895361443e+01  4.0276782602862099e+01  4.0402729439142234e+01  4.0527673612429680e+01  4.0649948646470420e+01  4.0768043359249432e+01  4.0880634088547389e+01  4.0986609744268343e+01  4.1085088528823562e+01  4.1175425512584056e+01  4.1257210664059663e+01  4.1330257391373308e+01  4.1394582126534296e+01  4.1450375948821296e+01  4.1497969669876170e+01  4.1537794164012624e+01  4.1570337999143192e+01  4.1596104587984897e+01  4.1615571123607886e+01  4.1629151483197482e+01  4.1637165082229387e+01  4.1639813348819459e+01  4.1637165082229352e+01  4.1629151483197418e+01  4.1615571123607744e+01  4.1596104587984797e+01  4.1570337999143078e+01  4.1537794164012524e+01  4.1497969669876092e+01  4.1450375948821218e+01  4.1394582126534225e+01  4.1330257391373230e+01  4.1257210664059592e+01  4.1175425512583963e+01  4.1085088528823476e+01  4.0986609744268243e+01  4.0880634088547268e+01  4.0768043359249290e+01  4.0649948646470271e+01  4.0527673612429531e+01  4.0402729439142078e+01  4.0276782602861935e+01  4.0151616895361258e+01  4.0029091278243357e+01  3.9911095224200480e+01  3.9799503173206695e+01  3.9696129624346590e+01  3.9602686213641832e+01  3.9520741917019279e+01  3.9451687288827301e+01  3.9396703421875138e+01  3.9356736112767457e+01  3.9332475548631194e+01  3.9324341703977332e+01  3.9456856968847617e+01  3.9464034712002686e+01  3.9485446019134592e+01  3.9520727711943607e+01  3.9569283099096758e+01  3.9630294798809203e+01  3.9702742500551608e+01  3.9785425437592465e+01  3.9876989228497912e+01  3.9975956606534261e+01  4.0080761396017152e+01  4.0189784923433322e+01  4.0301393881876237e+01  4.0413978515827310e+01  4.0525989876336709e+01  4.0635974829986118e+01  4.0742607501591436e+01  4.0844715898976375e+01  4.0941302611445934e+01  4.1031558689070629e+01  4.1114870089114227e+01  4.1190816405403069e+01  4.1259161958598035e+01  4.1319839699805655e+01  4.1372928744850604e+01  4.1418626689784993e+01  4.1457218139039611e+01  4.1489041087875478e+01  4.1514452926230106e+01  4.1533797862409749e+01  4.1547377498809610e+01  4.1555426130411689e+01  4.1558092088504502e+01  4.1555426130411654e+01  4.1547377498809531e+01  4.1533797862409592e+01  4.1514452926229964e+01  4.1489041087875336e+01  4.1457218139039504e+01  4.1418626689784901e+01  4.1372928744850505e+01  4.1319839699805577e+01  4.1259161958597943e+01  4.1190816405402920e+01  4.1114870089114113e+01  4.1031558689070536e+01  4.0941302611445821e+01  4.0844715898976226e+01  4.0742607501591266e+01  4.0635974829985962e+01  4.0525989876336567e+01  4.0413978515827154e+01  4.0301393881876052e+01  4.0189784923433116e+01  4.0080761396016896e+01  3.9975956606533941e+01  3.9876989228497592e+01  3.9785425437592167e+01  3.9702742500551309e+01  3.9630294798808876e+01  3.9569283099096452e+01  3.9520727711943302e+01  3.9485446019134294e+01  3.9464034712002388e+01  3.9456856968847333e+01  3.9575016747407531e+01  3.9581360311397091e+01  3.9600285539824363e+01  3.9631478307667663e+01  3.9674422596806671e+01  3.9728411678568861e+01  3.9792563552162690e+01  3.9865840396973525e+01  3.9947071696657915e+01  4.0034980577421166e+01  4.0128212775857470e+01  4.0225367520478528e+01  4.0325029485382231e+01  4.0425800865954137e+01  4.0526332547103792e+01  4.0625353295545921e+01  4.0721695918153770e+01  4.0814319394320691e+01  4.0902326113468405e+01  4.0984973526898848e+01  4.1061679749399140e+01  4.1132022909840231e+01  4.1195734337810144e+01  4.1252685969239742e+01  4.1302872640990444e+01  4.1346390205373595e+01  4.1383410614485399e+01  4.1414155287088953e+01  4.1438868166650281e+01  4.1457789900991386e+01  4.1471134519219540e+01  4.1479069852103244e+01  4.1481702744375212e+01  4.1479069852103223e+01  4.1471134519219454e+01  4.1457789900991230e+01  4.1438868166650131e+01  4.1414155287088818e+01  4.1383410614485278e+01  4.1346390205373496e+01  4.1302872640990337e+01  4.1252685969239636e+01  4.1195734337810045e+01  4.1132022909840131e+01  4.1061679749399026e+01  4.0984973526898727e+01  4.0902326113468277e+01  4.0814319394320549e+01  4.0721695918153607e+01  4.0625353295545750e+01  4.0526332547103607e+01  4.0425800865953946e+01  4.0325029485382004e+01  4.0225367520478265e+01  4.0128212775857172e+01  4.0034980577420839e+01  3.9947071696657574e+01  3.9865840396973191e+01  3.9792563552162363e+01  3.9728411678568541e+01  3.9674422596806338e+01  3.9631478307667322e+01  3.9600285539824014e+01  3.9581360311396743e+01  3.9575016747407190e+01  3.9680489397988303e+01  3.9686104246353814e+01  3.9702857521098096e+01  3.9730477382096026e+01  3.9768517301893404e+01  3.9816365766496894e+01  3.9873259632556781e+01  3.9938300901481028e+01  4.0010476583739049e+01  4.0088681230635018e+01  4.0171741609513028e+01  4.0258442897241103e+01  4.0347555673220015e+01  4.0437862915503224e+01  4.0528186150578385e+01  4.0617409886940010e+01  4.0704503481157033e+01  4.0788539646684221e+01  4.0868708921208139e+01  4.0944329555657227e+01  4.1014852471743261e+01  4.1079861146748634e+01  4.1139066513562568e+01  4.1192297198352733e+01  4.1239485644497833e+01  4.1280650876233594e+01  4.1315878826439423e+01  4.1345301279344682e+01  4.1369074552290670e+01  4.1387359055685984e+01  4.1400300824973925e+01  4.1408016014406549e+01  4.1410579184789839e+01  4.1408016014406513e+01  4.1400300824973833e+01  4.1387359055685849e+01  4.1369074552290513e+01  4.1345301279344532e+01  4.1315878826439288e+01  4.1280650876233459e+01  4.1239485644497719e+01  4.1192297198352620e+01  4.1139066513562462e+01  4.1079861146748513e+01  4.1014852471743126e+01  4.0944329555657092e+01  4.0868708921208025e+01  4.0788539646684079e+01  4.0704503481156870e+01  4.0617409886939825e+01  4.0528186150578179e+01  4.0437862915503018e+01  4.0347555673219723e+01  4.0258442897240798e+01  4.0171741609512679e+01  4.0088681230634641e+01  4.0010476583738679e+01  3.9938300901480659e+01  3.9873259632556433e+01  3.9816365766496538e+01  3.9768517301893020e+01  3.9730477382095636e+01  3.9702857521097698e+01  3.9686104246353409e+01  3.9680489397987927e+01  3.9774732351838104e+01  3.9779709754931687e+01  3.9794562916118188e+01  3.9819056397724928e+01  3.9852803462174002e+01  3.9895274452968486e+01  3.9945808310086520e+01  4.0003626992654759e+01  4.0067852506182263e+01  4.0137526151866830e+01  4.0211629534318519e+01  4.0289106785752864e+01  4.0368887394753507e+01  4.0449908972260388e+01  4.0531139252766536e+01  4.0611596620478693e+01  4.0690368472850153e+01  4.0766626790051006e+01  4.0839640369022746e+01  4.0908783302778673e+01  4.0973539435168050e+01  4.1033502691848412e+01  4.1088373371338776e+01  4.1137950666110797e+01  4.1182121862414583e+01  4.1220848828623460e+01  4.1254152535694047e+01  4.1282096451559674e+01  4.1304769707481753e+01  4.1322270944487954e+01  4.1334693710583615e+01  4.1342114195759187e+01  4.1344581965971038e+01  4.1342114195759137e+01  4.1334693710583515e+01  4.1322270944487833e+01  4.1304769707481626e+01  4.1282096451559553e+01  4.1254152535693919e+01  4.1220848828623296e+01  4.1182121862414448e+01  4.1137950666110676e+01  4.1088373371338662e+01  4.1033502691848312e+01  4.0973539435167915e+01  4.0908783302778531e+01  4.0839640369022597e+01  4.0766626790050857e+01  4.0690368472849968e+01  4.0611596620478466e+01  4.0531139252766295e+01  4.0449908972260125e+01  4.0368887394753180e+01  4.0289106785752509e+01  4.0211629534318121e+01  4.0137526151866375e+01  4.0067852506181850e+01  4.0003626992654375e+01  3.9945808310086136e+01  3.9895274452968103e+01  3.9852803462173604e+01  3.9819056397724509e+01  3.9794562916117755e+01  3.9779709754931275e+01  3.9774732351837699e+01  3.9859020499500744e+01  3.9863439505416665e+01  3.9876627990717971e+01  3.9898381830511468e+01  3.9928365696109189e+01  3.9966120273116509e+01  4.0011072162166037e+01  4.0062546252869225e+01  4.0119780296468427e+01  4.0181941336331526e+01  4.0248143590141360e+01  4.0317467316698341e+01  4.0388978147780755e+01  4.0461746326018329e+01  4.0534865267748671e+01  4.0607468869358065e+01  4.0678746999713894e+01  4.0747958671646934e+01  4.0814442462053144e+01  4.0877623851266677e+01  4.0937019274301846e+01  4.0992236814138259e+01  4.1042973613833325e+01  4.1089010232337110e+01  4.1130202310426249e+01  4.1166470040151637e+01  4.1197786036153637e+01  4.1224162283718243e+01  4.1245636881588709e+01  4.1262261304200457e+01  4.1274088877113392e+01  4.1281165092075533e+01  4.1283520287576046e+01  4.1281165092075483e+01  4.1274088877113286e+01  4.1262261304200344e+01  4.1245636881588602e+01  4.1224162283718144e+01  4.1197786036153524e+01  4.1166470040151481e+01  4.1130202310426121e+01  4.1089010232336982e+01  4.1042973613833190e+01  4.0992236814138131e+01  4.0937019274301690e+01  4.0877623851266527e+01  4.0814442462052973e+01  4.0747958671646757e+01  4.0678746999713695e+01  4.0607468869357788e+01  4.0534865267748401e+01  4.0461746326018009e+01  4.0388978147780371e+01  4.0317467316697957e+01  4.0248143590140913e+01  4.0181941336331029e+01  4.0119780296467994e+01  4.0062546252868856e+01  4.0011072162165640e+01  3.9966120273116118e+01  3.9928365696108791e+01  3.9898381830511049e+01  3.9876627990717530e+01  3.9863439505416231e+01  3.9859020499500325e+01  3.9934470635331550e+01  3.9938399776516256e+01  3.9950127710825555e+01  3.9969477237493791e+01  3.9996157218634814e+01  4.0029768781222351e+01  4.0069813812591896e+01  4.0115705560187855e+01  4.0166781090490709e+01  4.0222315306849374e+01  4.0281536173216999e+01  4.0343640743118428e+01  4.0407811553652699e+01  4.0473232916283429e+01  4.0539106622851762e+01  4.0604666589490876e+01  4.0669191985000495e+01  4.0732018434769678e+01  4.0792546956276169e+01  4.0850250365933086e+01  4.0904676996634365e+01  4.0955451676569510e+01  4.1002274037519150e+01  4.1044914338978074e+01  4.1083207106801702e+01  4.1117042985403131e+01  4.1146359285050636e+01  4.1171129765571010e+01  4.1191354230954374e+01  4.1207048513611738e+01  4.1218235401593908e+01  4.1224937007853484e+01  4.1227169000182165e+01  4.1224937007853448e+01  4.1218235401593816e+01  4.1207048513611653e+01  4.1191354230954282e+01  4.1171129765570917e+01  4.1146359285050536e+01  4.1117042985403067e+01  4.1083207106801588e+01  4.1044914338977946e+01  4.1002274037519015e+01  4.0955451676569361e+01  4.0904676996634223e+01  4.0850250365932929e+01  4.0792546956276013e+01  4.0732018434769500e+01  4.0669191985000296e+01  4.0604666589490641e+01  4.0539106622851513e+01  4.0473232916283152e+01  4.0407811553652365e+01  4.0343640743118044e+01  4.0281536173216551e+01  4.0222315306848884e+01  4.0166781090490232e+01  4.0115705560187422e+01  4.0069813812591470e+01  4.0029768781221954e+01  3.9996157218634401e+01  3.9969477237493358e+01  3.9950127710825107e+01  3.9938399776515816e+01  3.9934470635331117e+01  4.0002062488792937e+01  4.0005561254491269e+01  4.0016005838574173e+01  4.0033242190003307e+01  4.0057017159713936e+01  4.0086983820546223e+01  4.0122708746791325e+01  4.0163681084799606e+01  4.0209323198457184e+01  4.0259002627358264e+01  4.0312045052758819e+01  4.0367747928905686e+01  4.0425394407428193e+01  4.0484267162610941e+01  4.0543661717884063e+01  4.0602898880753195e+01  4.0661335916027532e+01  4.0718376126155114e+01  4.0773476562348790e+01  4.0826153659555132e+01  4.0875986669733038e+01  4.0922618857986180e+01  4.0965756520695699e+01  4.1005165979254350e+01  4.1040668792399359e+01  4.1072135509608557e+01  4.1099478353074751e+01  4.1122643262560793e+01  4.1141601763046054e+01  4.1156343117698199e+01  4.1166867207797011e+01  4.1173178537562343e+01  4.1175281697445698e+01  4.1173178537562315e+01  4.1166867207796948e+01  4.1156343117698128e+01  4.1141601763045962e+01  4.1122643262560700e+01  4.1099478353074652e+01  4.1072135509608458e+01  4.1040668792399224e+01  4.1005165979254230e+01  4.0965756520695557e+01  4.0922618857986073e+01  4.0875986669732896e+01  4.0826153659554976e+01  4.0773476562348634e+01  4.0718376126154951e+01  4.0661335916027333e+01  4.0602898880752988e+01  4.0543661717883850e+01  4.0484267162610728e+01  4.0425394407427895e+01  4.0367747928905288e+01  4.0312045052758386e+01  4.0259002627357752e+01  4.0209323198456644e+01  4.0163681084799137e+01  4.0122708746790870e+01  4.0086983820545811e+01  4.0057017159713517e+01  4.0033242190002866e+01  4.0016005838573719e+01  4.0005561254490829e+01  4.0002062488792497e+01  4.0062656810857675e+01  4.0065776914081738e+01  4.0075092198976556e+01  4.0090468524231333e+01  4.0111685409671409e+01  4.0138440594457322e+01  4.0170356269227582e+01  4.0206986833762073e+01  4.0247827991180152e+01  4.0292326951367691e+01  4.0339893481554334e+01  4.0389911512317340e+01  4.0441750984543454e+01  4.0494779608848084e+01  4.0548374205320371e+01  4.0601931299610335e+01  4.0654876672201318e+01  4.0706673591474470e+01  4.0756829507408739e+01  4.0804901040205650e+01  4.0850497164756447e+01  4.0893280564946572e+01  4.0932967208023094e+01  4.0969324264944305e+01  4.1002166573932826e+01  4.1031351907557024e+01  4.1056775355079026e+01  4.1078363168551348e+01  4.1096066440970873e+01  4.1109854986338043e+01  4.1119711774333595e+01  4.1125628237153201e+01  4.1127600714475975e+01  4.1125628237153173e+01  4.1119711774333538e+01  4.1109854986337943e+01  4.1096066440970773e+01  4.1078363168551256e+01  4.1056775355078919e+01  4.1031351907556903e+01  4.1002166573932691e+01  4.0969324264944177e+01  4.0932967208022980e+01  4.0893280564946494e+01  4.0850497164756320e+01  4.0804901040205507e+01  4.0756829507408575e+01  4.0706673591474292e+01  4.0654876672201119e+01  4.0601931299610129e+01  4.0548374205320165e+01  4.0494779608847907e+01  4.0441750984543170e+01  4.0389911512316985e+01  4.0339893481553922e+01  4.0292326951367230e+01  4.0247827991179676e+01  4.0206986833761619e+01  4.0170356269227135e+01  4.0138440594456867e+01  4.0111685409670962e+01  4.0090468524230872e+01  4.0075092198976094e+01  4.0065776914081283e+01  4.0062656810857220e+01  4.0117010926474293e+01  4.0119797392001473e+01  4.0128117519018986e+01  4.0141854298274041e+01  4.0160815360283053e+01  4.0184736878384129e+01  4.0213288901899610e+01  4.0246081989840974e+01  4.0282674981133667e+01  4.0322583705378008e+01  4.0365290409773486e+01  4.0410253654265901e+01  4.0456918409580183e+01  4.0504726082917678e+01  4.0553124194938981e+01  4.0601575440166457e+01  4.0649565881692929e+01  4.0696612060132722e+01  4.0742266835606038e+01  4.0786123829102301e+01  4.0827820384140523e+01  4.0867039029020667e+01  4.0903507481505805e+01  4.0936997298566943e+01  4.0967321330830622e+01  4.0994330191607673e+01  4.1017907991132972e+01  4.1037967615594738e+01  4.1054445845948045e+01  4.1067298612349433e+01  4.1076496666046140e+01  4.1082021922240891e+01  4.1083864686151848e+01  4.1082021922240870e+01  4.1076496666046083e+01  4.1067298612349347e+01  4.1054445845947939e+01  4.1037967615594646e+01  4.1017907991132866e+01  4.0994330191607538e+01  4.0967321330830487e+01  4.0936997298566823e+01  4.0903507481505692e+01  4.0867039029020589e+01  4.0827820384140388e+01  4.0786123829102159e+01  4.0742266835605868e+01  4.0696612060132523e+01  4.0649565881692716e+01  4.0601575440166251e+01  4.0553124194938775e+01  4.0504726082917443e+01  4.0456918409579899e+01  4.0410253654265581e+01  4.0365290409773081e+01  4.0322583705377554e+01  4.0282674981133212e+01  4.0246081989840533e+01  4.0213288901899183e+01  4.0184736878383717e+01  4.0160815360282605e+01  4.0141854298273572e+01  4.0128117519018510e+01  4.0119797392000990e+01  4.0117010926473824e+01  4.0165792111036566e+01  4.0168284208430862e+01  4.0175726186823894e+01  4.0188015789562790e+01  4.0204984854802625e+01  4.0226402656896553e+01  4.0251980470145782e+01  4.0281377242568581e+01  4.0314206238135512e+01  4.0350042479237139e+01  4.0388430797895687e+01  4.0428894285392701e+01  4.0470942916593685e+01  4.0514082118303541e+01  4.0557821051351475e+01  4.0601680384423645e+01  4.0645199354271192e+01  4.0687941931757408e+01  4.0729501945780406e+01  4.0769507056457080e+01  4.0807621513682648e+01  4.0843547685489874e+01  4.0877026390412517e+01  4.0907836116987085e+01  4.0935791259215037e+01  4.0960739536910012e+01  4.0982558802250487e+01  4.1001153456746628e+01  4.1016450714877116e+01  4.1028396951065446e+01  4.1036954355260647e+01  4.1042098099612389e+01  4.1043814185649651e+01  4.1042098099612367e+01  4.1036954355260590e+01  4.1028396951065389e+01  4.1016450714877024e+01  4.1001153456746529e+01  4.0982558802250381e+01  4.0960739536909891e+01  4.0935791259214888e+01  4.0907836116986935e+01  4.0877026390412396e+01  4.0843547685489774e+01  4.0807621513682491e+01  4.0769507056456902e+01  4.0729501945780207e+01  4.0687941931757202e+01  4.0645199354270979e+01  4.0601680384423418e+01  4.0557821051351240e+01  4.0514082118303278e+01  4.0470942916593387e+01  4.0428894285392374e+01  4.0388430797895310e+01  4.0350042479236720e+01  4.0314206238135071e+01  4.0281377242568141e+01  4.0251980470145355e+01  4.0226402656896141e+01  4.0204984854802170e+01  4.0188015789562307e+01  4.0175726186823404e+01  4.0168284208430364e+01  4.0165792111036076e+01  4.0209589100810270e+01  4.0211821143861535e+01  4.0218487230282953e+01  4.0229497818350588e+01  4.0244705612468110e+01  4.0263908424253735e+01  4.0286853079218389e+01  4.0313240272152051e+01  4.0342730249602660e+01  4.0374949175539335e+01  4.0409496017179428e+01  4.0445949772815553e+01  4.0483876853098302e+01  4.0522838422351406e+01  4.0562397507739732e+01  4.0602125691905464e+01  4.0641609219210793e+01  4.0680454366845304e+01  4.0718291959301077e+01  4.0754780937262986e+01  4.0789610928643114e+01  4.0822503808843827e+01  4.0853214277667313e+01  4.0881529519753855e+01  4.0907268052132416e+01  4.0930277894566835e+01  4.0950434224212344e+01  4.0967636694264165e+01  4.0981806605748339e+01  4.0992884121774665e+01  4.1000825704318601e+01  4.1005601935298401e+01  4.1007195857222001e+01  4.1005601935298372e+01  4.1000825704318544e+01  4.0992884121774587e+01  4.0981806605748261e+01  4.0967636694264080e+01  4.0950434224212259e+01  4.0930277894566721e+01  4.0907268052132267e+01  4.0881529519753720e+01  4.0853214277667178e+01  4.0822503808843663e+01  4.0789610928642894e+01  4.0754780937262780e+01  4.0718291959300856e+01  4.0680454366845105e+01  4.0641609219210572e+01  4.0602125691905201e+01  4.0562397507739483e+01  4.0522838422351150e+01  4.0483876853098003e+01  4.0445949772815226e+01  4.0409496017179059e+01  4.0374949175538930e+01  4.0342730249602212e+01  4.0313240272151617e+01  4.0286853079217963e+01  4.0263908424253280e+01  4.0244705612467627e+01  4.0229497818350083e+01  4.0218487230282435e+01  4.0211821143861002e+01  4.0209589100809744e+01  4.0248922004481436e+01  4.0250924035921997e+01  4.0256903772095782e+01  4.0266782641088490e+01  4.0280431352465484e+01  4.0297672348431881e+01  4.0318283150322024e+01  4.0342000517218615e+01  4.0368525312583756e+01  4.0397527956138148e+01  4.0428654322467153e+01  4.0461531935591800e+01  4.0495776300632578e+01  4.0530997210264005e+01  4.0566804865350576e+01  4.0602815656247714e+01  4.0638657463821218e+01  4.0673974357111945e+01  4.0708430587315640e+01  4.0741713804650693e+01  4.0773537454782982e+01  4.0803642343575014e+01  4.0831797391659087e+01  4.0857799632228613e+01  4.0881473534993958e+01  4.0902669765012575e+01  4.0921263505767911e+01  4.0937152490349348e+01  4.0950254892077425e+01  4.0960507225966239e+01  4.0967862404940675e+01  4.0972288080040656e+01  4.0973765372641566e+01  4.0972288080040627e+01  4.0967862404940611e+01  4.0960507225966154e+01  4.0950254892077346e+01  4.0937152490349284e+01  4.0921263505767840e+01  4.0902669765012483e+01  4.0881473534993852e+01  4.0857799632228485e+01  4.0831797391658931e+01  4.0803642343574815e+01  4.0773537454782769e+01  4.0741713804650480e+01  4.0708430587315419e+01  4.0673974357111703e+01  4.0638657463820977e+01  4.0602815656247451e+01  4.0566804865350313e+01  4.0530997210263727e+01  4.0495776300632258e+01  4.0461531935591452e+01  4.0428654322466762e+01  4.0397527956137722e+01  4.0368525312583301e+01  4.0342000517218153e+01  4.0318283150321562e+01  4.0297672348431405e+01  4.0280431352464973e+01  4.0266782641087978e+01  4.0256903772095278e+01  4.0250924035921471e+01  4.0248922004480903e+01  4.0284250845271480e+01  4.0286049223249258e+01  4.0291421181089753e+01  4.0300297621442127e+01  4.0312564807873429e+01  4.0328066466686302e+01  4.0346606656419198e+01  4.0367953333816644e+01  4.0391842527375587e+01  4.0417983013962342e+01  4.0446061380959222e+01  4.0475747346451925e+01  4.0506699203576197e+01  4.0538569252721501e+01  4.0571009087150856e+01  4.0603674603913596e+01  4.0636230622714407e+01  4.0668355010465604e+01  4.0699742228198843e+01  4.0730106239241159e+01  4.0759182742263121e+01  4.0786730719014123e+01  4.0812533313165396e+01  4.0836398082507579e+01  4.0858156690602215e+01  4.0877664124721598e+01  4.0894797543497376e+01  4.0909454869287927e+01  4.0921553246245772e+01  4.0931027485072185e+01  4.0937828609437211e+01  4.0941922607281981e+01  4.0943289473262979e+01  4.0941922607281960e+01  4.0937828609437126e+01  4.0931027485072093e+01  4.0921553246245679e+01  4.0909454869287863e+01  4.0894797543497340e+01  4.0877664124721548e+01  4.0858156690602094e+01  4.0836398082507444e+01  4.0812533313165240e+01  4.0786730719013917e+01  4.0759182742262908e+01  4.0730106239240968e+01  4.0699742228198630e+01  4.0668355010465348e+01  4.0636230622714159e+01  4.0603674603913333e+01  4.0571009087150586e+01  4.0538569252721203e+01  4.0506699203575849e+01  4.0475747346451570e+01  4.0446061380958824e+01  4.0417983013961894e+01  4.0391842527375132e+01  4.0367953333816153e+01  4.0346606656418714e+01  4.0328066466685762e+01  4.0312564807872874e+01  4.0300297621441580e+01  4.0291421181089220e+01  4.0286049223248710e+01  4.0284250845270925e+01  4.0315982930105974e+01  4.0317600830713808e+01  4.0322434107571901e+01  4.0330421855716821e+01  4.0341463790899773e+01  4.0355422054020700e+01  4.0372123674851920e+01  4.0391363634253125e+01  4.0412908449139636e+01  4.0436500191376396e+01  4.0461860840955467e+01  4.0488696865680538e+01  4.0516703914498734e+01  4.0545571509894991e+01  4.0574987626617805e+01  4.0604643049541430e+01  4.0634235412657247e+01  4.0663472833837169e+01  4.0692077075773014e+01  4.0719786181852051e+01  4.0746356556014192e+01  4.0771564477052905e+01  4.0795207059480866e+01  4.0817102694034105e+01  4.0837091020185717e+01  4.0855032499774268e+01  4.0870807674212145e+01  4.0884316197059213e+01  4.0895475738545613e+01  4.0904220858639505e+01  4.0910501940453905e+01  4.0914284266387028e+01  4.0915547305846303e+01  4.0914284266387014e+01  4.0910501940453862e+01  4.0904220858639434e+01  4.0895475738545542e+01  4.0884316197059157e+01  4.0870807674212081e+01  4.0855032499774182e+01  4.0837091020185603e+01  4.0817102694033970e+01  4.0795207059480667e+01  4.0771564477052699e+01  4.0746356556013964e+01  4.0719786181851838e+01  4.0692077075772779e+01  4.0663472833836920e+01  4.0634235412656977e+01  4.0604643049541139e+01  4.0574987626617499e+01  4.0545571509894664e+01  4.0516703914498379e+01  4.0488696865680168e+01  4.0461860840955069e+01  4.0436500191375949e+01  4.0412908449139167e+01  4.0391363634252627e+01  4.0372123674851395e+01  4.0355422054020138e+01  4.0341463790899205e+01  4.0330421855716253e+01  4.0322434107571326e+01  4.0317600830713218e+01  4.0315982930105385e+01  4.0344479213724810e+01  4.0345937061928097e+01  4.0350292562767223e+01  4.0357491902953498e+01  4.0367446445988136e+01  4.0380034283644797e+01  4.0395102354714638e+01  4.0412469079204321e+01  4.0431927443553420e+01  4.0453248461448126e+01  4.0476184925805725e+01  4.0500475360816047e+01  4.0525848078843204e+01  4.0552025245741902e+01  4.0578726859883929e+01  4.0605674554977071e+01  4.0632595144535976e+01  4.0659223836452846e+01  4.0685307059203971e+01  4.0710604856379852e+01  4.0734892822888675e+01  4.0757963573702426e+01  4.0779627753671043e+01  4.0799714613962259e+01  4.0818072196332274e+01  4.0834567179977590e+01  4.0849084456517701e+01  4.0861526506191190e+01  4.0871812652237949e+01  4.0879878270486287e+01  4.0885674027351882e+01  4.0889165211965931e+01  4.0890331217348191e+01  4.0889165211965917e+01  4.0885674027351861e+01  4.0879878270486252e+01  4.0871812652237907e+01  4.0861526506191147e+01  4.0849084456517645e+01  4.0834567179977512e+01  4.0818072196332167e+01  4.0799714613962117e+01  4.0779627753670866e+01  4.0757963573702213e+01  4.0734892822888447e+01  4.0710604856379625e+01  4.0685307059203730e+01  4.0659223836452583e+01  4.0632595144535678e+01  4.0605674554976765e+01  4.0578726859883616e+01  4.0552025245741561e+01  4.0525848078842856e+01  4.0500475360815670e+01  4.0476184925805320e+01  4.0453248461447693e+01  4.0431927443552951e+01  4.0412469079203802e+01  4.0395102354714105e+01  4.0380034283644228e+01  4.0367446445987554e+01  4.0357491902952908e+01  4.0350292562766612e+01  4.0345937061927472e+01  4.0344479213724171e+01  4.0370059800937049e+01  4.0371375640506571e+01  4.0375307178615373e+01  4.0381806747341827e+01  4.0390795806454463e+01  4.0402166279855699e+01  4.0415782381157506e+01  4.0431482884296116e+01  4.0449083784421589e+01  4.0468381285056999e+01  4.0489155040003254e+01  4.0511171572934728e+01  4.0534187794316132e+01  4.0557954534345427e+01  4.0582220012198960e+01  4.0606733165946977e+01  4.0631246774056727e+01  4.0655520308234259e+01  4.0679322468210174e+01  4.0702433361574712e+01  4.0724646305458251e+01  4.0745769241197031e+01  4.0765625767538630e+01  4.0784055811811612e+01  4.0800915971203551e+01  4.0816079567286152e+01  4.0829436465689902e+01  4.0840892718949888e+01  4.0850370093728714e+01  4.0857805543715813e+01  4.0863150686501442e+01  4.0866371336776623e+01  4.0867447139614612e+01  4.0866371336776631e+01  4.0863150686501434e+01  4.0857805543715799e+01  4.0850370093728714e+01  4.0840892718949902e+01  4.0829436465689867e+01  4.0816079567286074e+01  4.0800915971203445e+01  4.0784055811811491e+01  4.0765625767538467e+01  4.0745769241196840e+01  4.0724646305458037e+01  4.0702433361574492e+01  4.0679322468209925e+01  4.0655520308234003e+01  4.0631246774056436e+01  4.0606733165946679e+01  4.0582220012198647e+01  4.0557954534345100e+01  4.0534187794315770e+01  4.0511171572934352e+01  4.0489155040002842e+01  4.0468381285056545e+01  4.0449083784421092e+01  4.0431482884295583e+01  4.0415782381156951e+01  4.0402166279855116e+01  4.0390795806453866e+01  4.0381806747341216e+01  4.0375307178614740e+01  4.0371375640505903e+01  4.0370059800936360e+01  4.0393008709010246e+01  4.0394198520545778e+01  4.0397753763845870e+01  4.0403632101343987e+01  4.0411763752632211e+01  4.0422052648166030e+01  4.0434378005763570e+01  4.0448596292401071e+01  4.0464543524779813e+01  4.0482037854355028e+01  4.0500882376215571e+01  4.0520868096603500e+01  4.0541776991141163e+01  4.0563385085124800e+01  4.0585465488619519e+01  4.0607791322555158e+01  4.0630138477509689e+01  4.0652288154217317e+01  4.0674029143827738e+01  4.0695159816250595e+01  4.0715489796172584e+01  4.0734841318088819e+01  4.0753050263474826e+01  4.0769966894542037e+01  4.0785456309384159e+01  4.0799398652273567e+01  4.0811689120005866e+01  4.0822237810189748e+01  4.0830969460011225e+01  4.0837823124146809e+01  4.0842751838161441e+01  4.0845722309024538e+01  4.0846714667557023e+01  4.0845722309024552e+01  4.0842751838161433e+01  4.0837823124146809e+01  4.0830969460011239e+01  4.0822237810189804e+01  4.0811689120005852e+01  4.0799398652273474e+01  4.0785456309384045e+01  4.0769966894541916e+01  4.0753050263474677e+01  4.0734841318088641e+01  4.0715489796172392e+01  4.0695159816250396e+01  4.0674029143827504e+01  4.0652288154217061e+01  4.0630138477509391e+01  4.0607791322554860e+01  4.0585465488619192e+01  4.0563385085124487e+01  4.0541776991140793e+01  4.0520868096603124e+01  4.0500882376215145e+01  4.0482037854354537e+01  4.0464543524779288e+01  4.0448596292400509e+01  4.0434378005762994e+01  4.0422052648165419e+01  4.0411763752631586e+01  4.0403632101343362e+01  4.0397753763845223e+01  4.0394198520545046e+01  4.0393008709009457e+01  4.0413577994012357e+01  4.0414655968820433e+01  4.0417877254878334e+01  4.0423204141556049e+01  4.0430574454564351e+01  4.0439902554412612e+01  4.0451080701329694e+01  4.0463980754764755e+01  4.0478456167941559e+01  4.0494344231367691e+01  4.0511468513900532e+01  4.0529641446122611e+01  4.0548666988520203e+01  4.0568343326393162e+01  4.0588465534599138e+01  4.0608828158144505e+01  4.0629227659209484e+01  4.0649464687297595e+01  4.0669346136632868e+01  4.0688686963427386e+01  4.0707311744892642e+01  4.0725055971510841e+01  4.0741767073729839e+01  4.0757305193497587e+01  4.0771543719517446e+01  4.0784369612418033e+01  4.0795683551870255e+01  4.0805399941792096e+01  4.0813446811979610e+01  4.0819765654698820e+01  4.0824311232972967e+01  4.0827051393603085e+01  4.0827966912564371e+01  4.0827051393603085e+01  4.0824311232972960e+01  4.0819765654698813e+01  4.0813446811979617e+01  4.0805399941792125e+01  4.0795683551870226e+01  4.0784369612417954e+01  4.0771543719517339e+01  4.0757305193497459e+01  4.0741767073729690e+01  4.0725055971510663e+01  4.0707311744892458e+01  4.0688686963427195e+01  4.0669346136632626e+01  4.0649464687297339e+01  4.0629227659209199e+01  4.0608828158144185e+01  4.0588465534598811e+01  4.0568343326392792e+01  4.0548666988519813e+01  4.0529641446122206e+01  4.0511468513900091e+01  4.0494344231367208e+01  4.0478456167941033e+01  4.0463980754764194e+01  4.0451080701329104e+01  4.0439902554411979e+01  4.0430574454563711e+01  4.0423204141555409e+01  4.0417877254877681e+01  4.0414655968819737e+01  4.0413577994011646e+01  4.0431991329398329e+01  4.0432970105845271e+01  4.0435895145291013e+01  4.0440732755437530e+01  4.0447427369656523e+01  4.0455902413590394e+01  4.0466061490377861e+01  4.0477789857386696e+01  4.0490956160853990e+01  4.0505414389273618e+01  4.0521006001896261e+01  4.0537562185466221e+01  4.0554906190423871e+01  4.0572855697328542e+01  4.0591225165239358e+01  4.0609828116214238e+01  4.0628479313886146e+01  4.0646996799130697e+01  4.0665203751978751e+01  4.0682930155933462e+01  4.0700014248459766e+01  4.0716303749332056e+01  4.0731656866436104e+01  4.0745943086201045e+01  4.0759043762769998e+01  4.0770852526010849e+01  4.0781275533265010e+01  4.0790231593128780e+01  4.0797652191416297e+01  4.0803481449695930e+01  4.0807676045428515e+01  4.0810205119850472e+01  4.0811050195494289e+01  4.0810205119850487e+01  4.0807676045428508e+01  4.0803481449695894e+01  4.0797652191416290e+01  4.0790231593128809e+01  4.0781275533264989e+01  4.0770852526010778e+01  4.0759043762769899e+01  4.0745943086200910e+01  4.0731656866435955e+01  4.0716303749331885e+01  4.0700014248459574e+01  4.0682930155933263e+01  4.0665203751978531e+01  4.0646996799130456e+01  4.0628479313885876e+01  4.0609828116213940e+01  4.0591225165239038e+01  4.0572855697328180e+01  4.0554906190423473e+01  4.0537562185465809e+01  4.0521006001895806e+01  4.0505414389273149e+01  4.0490956160853457e+01  4.0477789857386128e+01  4.0466061490377243e+01  4.0455902413589747e+01  4.0447427369655863e+01  4.0440732755436876e+01  4.0435895145290353e+01  4.0432970105844603e+01  4.0431991329397668e+01  4.0448447111890488e+01  4.0449337979871302e+01  4.0452000465002932e+01  4.0456404365246534e+01  4.0462499855033798e+01  4.0470218239914480e+01  4.0479472989204666e+01  4.0490161023550201e+01  4.0502164228814095e+01  4.0515351162976565e+01  4.0529578918944672e+01  4.0544695103422171e+01  4.0560539890380532e+01  4.0576948107257792e+01  4.0593751312815556e+01  4.0610779827586931e+01  4.0627864680990172e+01  4.0644839443360297e+01  4.0661541916217985e+01  4.0677815659867946e+01  4.0693511343680917e+01  4.0708487910921534e+01  4.0722613556481519e+01  4.0735766522100491e+01  4.0747835719350668e+01  4.0758721195590375e+01  4.0768334462050191e+01  4.0776598706041739e+01  4.0783448910860869e+01  4.0788831907240017e+01  4.0792706379194698e+01  4.0795042844876022e+01  4.0795823629711833e+01  4.0795042844876036e+01  4.0792706379194691e+01  4.0788831907239988e+01  4.0783448910860848e+01  4.0776598706041732e+01  4.0768334462050156e+01  4.0758721195590297e+01  4.0747835719350569e+01  4.0735766522100349e+01  4.0722613556481349e+01  4.0708487910921335e+01  4.0693511343680711e+01  4.0677815659867740e+01  4.0661541916217779e+01  4.0644839443360077e+01  4.0627864680989923e+01  4.0610779827586647e+01  4.0593751312815236e+01  4.0576948107257437e+01  4.0560539890380149e+01  4.0544695103421759e+01  4.0529578918944210e+01  4.0515351162976067e+01  4.0502164228813555e+01  4.0490161023549639e+01  4.0479472989204069e+01  4.0470218239913883e+01  4.0462499855033165e+01  4.0456404365245888e+01  4.0452000465002257e+01  4.0449337979870648e+01  4.0448447111889834e+01  4.0463121158421004e+01  4.0463934236746532e+01  4.0466364369602772e+01  4.0470384385511878e+01  4.0475949445317632e+01  4.0482997701829085e+01  4.0491451202976123e+01  4.0501217018795344e+01  4.0512188567875626e+01  4.0524247114873873e+01  4.0537263407483699e+01  4.0551099418897280e+01  4.0565610160418288e+01  4.0580645528506508e+01  4.0596052151178135e+01  4.0611675200327760e+01  4.0627360139127326e+01  4.0642954377102349e+01  4.0658308809664938e+01  4.0673279223639426e+01  4.0687727555474424e+01  4.0701522994191627e+01  4.0714542926467956e+01  4.0726673726368745e+01  4.0737811396941815e+01  4.0747862074949786e+01  4.0756742413303648e+01  4.0764379858127100e+01  4.0770712838745418e+01  4.0775690889208562e+01  4.0779274719234245e+01  4.0781436250747113e+01  4.0782158633601000e+01  4.0781436250747120e+01  4.0779274719234238e+01  4.0775690889208519e+01  4.0770712838745382e+01  4.0764379858127093e+01  4.0756742413303606e+01  4.0747862074949694e+01  4.0737811396941716e+01  4.0726673726368581e+01  4.0714542926467757e+01  4.0701522994191428e+01  4.0687727555474176e+01  4.0673279223639227e+01  4.0658308809664760e+01  4.0642954377102136e+01  4.0627360139127070e+01  4.0611675200327497e+01  4.0596052151177837e+01  4.0580645528506182e+01  4.0565610160417926e+01  4.0551099418896868e+01  4.0537263407483202e+01  4.0524247114873340e+01  4.0512188567875086e+01  4.0501217018794790e+01  4.0491451202975526e+01  4.0482997701828481e+01  4.0475949445317013e+01  4.0470384385511259e+01  4.0466364369602140e+01  4.0463934236745892e+01  4.0463121158420357e+01  4.0476169048300477e+01  4.0476913439091057e+01  4.0479138391149746e+01  4.0482819361880587e+01  4.0487915838895759e+01  4.0494371919108133e+01  4.0502117102075374e+01  4.0511067280779457e+01  4.0521125909019204e+01  4.0532185321159531e+01  4.0544128177218866e+01  4.0556829004264998e+01  4.0570155803888888e+01  4.0583971695171847e+01  4.0598136563062738e+01  4.0612508683418724e+01  4.0626946298088981e+01  4.0641309116256856e+01  4.0655459721700076e+01  4.0669264869550432e+01  4.0682596660385663e+01  4.0695333583902624e+01  4.0707361428829870e+01  4.0718574059964752e+01  4.0728874067098026e+01  4.0738173293963271e+01  4.0746393258087522e+01  4.0753465474417652e+01  4.0759331696785111e+01  4.0763944091614555e+01  4.0767265357786641e+01  4.0769268805277171e+01  4.0769938403197919e+01  4.0769268805277171e+01  4.0767265357786620e+01  4.0763944091614505e+01  4.0759331696785068e+01  4.0753465474417631e+01  4.0746393258087458e+01  4.0738173293963172e+01  4.0728874067097905e+01  4.0718574059964595e+01  4.0707361428829685e+01  4.0695333583902411e+01  4.0682596660385450e+01  4.0669264869550247e+01  4.0655459721699870e+01  4.0641309116256636e+01  4.0626946298088733e+01  4.0612508683418447e+01  4.0598136563062425e+01  4.0583971695171520e+01  4.0570155803888525e+01  4.0556829004264593e+01  4.0544128177218397e+01  4.0532185321159020e+01  4.0521125909018679e+01  4.0511067280778903e+01  4.0502117102074799e+01  4.0494371919107550e+01  4.0487915838895169e+01  4.0482819361879990e+01  4.0479138391149149e+01  4.0476913439090438e+01  4.0476169048299852e+01  4.0487728156598777e+01  4.0488412080167478e+01  4.0490456394024633e+01  4.0493838831964972e+01  4.0498522629276692e+01  4.0504457033632320e+01  4.0511578005437769e+01  4.0519809093227899e+01  4.0529062466262218e+01  4.0539240083526188e+01  4.0550234975967236e+01  4.0561932617054957e+01  4.0574212355700425e+01  4.0586948885229290e+01  4.0600013722482238e+01  4.0613276672195404e+01  4.0626607253553040e+01  4.0639876068136033e+01  4.0652956091328072e+01  4.0665723872476569e+01  4.0678060632615171e+01  4.0689853252203299e+01  4.0700995144984148e+01  4.0711387017562394e+01  4.0720937517522280e+01  4.0729563775717764e+01  4.0737191850665525e+01  4.0743757084670882e+01  4.0749204382362812e+01  4.0753488422677869e+01  4.0756573815020580e+01  4.0758435209377026e+01  4.0759057368636341e+01  4.0758435209377026e+01  4.0756573815020559e+01  4.0753488422677833e+01  4.0749204382362748e+01  4.0743757084670804e+01  4.0737191850665432e+01  4.0729563775717651e+01  4.0720937517522131e+01  4.0711387017562231e+01  4.0700995144983963e+01  4.0689853252203100e+01  4.0678060632614972e+01  4.0665723872476384e+01  4.0652956091327859e+01  4.0639876068135798e+01  4.0626607253552791e+01  4.0613276672195127e+01  4.0600013722481933e+01  4.0586948885228963e+01  4.0574212355700048e+01  4.0561932617054559e+01  4.0550234975966788e+01  4.0539240083525698e+01  4.0529062466261713e+01  4.0519809093227366e+01  4.0511578005437208e+01  4.0504457033631759e+01  4.0498522629276117e+01  4.0493838831964382e+01  4.0490456394024037e+01  4.0488412080166881e+01  4.0487728156598166e+01  4.0497919417759661e+01  4.0498550330955467e+01  4.0500436272816344e+01  4.0503556942677974e+01  4.0507878812613697e+01  4.0513355580706722e+01  4.0519928792815477e+01  4.0527528620432157e+01  4.0536074779275623e+01  4.0545477570715775e+01  4.0555639026068938e+01  4.0566454132287205e+01  4.0577812116628550e+01  4.0589597767562658e+01  4.0601692769441499e+01  4.0613977029327629e+01  4.0626329975791769e+01  4.0638631811406171e+01  4.0650764702999616e+01  4.0662613896412644e+01  4.0674068745395154e+01  4.0685023647311290e+01  4.0695378881341014e+01  4.0705041347778419e+01  4.0713925209710929e+01  4.0721952440719996e+01  4.0729053284185945e+01  4.0735166631237533e+01  4.0740240325317409e+01  4.0744231401713577e+01  4.0747106270240799e+01  4.0748840848574048e+01  4.0749420652593408e+01  4.0748840848574041e+01  4.0747106270240764e+01  4.0744231401713506e+01  4.0740240325317323e+01  4.0735166631237419e+01  4.0729053284185817e+01  4.0721952440719846e+01  4.0713925209710759e+01  4.0705041347778248e+01  4.0695378881340829e+01  4.0685023647311077e+01  4.0674068745394948e+01  4.0662613896412431e+01  4.0650764702999396e+01  4.0638631811405922e+01  4.0626329975791506e+01  4.0613977029327344e+01  4.0601692769441208e+01  4.0589597767562339e+01  4.0577812116628181e+01  4.0566454132286800e+01  4.0555639026068491e+01  4.0545477570715285e+01  4.0536074779275111e+01  4.0527528620431625e+01  4.0519928792814923e+01  4.0513355580706161e+01  4.0507878812613129e+01  4.0503556942677392e+01  4.0500436272815747e+01  4.0498550330954885e+01  4.0497919417759071e+01  4.0506848852528918e+01  4.0507433553078407e+01  4.0509181423607252e+01  4.0512073853316906e+01  4.0516080097793406e+01  4.0521157683765423e+01  4.0527252964685253e+01  4.0534301816409624e+01  4.0542230459692348e+01  4.0550956393992330e+01  4.0560389425305544e+01  4.0570432769396398e+01  4.0580984210963912e+01  4.0591937298951329e+01  4.0603182558393478e+01  4.0614608699881849e+01  4.0626103808880231e+01  4.0637556498697279e+01  4.0648857012851600e+01  4.0659898264779230e+01  4.0670576805241502e+01  4.0680793710305672e+01  4.0690455385290186e+01  4.0699474282499359e+01  4.0707769532823008e+01  4.0715267493265351e+01  4.0721902214120732e+01  4.0727615830775903e+01  4.0732358885955719e+01  4.0736090588618211e+01  4.0738779015654984e+01  4.0740401262084973e+01  4.0740943544589186e+01  4.0740401262084980e+01  4.0738779015654970e+01  4.0736090588618119e+01  4.0732358885955620e+01  4.0727615830775775e+01  4.0721902214120568e+01  4.0715267493265173e+01  4.0707769532822802e+01  4.0699474282499182e+01  4.0690455385290015e+01  4.0680793710305458e+01  4.0670576805241296e+01  4.0659898264779009e+01  4.0648857012851366e+01  4.0637556498697002e+01  4.0626103808879961e+01  4.0614608699881551e+01  4.0603182558393215e+01  4.0591937298951009e+01  4.0580984210963543e+01  4.0570432769396000e+01  4.0560389425305111e+01  4.0550956393991846e+01  4.0542230459691829e+01  4.0534301816409098e+01  4.0527252964684713e+01  4.0521157683764869e+01  4.0516080097792837e+01  4.0512073853316316e+01  4.0509181423606663e+01  4.0507433553077831e+01  4.0506848852528343e+01  4.0514608886199213e+01  4.0515153605221997e+01  4.0516782015217387e+01  4.0519476949188991e+01  4.0523210041477597e+01  4.0527942091876305e+01  4.0533623565750524e+01  4.0540195220828736e+01  4.0547588849091781e+01  4.0555728120255608e+01  4.0564529511764555e+01  4.0573903309028964e+01  4.0583754658879407e+01  4.0593984658885319e+01  4.0604491465299333e+01  4.0615171402925995e+01  4.0625920061149998e+01  4.0636633361651064e+01  4.0647208584930311e+01  4.0657545344611165e+01  4.0667546500485948e+01  4.0677119003379687e+01  4.0686174667014747e+01  4.0694630864105861e+01  4.0702411145816299e+01  4.0709445785397676e+01  4.0715672248255714e+01  4.0721035591789636e+01  4.0725488799111346e+01  4.0728993051148542e+01  4.0731517941676017e+01  4.0733041639521687e+01  4.0733551001593270e+01  4.0733041639521673e+01  4.0731517941675975e+01  4.0728993051148436e+01  4.0725488799111233e+01  4.0721035591789487e+01  4.0715672248255544e+01  4.0709445785397484e+01  4.0702411145816100e+01  4.0694630864105662e+01  4.0686174667014548e+01  4.0677119003379453e+01  4.0667546500485720e+01  4.0657545344610931e+01  4.0647208584930070e+01  4.0636633361650809e+01  4.0625920061149728e+01  4.0615171402925696e+01  4.0604491465299020e+01  4.0593984658884985e+01  4.0583754658879023e+01  4.0573903309028552e+01  4.0564529511764114e+01  4.0555728120255139e+01  4.0547588849091284e+01  4.0540195220828210e+01  4.0533623565749977e+01  4.0527942091875751e+01  4.0523210041477029e+01  4.0519476949188409e+01  4.0516782015216812e+01  4.0515153605221428e+01  4.0514608886198644e+01  4.0521279481823932e+01  4.0521789966392994e+01  4.0523316082851323e+01  4.0525841886744075e+01  4.0529341027051700e+01  4.0533777076511690e+01  4.0539103985611796e+01  4.0545266652063006e+01  4.0552201595590446e+01  4.0559837726173775e+01  4.0568097192468095e+01  4.0576896296075503e+01  4.0586146456639419e+01  4.0595755212411241e+01  4.0605627240992526e+01  4.0615665385372807e+01  4.0625771671142708e+01  4.0635848301826684e+01  4.0645798620607430e+01  4.0655528028249158e+01  4.0664944848711450e+01  4.0673961135712332e+01  4.0682493415283268e+01  4.0690463361093030e+01  4.0697798400938666e+01  4.0704432254253319e+01  4.0710305401714805e+01  4.0715365489015603e+01  4.0719567667551502e+01  4.0722874875188523e+01  4.0725258060378870e+01  4.0726696352732496e+01  4.0727177182740547e+01  4.0726696352732468e+01  4.0725258060378820e+01  4.0722874875188431e+01  4.0719567667551367e+01  4.0715365489015433e+01  4.0710305401714628e+01  4.0704432254253128e+01  4.0697798400938460e+01  4.0690463361092824e+01  4.0682493415283041e+01  4.0673961135712098e+01  4.0664944848711215e+01  4.0655528028248938e+01  4.0645798620607188e+01  4.0635848301826421e+01  4.0625771671142431e+01  4.0615665385372516e+01  4.0605627240992199e+01  4.0595755212410886e+01  4.0586146456639028e+01  4.0576896296075098e+01  4.0568097192467647e+01  4.0559837726173306e+01  4.0552201595589956e+01  4.0545266652062494e+01  4.0539103985611263e+01  4.0533777076511143e+01  4.0529341027051125e+01  4.0525841886743486e+01  4.0523316082850755e+01  4.0521789966392440e+01  4.0521279481823385e+01  4.0526929108310568e+01  4.0527410695674746e+01  4.0528850463050851e+01  4.0531233487884265e+01  4.0534535103473445e+01  4.0538721201506966e+01  4.0543748648121976e+01  4.0549565806221068e+01  4.0556113155033245e+01  4.0563323996380959e+01  4.0571125235858553e+01  4.0579438226165564e+01  4.0588179659191510e+01  4.0597262493127708e+01  4.0606596900886736e+01  4.0616091226430029e+01  4.0625652936221343e+01  4.0635189553905562e+01  4.0644609567423572e+01  4.0653823299066588e+01  4.0662743730398383e+01  4.0671287275474917e+01  4.0679374497312942e+01  4.0686930764044362e+01  4.0693886842592015e+01  4.0700179428962151e+01  4.0705751615334627e+01  4.0710553295006484e+01  4.0714541506890527e+01  4.0717680721675173e+01  4.0719943071918486e+01  4.0721308528288858e+01  4.0721765023903970e+01  4.0721308528288844e+01  4.0719943071918429e+01  4.0717680721675080e+01  4.0714541506890392e+01  4.0710553295006321e+01  4.0705751615334442e+01  4.0700179428961938e+01  4.0693886842591795e+01  4.0686930764044135e+01  4.0679374497312700e+01  4.0671287275474690e+01  4.0662743730398134e+01  4.0653823299066346e+01  4.0644609567423309e+01  4.0635189553905278e+01  4.0625652936221044e+01  4.0616091226429717e+01  4.0606596900886395e+01  4.0597262493127339e+01  4.0588179659191105e+01  4.0579438226165138e+01  4.0571125235858091e+01  4.0563323996380468e+01  4.0556113155032747e+01  4.0549565806220556e+01  4.0543748648121444e+01  4.0538721201506419e+01  4.0534535103472869e+01  4.0531233487883696e+01  4.0528850463050290e+01  4.0527410695674199e+01  4.0526929108310014e+01  4.0531615560068843e+01  4.0532073244944577e+01  4.0533441585793064e+01  4.0535706498268723e+01  4.0538844697450827e+01  4.0542823977920783e+01  4.0547603599148069e+01  4.0553134769666038e+01  4.0559361221940506e+01  4.0566219868458248e+01  4.0573641528419586e+01  4.0581551713536719e+01  4.0589871460833351e+01  4.0598518200021374e+01  4.0607406642996672e+01  4.0616449683239232e+01  4.0625559293407065e+01  4.0634647410150656e+01  4.0643626796114717e+01  4.0652411870195259e+01  4.0660919498340562e+01  4.0669069738476111e+01  4.0676786534449207e+01  4.0683998355179476e+01  4.0690638776422887e+01  4.0696647003668652e+01  4.0701968335655060e+01  4.0706554568785194e+01  4.0710364343328941e+01  4.0713363432703190e+01  4.0715524977331029e+01  4.0716829664600503e+01  4.0717265856297630e+01  4.0716829664600489e+01  4.0715524977330972e+01  4.0713363432703098e+01  4.0710364343328798e+01  4.0706554568785009e+01  4.0701968335654861e+01  4.0696647003668424e+01  4.0690638776422638e+01  4.0683998355179220e+01  4.0676786534448937e+01  4.0669069738475827e+01  4.0660919498340299e+01  4.0652411870195003e+01  4.0643626796114432e+01  4.0634647410150357e+01  4.0625559293406752e+01  4.0616449683238926e+01  4.0607406642996331e+01  4.0598518200020983e+01  4.0589871460832924e+01  4.0581551713536257e+01  4.0573641528419103e+01  4.0566219868457750e+01  4.0559361221940001e+01  4.0553134769665533e+01  4.0547603599147543e+01  4.0542823977920236e+01  4.0538844697450266e+01  4.0535706498268169e+01  4.0533441585792502e+01  4.0532073244944030e+01  4.0531615560068296e+01  4.0535386642075665e+01  4.0535825138241663e+01  4.0537136136908089e+01  4.0539306221946745e+01  4.0542313210140350e+01  4.0546126413577227e+01  4.0550707000883520e+01  4.0556008451354543e+01  4.0561977094604501e+01  4.0568552727091920e+01  4.0575669295824831e+01  4.0583255638728396e+01  4.0591236270583792e+01  4.0599532203127787e+01  4.0608061787839347e+01  4.0616741570123196e+01  4.0625487144017043e+01  4.0634213997175273e+01  4.0642838336689366e+01  4.0651277887259212e+01  4.0659452654292537e+01  4.0667285645639708e+01  4.0674703546828290e+01  4.0681637345801455e+01  4.0688022904251397e+01  4.0693801473634529e+01  4.0698920154831754e+01  4.0703332301150333e+01  4.0706997864936881e+01  4.0709883688477674e+01  4.0711963740101929e+01  4.0713219296484532e+01  4.0713639072085556e+01  4.0713219296484510e+01  4.0711963740101865e+01  4.0709883688477589e+01  4.0706997864936746e+01  4.0703332301150155e+01  4.0698920154831541e+01  4.0693801473634288e+01  4.0688022904251149e+01  4.0681637345801192e+01  4.0674703546828013e+01  4.0667285645639431e+01  4.0659452654292252e+01  4.0651277887258921e+01  4.0642838336689067e+01  4.0634213997174967e+01  4.0625487144016731e+01  4.0616741570122883e+01  4.0608061787838999e+01  4.0599532203127396e+01  4.0591236270583366e+01  4.0583255638727955e+01  4.0575669295824369e+01  4.0568552727091443e+01  4.0561977094603996e+01  4.0556008451354018e+01  4.0550707000882987e+01  4.0546126413576694e+01  4.0542313210139802e+01  4.0539306221946198e+01  4.0537136136907542e+01  4.0535825138241123e+01  4.0535386642075125e+01  4.0538280731750497e+01  4.0538704529038313e+01  4.0539971601650876e+01  4.0542069042469834e+01  4.0544975507586599e+01  4.0548661465364248e+01  4.0553089539454248e+01  4.0558214940264101e+01  4.0563985978031013e+01  4.0570344649480127e+01  4.0577227289059422e+01  4.0584565274968256e+01  4.0592285779645614e+01  4.0600312554066619e+01  4.0608566735109733e+01  4.0616967665397176e+01  4.0625433715362632e+01  4.0633883097844027e+01  4.0642234666208239e+01  4.0650408687859723e+01  4.0658327585930650e+01  4.0665916642961925e+01  4.0673104661422791e+01  4.0679824576946658e+01  4.0686014021146747e+01  4.0691615831786294e+01  4.0696578508887086e+01  4.0700856616047517e+01  4.0704411126790568e+01  4.0707209716168755e+01  4.0709226998114474e+01  4.0710444709150167e+01  4.0710851839075538e+01  4.0710444709150146e+01  4.0709226998114403e+01  4.0707209716168641e+01  4.0704411126790426e+01  4.0700856616047332e+01  4.0696578508886837e+01  4.0691615831786038e+01  4.0686014021146470e+01  4.0679824576946373e+01  4.0673104661422492e+01  4.0665916642961641e+01  4.0658327585930365e+01  4.0650408687859446e+01  4.0642234666207962e+01  4.0633883097843714e+01  4.0625433715362320e+01  4.0616967665396857e+01  4.0608566735109378e+01  4.0600312554066228e+01  4.0592285779645202e+01  4.0584565274967837e+01  4.0577227289058968e+01  4.0570344649479651e+01  4.0563985978030516e+01  4.0558214940263568e+01  4.0553089539453708e+01  4.0548661465363708e+01  4.0544975507586052e+01  4.0542069042469286e+01  4.0539971601650336e+01  4.0538704529037780e+01  4.0538280731749964e+01  4.0540327226849691e+01  4.0540740644510251e+01  4.0541976698187263e+01  4.0544022838695092e+01  4.0546858312371953e+01  4.0550454400838902e+01  4.0554774751305125e+01  4.0559775792216620e+01  4.0565407227775367e+01  4.0571612603738146e+01  4.0578329935964518e+01  4.0585492392439612e+01  4.0593029018963819e+01  4.0600865498383357e+01  4.0608924933135825e+01  4.0617128640993172e+01  4.0625396954192325e+01  4.0633650012629950e+01  4.0641808542439875e+01  4.0649794612040822e+01  4.0657532358608442e+01  4.0664948678854557e+01  4.0671973878954297e+01  4.0678542279415637e+01  4.0684592771602659e+01  4.0690069323476806e+01  4.0694921432882808e+01  4.0699104527362088e+01  4.0702580310009154e+01  4.0705317051292290e+01  4.0707289827037023e+01  4.0708480702926146e+01  4.0708878865916319e+01  4.0708480702926124e+01  4.0707289827036959e+01  4.0705317051292191e+01  4.0702580310009012e+01  4.0699104527361911e+01  4.0694921432882587e+01  4.0690069323476550e+01  4.0684592771602382e+01  4.0678542279415325e+01  4.0671973878953992e+01  4.0664948678854266e+01  4.0657532358608151e+01  4.0649794612040523e+01  4.0641808542439570e+01  4.0633650012629616e+01  4.0625396954191991e+01  4.0617128640992846e+01  4.0608924933135469e+01  4.0600865498382973e+01  4.0593029018963414e+01  4.0585492392439200e+01  4.0578329935964064e+01  4.0571612603737677e+01  4.0565407227774870e+01  4.0559775792216101e+01  4.0554774751304599e+01  4.0550454400838369e+01  4.0546858312371420e+01  4.0544022838694566e+01  4.0541976698186730e+01  4.0540740644509725e+01  4.0540327226849172e+01  4.0541546886627778e+01  4.0541954123965745e+01  4.0543171707892839e+01  4.0545187301751341e+01  4.0547980502367210e+01  4.0551523074314289e+01  4.0555779272710723e+01  4.0560706249521886e+01  4.0566254537115675e+01  4.0572368601732578e+01  4.0578987458620873e+01  4.0586045339861926e+01  4.0593472405386692e+01  4.0601195487367143e+01  4.0609138858057051e+01  4.0617225011247406e+01  4.0625375447783526e+01  4.0633511456043571e+01  4.0641554878880498e+01  4.0649428859255231e+01  4.0657058557607741e+01  4.0664371834893558e+01  4.0671299896124189e+01  4.0677777890158850e+01  4.0683745462371448e+01  4.0689147257635483e+01  4.0693933371805251e+01  4.0698059750508875e+01  4.0701488534591661e+01  4.0704188351954244e+01  4.0706134555815190e+01  4.0707309409601073e+01  4.0707702218737474e+01  4.0707309409601059e+01  4.0706134555815133e+01  4.0704188351954144e+01  4.0701488534591526e+01  4.0698059750508705e+01  4.0693933371805052e+01  4.0689147257635241e+01  4.0683745462371192e+01  4.0677777890158559e+01  4.0671299896123891e+01  4.0664371834893252e+01  4.0657058557607442e+01  4.0649428859254925e+01  4.0641554878880179e+01  4.0633511456043230e+01  4.0625375447783192e+01  4.0617225011247051e+01  4.0609138858056696e+01  4.0601195487366759e+01  4.0593472405386272e+01  4.0586045339861499e+01  4.0578987458620418e+01  4.0572368601732101e+01  4.0566254537115164e+01  4.0560706249521381e+01  4.0555779272710211e+01  4.0551523074313764e+01  4.0547980502366677e+01  4.0545187301750815e+01  4.0543171707892306e+01  4.0541954123965212e+01  4.0541546886627252e+01  4.0541952071729938e+01  4.0542357256832105e+01  4.0543568707667006e+01  4.0545574158050236e+01  4.0548353321031250e+01  4.0551878121340344e+01  4.0556113015701584e+01  4.0561015396044553e+01  4.0566536069432885e+01  4.0572619807455631e+01  4.0579205956924483e+01  4.0586229103000548e+01  4.0593619775353858e+01  4.0601305187641501e+01  4.0609210000477866e+01  4.0617257098155868e+01  4.0625368369650808e+01  4.0633465484880318e+01  4.0641470657783302e+01  4.0649307388491884e+01  4.0656901177673774e+01  4.0664180206987744e+01  4.0671075980490073e+01  4.0677523922724156e+01  4.0683463930088870e+01  4.0688840872888434e+01  4.0693605046193866e+01  4.0697712568276508e+01  4.0701125725894421e+01  4.0703813266117848e+01  4.0705750634668433e+01  4.0706920160925520e+01  4.0707311189831493e+01  4.0706920160925506e+01  4.0705750634668377e+01  4.0703813266117741e+01  4.0701125725894286e+01  4.0697712568276344e+01  4.0693605046193653e+01  4.0688840872888179e+01  4.0683463930088600e+01  4.0677523922723843e+01  4.0671075980489761e+01  4.0664180206987432e+01  4.0656901177673475e+01  4.0649307388491586e+01  4.0641470657782975e+01  4.0633465484879977e+01  4.0625368369650474e+01  4.0617257098155527e+01  4.0609210000477511e+01  4.0601305187641117e+01  4.0593619775353446e+01  4.0586229103000115e+01  4.0579205956924028e+01  4.0572619807455148e+01  4.0566536069432388e+01  4.0561015396044056e+01  4.0556113015701079e+01  4.0551878121339833e+01  4.0548353321030724e+01  4.0545574158049710e+01  4.0543568707666481e+01  4.0542357256831579e+01  4.0541952071729412e+01  </DataArray> 
</PointData> 
</Piece>
</UnstructuredGrid>
</VTKFile>